table_schema,table_name,column_name,description
dev_hotel_sales,nihrm__Location__c,A_V_Tax__c,
dev_hotel_sales,nihrm__Booking__c,Abbreviation__c,
dev_hotel_sales,nihrm__VolumeContract__c,Agency_IATA__c,
dev_hotel_sales,nihrm__Booking__c,Agency_IATA__c,
dev_hotel_sales,nihrm__Inquiry__c,Agency_IATA__c,
dev_hotel_sales,nihrm__Inquiry__c,Agency__c,
dev_hotel_sales,nihrm__Inquiry__c,Agent__c,
dev_hotel_sales,nihrm__Location__c,Ancillary_Property_Clauses_Rooms_Only__c,
dev_hotel_sales,nihrm__Location__c,Ancillary_Property_Clauses_Space_Only__c,
dev_hotel_sales,nihrm__Location__c,Beverage_Tax__c,
dev_hotel_sales,nihrm__Booking__c,Billing_Contact__c,
dev_hotel_sales,nihrm__Booking__c,Campaign_Discount__c,
dev_hotel_sales,nihrm__Booking__c,Campaign_Perks__c,
dev_hotel_sales,nihrm__Booking__c,Campaign_Savings__c,
dev_hotel_sales,nihrm__Booking__c,Campaign__c,
dev_hotel_sales,nihrm__Inquiry__c,CommissionPercentage__c,
dev_hotel_sales,nihrm__VolumeContract__c,Commission__c,
dev_hotel_sales,nihrm__VolumeContract__c,Commissionable__c,
dev_hotel_sales,nihrm__Inquiry__c,Commissionable__c,
dev_hotel_sales,nihrm__ReservationOtherIncomeDay__History,CreatedById,
dev_hotel_sales,nihrm__VolumeContractGuestroomType__c,CreatedById,
dev_hotel_sales,nihrm__ChannelPackage__c,CreatedById,
dev_hotel_sales,nihrm__BookingTax__c,CreatedById,
dev_hotel_sales,nihrm__PackageItem__c,CreatedById,
dev_hotel_sales,nihrm__FunctionRoomAlternatePrice__c,CreatedById,
dev_hotel_sales,nihrm__BookingOtherIncome__c,CreatedById,
dev_hotel_sales,nihrm__ChannelLocationItem__c,CreatedById,
dev_hotel_sales,nihrm__RevenueClassification__c,CreatedById,
dev_hotel_sales,nihrm__Package__c,CreatedById,
dev_hotel_sales,nihrm__VolumeContractPeriod__c,CreatedById,
dev_hotel_sales,nihrm__GuestroomType__c,CreatedById,
dev_hotel_sales,nihrm__FunctionRoomGroup__c,CreatedById,
dev_hotel_sales,nihrm__FunctionRoomGroupComponent__c,CreatedById,
dev_hotel_sales,nihrm__EventClassification__c,CreatedById,
dev_hotel_sales,nihrm__VolumeContract__c,CreatedById,
dev_hotel_sales,nihrm__PmsRoomNight__c,CreatedById,
dev_hotel_sales,nihrm__ReservationNight__c,CreatedById,
dev_hotel_sales,nihrm__Channel__c,CreatedById,
dev_hotel_sales,nihrm__Booking__c,CreatedById,
dev_hotel_sales,sertifisem__DataMapItem__c,CreatedById,
dev_hotel_sales,nihrm__BookingContact__c,CreatedById,
dev_hotel_sales,nihrm__OtherIncome__c,CreatedById,
dev_hotel_sales,nihrm__Reservation__c,CreatedById,
dev_hotel_sales,nihrm__Transaction__c,CreatedById,
dev_hotel_sales,nihrm__PicklistMapping__c,CreatedById,
dev_hotel_sales,nihrm__EventItemAlternatePrice__c,CreatedById,
dev_hotel_sales,nihrm__VolumeContractPickup__c,CreatedById,
dev_hotel_sales,nihrm__PackageEvent__c,CreatedById,
dev_hotel_sales,nihrm__EventItem__c,CreatedById,
dev_hotel_sales,nihrm__ChannelLocation__c,CreatedById,
dev_hotel_sales,nihrm__SiteRateCode__c,CreatedById,
dev_hotel_sales,nihrm__EventPackageItem__c,CreatedById,
dev_hotel_sales,nihrm__RoomBlockRevenue__c,CreatedById,
dev_hotel_sales,nihrm__Site__c,CreatedById,
dev_hotel_sales,nihrm__Location__c,CreatedById,
dev_hotel_sales,nihrm__CustomMapping__c,CreatedById,
dev_hotel_sales,sertifisem__DataMap__c,CreatedById,
dev_hotel_sales,nihrm__RateCode__c,CreatedById,
dev_hotel_sales,nihrm__SalesGoal__c,CreatedById,
dev_hotel_sales,nihrm__VolumeContractContact__c,CreatedById,
dev_hotel_sales,nihrm__Item__c,CreatedById,
dev_hotel_sales,nihrm__EventPackageRevenueBreakdown__c,CreatedById,
dev_hotel_sales,nihrm__RevenueClassificationJunction__c,CreatedById,
dev_hotel_sales,nihrm__RoomblockPackage__c,CreatedById,
dev_hotel_sales,nihrm__EventItemRevenueBreakdown__c,CreatedById,
dev_hotel_sales,nihrm__Inquiry__c,CreatedById,
dev_hotel_sales,nihrm__BookingPostedRevenue__c,CreatedById,
dev_hotel_sales,nihrm__ReservationOtherIncomeDay__c,CreatedById,
dev_hotel_sales,nihrm__BookingRoomNight__c,CreatedById,
dev_hotel_sales,nihrm__BookingInquiry__c,CreatedById,
dev_hotel_sales,nihrm__EventFunctionroomDate__c,CreatedById,
dev_hotel_sales,nihrm__BookingPackage__c,CreatedById,
dev_hotel_sales,nihrm__SetupValue__c,CreatedById,
dev_hotel_sales,nihrm__EIRevBreakdownAlternatePrice__c,CreatedById,
dev_hotel_sales,nihrm__BookingRoomBlock__c,CreatedById,
dev_hotel_sales,nihrm__EventClassificationItem__c,CreatedById,
dev_hotel_sales,nihrm__SiteFunctionRoomSetup__c,CreatedById,
dev_hotel_sales,nihrm__PmsRoomBlock__c,CreatedById,
dev_hotel_sales,nihrm__ReservationOtherIncomeDay__History,CreatedDate,
dev_hotel_sales,nihrm__VolumeContractGuestroomType__c,CreatedDate,
dev_hotel_sales,nihrm__ChannelPackage__c,CreatedDate,
dev_hotel_sales,nihrm__BookingTax__c,CreatedDate,
dev_hotel_sales,nihrm__PackageItem__c,CreatedDate,
dev_hotel_sales,nihrm__FunctionRoomAlternatePrice__c,CreatedDate,
dev_hotel_sales,nihrm__BookingOtherIncome__c,CreatedDate,
dev_hotel_sales,nihrm__ChannelLocationItem__c,CreatedDate,
dev_hotel_sales,nihrm__RevenueClassification__c,CreatedDate,
dev_hotel_sales,nihrm__Package__c,CreatedDate,
dev_hotel_sales,nihrm__VolumeContractPeriod__c,CreatedDate,
dev_hotel_sales,nihrm__GuestroomType__c,CreatedDate,
dev_hotel_sales,nihrm__FunctionRoomGroup__c,CreatedDate,
dev_hotel_sales,nihrm__FunctionRoomGroupComponent__c,CreatedDate,
dev_hotel_sales,nihrm__EventClassification__c,CreatedDate,
dev_hotel_sales,nihrm__VolumeContract__c,CreatedDate,
dev_hotel_sales,nihrm__PmsRoomNight__c,CreatedDate,
dev_hotel_sales,nihrm__ReservationNight__c,CreatedDate,
dev_hotel_sales,nihrm__Channel__c,CreatedDate,
dev_hotel_sales,nihrm__Booking__c,CreatedDate,
dev_hotel_sales,sertifisem__DataMapItem__c,CreatedDate,
dev_hotel_sales,nihrm__BookingContact__c,CreatedDate,
dev_hotel_sales,nihrm__OtherIncome__c,CreatedDate,
dev_hotel_sales,nihrm__Reservation__c,CreatedDate,
dev_hotel_sales,nihrm__Transaction__c,CreatedDate,
dev_hotel_sales,nihrm__PicklistMapping__c,CreatedDate,
dev_hotel_sales,nihrm__EventItemAlternatePrice__c,CreatedDate,
dev_hotel_sales,nihrm__VolumeContractPickup__c,CreatedDate,
dev_hotel_sales,nihrm__PackageEvent__c,CreatedDate,
dev_hotel_sales,nihrm__EventItem__c,CreatedDate,
dev_hotel_sales,nihrm__ChannelLocation__c,CreatedDate,
dev_hotel_sales,nihrm__SiteRateCode__c,CreatedDate,
dev_hotel_sales,nihrm__EventPackageItem__c,CreatedDate,
dev_hotel_sales,nihrm__RoomBlockRevenue__c,CreatedDate,
dev_hotel_sales,nihrm__Site__c,CreatedDate,
dev_hotel_sales,nihrm__Location__c,CreatedDate,
dev_hotel_sales,nihrm__CustomMapping__c,CreatedDate,
dev_hotel_sales,sertifisem__DataMap__c,CreatedDate,
dev_hotel_sales,nihrm__RateCode__c,CreatedDate,
dev_hotel_sales,nihrm__SalesGoal__c,CreatedDate,
dev_hotel_sales,nihrm__VolumeContractContact__c,CreatedDate,
dev_hotel_sales,nihrm__Item__c,CreatedDate,
dev_hotel_sales,nihrm__EventPackageRevenueBreakdown__c,CreatedDate,
dev_hotel_sales,nihrm__RevenueClassificationJunction__c,CreatedDate,
dev_hotel_sales,nihrm__RoomblockPackage__c,CreatedDate,
dev_hotel_sales,nihrm__EventItemRevenueBreakdown__c,CreatedDate,
dev_hotel_sales,nihrm__Inquiry__c,CreatedDate,
dev_hotel_sales,nihrm__BookingPostedRevenue__c,CreatedDate,
dev_hotel_sales,nihrm__ReservationOtherIncomeDay__c,CreatedDate,
dev_hotel_sales,nihrm__BookingRoomNight__c,CreatedDate,
dev_hotel_sales,nihrm__BookingInquiry__c,CreatedDate,
dev_hotel_sales,nihrm__EventFunctionroomDate__c,CreatedDate,
dev_hotel_sales,nihrm__BookingPackage__c,CreatedDate,
dev_hotel_sales,nihrm__SetupValue__c,CreatedDate,
dev_hotel_sales,nihrm__EIRevBreakdownAlternatePrice__c,CreatedDate,
dev_hotel_sales,nihrm__BookingRoomBlock__c,CreatedDate,
dev_hotel_sales,nihrm__EventClassificationItem__c,CreatedDate,
dev_hotel_sales,nihrm__SiteFunctionRoomSetup__c,CreatedDate,
dev_hotel_sales,nihrm__PmsRoomBlock__c,CreatedDate,
dev_hotel_sales,nihrm__VolumeContractGuestroomType__c,CurrencyIsoCode,
dev_hotel_sales,nihrm__ChannelPackage__c,CurrencyIsoCode,
dev_hotel_sales,nihrm__BookingTax__c,CurrencyIsoCode,
dev_hotel_sales,nihrm__PackageItem__c,CurrencyIsoCode,
dev_hotel_sales,nihrm__FunctionRoomAlternatePrice__c,CurrencyIsoCode,
dev_hotel_sales,nihrm__BookingOtherIncome__c,CurrencyIsoCode,
dev_hotel_sales,nihrm__ChannelLocationItem__c,CurrencyIsoCode,
dev_hotel_sales,nihrm__RevenueClassification__c,CurrencyIsoCode,
dev_hotel_sales,nihrm__Package__c,CurrencyIsoCode,
dev_hotel_sales,nihrm__VolumeContractPeriod__c,CurrencyIsoCode,
dev_hotel_sales,nihrm__GuestroomType__c,CurrencyIsoCode,
dev_hotel_sales,nihrm__FunctionRoomGroup__c,CurrencyIsoCode,
dev_hotel_sales,nihrm__FunctionRoomGroupComponent__c,CurrencyIsoCode,
dev_hotel_sales,nihrm__EventClassification__c,CurrencyIsoCode,
dev_hotel_sales,nihrm__VolumeContract__c,CurrencyIsoCode,
dev_hotel_sales,nihrm__PmsRoomNight__c,CurrencyIsoCode,
dev_hotel_sales,nihrm__ReservationNight__c,CurrencyIsoCode,
dev_hotel_sales,nihrm__Channel__c,CurrencyIsoCode,
dev_hotel_sales,nihrm__Booking__c,CurrencyIsoCode,
dev_hotel_sales,sertifisem__DataMapItem__c,CurrencyIsoCode,
dev_hotel_sales,nihrm__BookingContact__c,CurrencyIsoCode,
dev_hotel_sales,nihrm__OtherIncome__c,CurrencyIsoCode,
dev_hotel_sales,nihrm__Reservation__c,CurrencyIsoCode,
dev_hotel_sales,nihrm__Transaction__c,CurrencyIsoCode,
dev_hotel_sales,nihrm__PicklistMapping__c,CurrencyIsoCode,
dev_hotel_sales,nihrm__EventItemAlternatePrice__c,CurrencyIsoCode,
dev_hotel_sales,nihrm__VolumeContractPickup__c,CurrencyIsoCode,
dev_hotel_sales,nihrm__PackageEvent__c,CurrencyIsoCode,
dev_hotel_sales,nihrm__EventItem__c,CurrencyIsoCode,
dev_hotel_sales,nihrm__ChannelLocation__c,CurrencyIsoCode,
dev_hotel_sales,nihrm__SiteRateCode__c,CurrencyIsoCode,
dev_hotel_sales,nihrm__EventPackageItem__c,CurrencyIsoCode,
dev_hotel_sales,nihrm__RoomBlockRevenue__c,CurrencyIsoCode,
dev_hotel_sales,nihrm__Site__c,CurrencyIsoCode,
dev_hotel_sales,nihrm__Location__c,CurrencyIsoCode,
dev_hotel_sales,nihrm__CustomMapping__c,CurrencyIsoCode,
dev_hotel_sales,sertifisem__DataMap__c,CurrencyIsoCode,
dev_hotel_sales,nihrm__RateCode__c,CurrencyIsoCode,
dev_hotel_sales,nihrm__SalesGoal__c,CurrencyIsoCode,
dev_hotel_sales,nihrm__VolumeContractContact__c,CurrencyIsoCode,
dev_hotel_sales,nihrm__Item__c,CurrencyIsoCode,
dev_hotel_sales,nihrm__EventPackageRevenueBreakdown__c,CurrencyIsoCode,
dev_hotel_sales,nihrm__RevenueClassificationJunction__c,CurrencyIsoCode,
dev_hotel_sales,nihrm__RoomblockPackage__c,CurrencyIsoCode,
dev_hotel_sales,nihrm__EventItemRevenueBreakdown__c,CurrencyIsoCode,
dev_hotel_sales,nihrm__Inquiry__c,CurrencyIsoCode,
dev_hotel_sales,nihrm__BookingPostedRevenue__c,CurrencyIsoCode,
dev_hotel_sales,nihrm__ReservationOtherIncomeDay__c,CurrencyIsoCode,
dev_hotel_sales,nihrm__BookingRoomNight__c,CurrencyIsoCode,
dev_hotel_sales,nihrm__BookingInquiry__c,CurrencyIsoCode,
dev_hotel_sales,nihrm__EventFunctionroomDate__c,CurrencyIsoCode,
dev_hotel_sales,nihrm__BookingPackage__c,CurrencyIsoCode,
dev_hotel_sales,nihrm__SetupValue__c,CurrencyIsoCode,
dev_hotel_sales,nihrm__EIRevBreakdownAlternatePrice__c,CurrencyIsoCode,
dev_hotel_sales,nihrm__BookingRoomBlock__c,CurrencyIsoCode,
dev_hotel_sales,nihrm__EventClassificationItem__c,CurrencyIsoCode,
dev_hotel_sales,nihrm__SiteFunctionRoomSetup__c,CurrencyIsoCode,
dev_hotel_sales,nihrm__PmsRoomBlock__c,CurrencyIsoCode,
dev_hotel_sales,nihrm__ReservationOtherIncomeDay__History,DataType,
dev_hotel_sales,nihrm__Booking__c,Date_Flexibility__c,
dev_hotel_sales,nihrm__Inquiry__c,Date_Flexibility__c,
dev_hotel_sales,nihrm__Booking__c,Do_Not_Call__c,
dev_hotel_sales,nihrm__Booking__c,Engineering__c,
dev_hotel_sales,nihrm__Inquiry__c,Estimated_Inquiry_Revenue__c,
dev_hotel_sales,nihrm__Booking__c,F_B_Min__c,
dev_hotel_sales,nihrm__ReservationOtherIncomeDay__History,Field,
dev_hotel_sales,nihrm__Booking__c,Food_Beverage_Outlets__c,
dev_hotel_sales,nihrm__Location__c,Food_Tax__c,
dev_hotel_sales,nihrm__Location__c,Function_Space_Informatin__c,
dev_hotel_sales,nihrm__VolumeContract__c,GDS__c,
dev_hotel_sales,nihrm__Location__c,Gift_Bags__c,
dev_hotel_sales,nihrm__Location__c,Gratuity__c,
dev_hotel_sales,nihrm__Booking__c,HMS_External_Reference_ID__c,
dev_hotel_sales,nihrm__VolumeContractPeriod__c,High_Season_Contracted_Rate__c,
dev_hotel_sales,nihrm__VolumeContract__c,High_Season_Contracted_Rate__c,
dev_hotel_sales,nihrm__VolumeContract__c,High_Season_Rate_Deluxe_Room__c,
dev_hotel_sales,nihrm__ReservationOtherIncomeDay__History,Id,
dev_hotel_sales,nihrm__VolumeContractGuestroomType__c,Id,
dev_hotel_sales,nihrm__ChannelPackage__c,Id,
dev_hotel_sales,nihrm__BookingTax__c,Id,
dev_hotel_sales,nihrm__PackageItem__c,Id,
dev_hotel_sales,nihrm__FunctionRoomAlternatePrice__c,Id,
dev_hotel_sales,nihrm__BookingOtherIncome__c,Id,
dev_hotel_sales,nihrm__ChannelLocationItem__c,Id,
dev_hotel_sales,nihrm__RevenueClassification__c,Id,
dev_hotel_sales,nihrm__Package__c,Id,
dev_hotel_sales,nihrm__VolumeContractPeriod__c,Id,
dev_hotel_sales,nihrm__GuestroomType__c,Id,
dev_hotel_sales,nihrm__FunctionRoomGroup__c,Id,
dev_hotel_sales,nihrm__FunctionRoomGroupComponent__c,Id,
dev_hotel_sales,nihrm__EventClassification__c,Id,
dev_hotel_sales,nihrm__VolumeContract__c,Id,
dev_hotel_sales,nihrm__PmsRoomNight__c,Id,
dev_hotel_sales,nihrm__ReservationNight__c,Id,
dev_hotel_sales,nihrm__Channel__c,Id,
dev_hotel_sales,nihrm__Booking__c,Id,
dev_hotel_sales,sertifisem__DataMapItem__c,Id,
dev_hotel_sales,nihrm__BookingContact__c,Id,
dev_hotel_sales,nihrm__OtherIncome__c,Id,
dev_hotel_sales,nihrm__Reservation__c,Id,
dev_hotel_sales,nihrm__Transaction__c,Id,
dev_hotel_sales,nihrm__PicklistMapping__c,Id,
dev_hotel_sales,nihrm__EventItemAlternatePrice__c,Id,
dev_hotel_sales,nihrm__VolumeContractPickup__c,Id,
dev_hotel_sales,nihrm__PackageEvent__c,Id,
dev_hotel_sales,nihrm__EventItem__c,Id,
dev_hotel_sales,nihrm__ChannelLocation__c,Id,
dev_hotel_sales,nihrm__SiteRateCode__c,Id,
dev_hotel_sales,nihrm__EventPackageItem__c,Id,
dev_hotel_sales,nihrm__RoomBlockRevenue__c,Id,
dev_hotel_sales,nihrm__Site__c,Id,
dev_hotel_sales,nihrm__Location__c,Id,
dev_hotel_sales,nihrm__CustomMapping__c,Id,
dev_hotel_sales,sertifisem__DataMap__c,Id,
dev_hotel_sales,nihrm__RateCode__c,Id,
dev_hotel_sales,nihrm__SalesGoal__c,Id,
dev_hotel_sales,nihrm__VolumeContractContact__c,Id,
dev_hotel_sales,nihrm__Item__c,Id,
dev_hotel_sales,nihrm__EventPackageRevenueBreakdown__c,Id,
dev_hotel_sales,nihrm__RevenueClassificationJunction__c,Id,
dev_hotel_sales,nihrm__RoomblockPackage__c,Id,
dev_hotel_sales,nihrm__EventItemRevenueBreakdown__c,Id,
dev_hotel_sales,nihrm__Inquiry__c,Id,
dev_hotel_sales,nihrm__BookingPostedRevenue__c,Id,
dev_hotel_sales,nihrm__ReservationOtherIncomeDay__c,Id,
dev_hotel_sales,nihrm__BookingRoomNight__c,Id,
dev_hotel_sales,nihrm__BookingInquiry__c,Id,
dev_hotel_sales,nihrm__EventFunctionroomDate__c,Id,
dev_hotel_sales,nihrm__BookingPackage__c,Id,
dev_hotel_sales,nihrm__SetupValue__c,Id,
dev_hotel_sales,nihrm__EIRevBreakdownAlternatePrice__c,Id,
dev_hotel_sales,nihrm__BookingRoomBlock__c,Id,
dev_hotel_sales,nihrm__EventClassificationItem__c,Id,
dev_hotel_sales,nihrm__SiteFunctionRoomSetup__c,Id,
dev_hotel_sales,nihrm__PmsRoomBlock__c,Id,
dev_hotel_sales,nihrm__Inquiry__c,Inquiry_Comments__c,
dev_hotel_sales,nihrm__ReservationOtherIncomeDay__History,IsDeleted,
dev_hotel_sales,nihrm__VolumeContractGuestroomType__c,IsDeleted,
dev_hotel_sales,nihrm__ChannelPackage__c,IsDeleted,
dev_hotel_sales,nihrm__BookingTax__c,IsDeleted,
dev_hotel_sales,nihrm__PackageItem__c,IsDeleted,
dev_hotel_sales,nihrm__FunctionRoomAlternatePrice__c,IsDeleted,
dev_hotel_sales,nihrm__BookingOtherIncome__c,IsDeleted,
dev_hotel_sales,nihrm__ChannelLocationItem__c,IsDeleted,
dev_hotel_sales,nihrm__RevenueClassification__c,IsDeleted,
dev_hotel_sales,nihrm__Package__c,IsDeleted,
dev_hotel_sales,nihrm__VolumeContractPeriod__c,IsDeleted,
dev_hotel_sales,nihrm__GuestroomType__c,IsDeleted,
dev_hotel_sales,nihrm__FunctionRoomGroup__c,IsDeleted,
dev_hotel_sales,nihrm__FunctionRoomGroupComponent__c,IsDeleted,
dev_hotel_sales,nihrm__EventClassification__c,IsDeleted,
dev_hotel_sales,nihrm__VolumeContract__c,IsDeleted,
dev_hotel_sales,nihrm__PmsRoomNight__c,IsDeleted,
dev_hotel_sales,nihrm__ReservationNight__c,IsDeleted,
dev_hotel_sales,nihrm__Channel__c,IsDeleted,
dev_hotel_sales,nihrm__Booking__c,IsDeleted,
dev_hotel_sales,sertifisem__DataMapItem__c,IsDeleted,
dev_hotel_sales,nihrm__BookingContact__c,IsDeleted,
dev_hotel_sales,nihrm__OtherIncome__c,IsDeleted,
dev_hotel_sales,nihrm__Reservation__c,IsDeleted,
dev_hotel_sales,nihrm__Transaction__c,IsDeleted,
dev_hotel_sales,nihrm__PicklistMapping__c,IsDeleted,
dev_hotel_sales,nihrm__EventItemAlternatePrice__c,IsDeleted,
dev_hotel_sales,nihrm__VolumeContractPickup__c,IsDeleted,
dev_hotel_sales,nihrm__PackageEvent__c,IsDeleted,
dev_hotel_sales,nihrm__EventItem__c,IsDeleted,
dev_hotel_sales,nihrm__ChannelLocation__c,IsDeleted,
dev_hotel_sales,nihrm__SiteRateCode__c,IsDeleted,
dev_hotel_sales,nihrm__EventPackageItem__c,IsDeleted,
dev_hotel_sales,nihrm__RoomBlockRevenue__c,IsDeleted,
dev_hotel_sales,nihrm__Site__c,IsDeleted,
dev_hotel_sales,nihrm__Location__c,IsDeleted,
dev_hotel_sales,nihrm__CustomMapping__c,IsDeleted,
dev_hotel_sales,sertifisem__DataMap__c,IsDeleted,
dev_hotel_sales,nihrm__RateCode__c,IsDeleted,
dev_hotel_sales,nihrm__SalesGoal__c,IsDeleted,
dev_hotel_sales,nihrm__VolumeContractContact__c,IsDeleted,
dev_hotel_sales,nihrm__Item__c,IsDeleted,
dev_hotel_sales,nihrm__EventPackageRevenueBreakdown__c,IsDeleted,
dev_hotel_sales,nihrm__RevenueClassificationJunction__c,IsDeleted,
dev_hotel_sales,nihrm__RoomblockPackage__c,IsDeleted,
dev_hotel_sales,nihrm__EventItemRevenueBreakdown__c,IsDeleted,
dev_hotel_sales,nihrm__Inquiry__c,IsDeleted,
dev_hotel_sales,nihrm__BookingPostedRevenue__c,IsDeleted,
dev_hotel_sales,nihrm__ReservationOtherIncomeDay__c,IsDeleted,
dev_hotel_sales,nihrm__BookingRoomNight__c,IsDeleted,
dev_hotel_sales,nihrm__BookingInquiry__c,IsDeleted,
dev_hotel_sales,nihrm__EventFunctionroomDate__c,IsDeleted,
dev_hotel_sales,nihrm__BookingPackage__c,IsDeleted,
dev_hotel_sales,nihrm__SetupValue__c,IsDeleted,
dev_hotel_sales,nihrm__EIRevBreakdownAlternatePrice__c,IsDeleted,
dev_hotel_sales,nihrm__BookingRoomBlock__c,IsDeleted,
dev_hotel_sales,nihrm__EventClassificationItem__c,IsDeleted,
dev_hotel_sales,nihrm__SiteFunctionRoomSetup__c,IsDeleted,
dev_hotel_sales,nihrm__PmsRoomBlock__c,IsDeleted,
dev_hotel_sales,nihrm__Booking__c,Itinerary__c,
dev_hotel_sales,nihrm__ChannelPackage__c,LastActivityDate,
dev_hotel_sales,nihrm__VolumeContract__c,LastActivityDate,
dev_hotel_sales,nihrm__Channel__c,LastActivityDate,
dev_hotel_sales,nihrm__Booking__c,LastActivityDate,
dev_hotel_sales,nihrm__Reservation__c,LastActivityDate,
dev_hotel_sales,nihrm__Transaction__c,LastActivityDate,
dev_hotel_sales,nihrm__ChannelLocation__c,LastActivityDate,
dev_hotel_sales,nihrm__Site__c,LastActivityDate,
dev_hotel_sales,nihrm__Inquiry__c,LastActivityDate,
dev_hotel_sales,nihrm__SiteFunctionRoomSetup__c,LastActivityDate,
dev_hotel_sales,nihrm__PmsRoomBlock__c,LastActivityDate,
dev_hotel_sales,nihrm__VolumeContractGuestroomType__c,LastModifiedById,
dev_hotel_sales,nihrm__ChannelPackage__c,LastModifiedById,
dev_hotel_sales,nihrm__BookingTax__c,LastModifiedById,
dev_hotel_sales,nihrm__PackageItem__c,LastModifiedById,
dev_hotel_sales,nihrm__FunctionRoomAlternatePrice__c,LastModifiedById,
dev_hotel_sales,nihrm__BookingOtherIncome__c,LastModifiedById,
dev_hotel_sales,nihrm__ChannelLocationItem__c,LastModifiedById,
dev_hotel_sales,nihrm__RevenueClassification__c,LastModifiedById,
dev_hotel_sales,nihrm__Package__c,LastModifiedById,
dev_hotel_sales,nihrm__VolumeContractPeriod__c,LastModifiedById,
dev_hotel_sales,nihrm__GuestroomType__c,LastModifiedById,
dev_hotel_sales,nihrm__FunctionRoomGroup__c,LastModifiedById,
dev_hotel_sales,nihrm__FunctionRoomGroupComponent__c,LastModifiedById,
dev_hotel_sales,nihrm__EventClassification__c,LastModifiedById,
dev_hotel_sales,nihrm__VolumeContract__c,LastModifiedById,
dev_hotel_sales,nihrm__PmsRoomNight__c,LastModifiedById,
dev_hotel_sales,nihrm__ReservationNight__c,LastModifiedById,
dev_hotel_sales,nihrm__Channel__c,LastModifiedById,
dev_hotel_sales,nihrm__Booking__c,LastModifiedById,
dev_hotel_sales,sertifisem__DataMapItem__c,LastModifiedById,
dev_hotel_sales,nihrm__BookingContact__c,LastModifiedById,
dev_hotel_sales,nihrm__OtherIncome__c,LastModifiedById,
dev_hotel_sales,nihrm__Reservation__c,LastModifiedById,
dev_hotel_sales,nihrm__Transaction__c,LastModifiedById,
dev_hotel_sales,nihrm__PicklistMapping__c,LastModifiedById,
dev_hotel_sales,nihrm__EventItemAlternatePrice__c,LastModifiedById,
dev_hotel_sales,nihrm__VolumeContractPickup__c,LastModifiedById,
dev_hotel_sales,nihrm__PackageEvent__c,LastModifiedById,
dev_hotel_sales,nihrm__EventItem__c,LastModifiedById,
dev_hotel_sales,nihrm__ChannelLocation__c,LastModifiedById,
dev_hotel_sales,nihrm__SiteRateCode__c,LastModifiedById,
dev_hotel_sales,nihrm__EventPackageItem__c,LastModifiedById,
dev_hotel_sales,nihrm__RoomBlockRevenue__c,LastModifiedById,
dev_hotel_sales,nihrm__Site__c,LastModifiedById,
dev_hotel_sales,nihrm__Location__c,LastModifiedById,
dev_hotel_sales,nihrm__CustomMapping__c,LastModifiedById,
dev_hotel_sales,sertifisem__DataMap__c,LastModifiedById,
dev_hotel_sales,nihrm__RateCode__c,LastModifiedById,
dev_hotel_sales,nihrm__SalesGoal__c,LastModifiedById,
dev_hotel_sales,nihrm__VolumeContractContact__c,LastModifiedById,
dev_hotel_sales,nihrm__Item__c,LastModifiedById,
dev_hotel_sales,nihrm__EventPackageRevenueBreakdown__c,LastModifiedById,
dev_hotel_sales,nihrm__RevenueClassificationJunction__c,LastModifiedById,
dev_hotel_sales,nihrm__RoomblockPackage__c,LastModifiedById,
dev_hotel_sales,nihrm__EventItemRevenueBreakdown__c,LastModifiedById,
dev_hotel_sales,nihrm__Inquiry__c,LastModifiedById,
dev_hotel_sales,nihrm__BookingPostedRevenue__c,LastModifiedById,
dev_hotel_sales,nihrm__ReservationOtherIncomeDay__c,LastModifiedById,
dev_hotel_sales,nihrm__BookingRoomNight__c,LastModifiedById,
dev_hotel_sales,nihrm__BookingInquiry__c,LastModifiedById,
dev_hotel_sales,nihrm__EventFunctionroomDate__c,LastModifiedById,
dev_hotel_sales,nihrm__BookingPackage__c,LastModifiedById,
dev_hotel_sales,nihrm__SetupValue__c,LastModifiedById,
dev_hotel_sales,nihrm__EIRevBreakdownAlternatePrice__c,LastModifiedById,
dev_hotel_sales,nihrm__BookingRoomBlock__c,LastModifiedById,
dev_hotel_sales,nihrm__EventClassificationItem__c,LastModifiedById,
dev_hotel_sales,nihrm__SiteFunctionRoomSetup__c,LastModifiedById,
dev_hotel_sales,nihrm__PmsRoomBlock__c,LastModifiedById,
dev_hotel_sales,nihrm__VolumeContractGuestroomType__c,LastModifiedDate,
dev_hotel_sales,nihrm__ChannelPackage__c,LastModifiedDate,
dev_hotel_sales,nihrm__BookingTax__c,LastModifiedDate,
dev_hotel_sales,nihrm__PackageItem__c,LastModifiedDate,
dev_hotel_sales,nihrm__FunctionRoomAlternatePrice__c,LastModifiedDate,
dev_hotel_sales,nihrm__BookingOtherIncome__c,LastModifiedDate,
dev_hotel_sales,nihrm__ChannelLocationItem__c,LastModifiedDate,
dev_hotel_sales,nihrm__RevenueClassification__c,LastModifiedDate,
dev_hotel_sales,nihrm__Package__c,LastModifiedDate,
dev_hotel_sales,nihrm__VolumeContractPeriod__c,LastModifiedDate,
dev_hotel_sales,nihrm__GuestroomType__c,LastModifiedDate,
dev_hotel_sales,nihrm__FunctionRoomGroup__c,LastModifiedDate,
dev_hotel_sales,nihrm__FunctionRoomGroupComponent__c,LastModifiedDate,
dev_hotel_sales,nihrm__EventClassification__c,LastModifiedDate,
dev_hotel_sales,nihrm__VolumeContract__c,LastModifiedDate,
dev_hotel_sales,nihrm__PmsRoomNight__c,LastModifiedDate,
dev_hotel_sales,nihrm__ReservationNight__c,LastModifiedDate,
dev_hotel_sales,nihrm__Channel__c,LastModifiedDate,
dev_hotel_sales,nihrm__Booking__c,LastModifiedDate,
dev_hotel_sales,sertifisem__DataMapItem__c,LastModifiedDate,
dev_hotel_sales,nihrm__BookingContact__c,LastModifiedDate,
dev_hotel_sales,nihrm__OtherIncome__c,LastModifiedDate,
dev_hotel_sales,nihrm__Reservation__c,LastModifiedDate,
dev_hotel_sales,nihrm__Transaction__c,LastModifiedDate,
dev_hotel_sales,nihrm__PicklistMapping__c,LastModifiedDate,
dev_hotel_sales,nihrm__EventItemAlternatePrice__c,LastModifiedDate,
dev_hotel_sales,nihrm__VolumeContractPickup__c,LastModifiedDate,
dev_hotel_sales,nihrm__PackageEvent__c,LastModifiedDate,
dev_hotel_sales,nihrm__EventItem__c,LastModifiedDate,
dev_hotel_sales,nihrm__ChannelLocation__c,LastModifiedDate,
dev_hotel_sales,nihrm__SiteRateCode__c,LastModifiedDate,
dev_hotel_sales,nihrm__EventPackageItem__c,LastModifiedDate,
dev_hotel_sales,nihrm__RoomBlockRevenue__c,LastModifiedDate,
dev_hotel_sales,nihrm__Site__c,LastModifiedDate,
dev_hotel_sales,nihrm__Location__c,LastModifiedDate,
dev_hotel_sales,nihrm__CustomMapping__c,LastModifiedDate,
dev_hotel_sales,sertifisem__DataMap__c,LastModifiedDate,
dev_hotel_sales,nihrm__RateCode__c,LastModifiedDate,
dev_hotel_sales,nihrm__SalesGoal__c,LastModifiedDate,
dev_hotel_sales,nihrm__VolumeContractContact__c,LastModifiedDate,
dev_hotel_sales,nihrm__Item__c,LastModifiedDate,
dev_hotel_sales,nihrm__EventPackageRevenueBreakdown__c,LastModifiedDate,
dev_hotel_sales,nihrm__RevenueClassificationJunction__c,LastModifiedDate,
dev_hotel_sales,nihrm__RoomblockPackage__c,LastModifiedDate,
dev_hotel_sales,nihrm__EventItemRevenueBreakdown__c,LastModifiedDate,
dev_hotel_sales,nihrm__Inquiry__c,LastModifiedDate,
dev_hotel_sales,nihrm__BookingPostedRevenue__c,LastModifiedDate,
dev_hotel_sales,nihrm__ReservationOtherIncomeDay__c,LastModifiedDate,
dev_hotel_sales,nihrm__BookingRoomNight__c,LastModifiedDate,
dev_hotel_sales,nihrm__BookingInquiry__c,LastModifiedDate,
dev_hotel_sales,nihrm__EventFunctionroomDate__c,LastModifiedDate,
dev_hotel_sales,nihrm__BookingPackage__c,LastModifiedDate,
dev_hotel_sales,nihrm__SetupValue__c,LastModifiedDate,
dev_hotel_sales,nihrm__EIRevBreakdownAlternatePrice__c,LastModifiedDate,
dev_hotel_sales,nihrm__BookingRoomBlock__c,LastModifiedDate,
dev_hotel_sales,nihrm__EventClassificationItem__c,LastModifiedDate,
dev_hotel_sales,nihrm__SiteFunctionRoomSetup__c,LastModifiedDate,
dev_hotel_sales,nihrm__PmsRoomBlock__c,LastModifiedDate,
dev_hotel_sales,nihrm__RevenueClassification__c,LastReferencedDate,
dev_hotel_sales,nihrm__EventClassification__c,LastReferencedDate,
dev_hotel_sales,nihrm__VolumeContract__c,LastReferencedDate,
dev_hotel_sales,nihrm__Channel__c,LastReferencedDate,
dev_hotel_sales,nihrm__Booking__c,LastReferencedDate,
dev_hotel_sales,nihrm__Reservation__c,LastReferencedDate,
dev_hotel_sales,nihrm__Transaction__c,LastReferencedDate,
dev_hotel_sales,nihrm__EventItem__c,LastReferencedDate,
dev_hotel_sales,nihrm__ChannelLocation__c,LastReferencedDate,
dev_hotel_sales,nihrm__Location__c,LastReferencedDate,
dev_hotel_sales,sertifisem__DataMap__c,LastReferencedDate,
dev_hotel_sales,nihrm__Item__c,LastReferencedDate,
dev_hotel_sales,nihrm__Inquiry__c,LastReferencedDate,
dev_hotel_sales,nihrm__SetupValue__c,LastReferencedDate,
dev_hotel_sales,nihrm__BookingRoomBlock__c,LastReferencedDate,
dev_hotel_sales,nihrm__PmsRoomBlock__c,LastReferencedDate,
dev_hotel_sales,nihrm__RevenueClassification__c,LastViewedDate,
dev_hotel_sales,nihrm__EventClassification__c,LastViewedDate,
dev_hotel_sales,nihrm__VolumeContract__c,LastViewedDate,
dev_hotel_sales,nihrm__Channel__c,LastViewedDate,
dev_hotel_sales,nihrm__Booking__c,LastViewedDate,
dev_hotel_sales,nihrm__Reservation__c,LastViewedDate,
dev_hotel_sales,nihrm__Transaction__c,LastViewedDate,
dev_hotel_sales,nihrm__EventItem__c,LastViewedDate,
dev_hotel_sales,nihrm__ChannelLocation__c,LastViewedDate,
dev_hotel_sales,nihrm__Location__c,LastViewedDate,
dev_hotel_sales,sertifisem__DataMap__c,LastViewedDate,
dev_hotel_sales,nihrm__Item__c,LastViewedDate,
dev_hotel_sales,nihrm__Inquiry__c,LastViewedDate,
dev_hotel_sales,nihrm__SetupValue__c,LastViewedDate,
dev_hotel_sales,nihrm__BookingRoomBlock__c,LastViewedDate,
dev_hotel_sales,nihrm__PmsRoomBlock__c,LastViewedDate,
dev_hotel_sales,nihrm__VolumeContract__c,Low_Season_Rate_Deluxe_Room__c,
dev_hotel_sales,nihrm__VolumeContract__c,Low_Season_Rate__c,
dev_hotel_sales,nihrm__Location__c,Luxury_Privileges__c,
dev_hotel_sales,nihrm__Inquiry__c,NISC_Lost_Date__c,
dev_hotel_sales,nihrm__VolumeContractGuestroomType__c,Name,
dev_hotel_sales,nihrm__ChannelPackage__c,Name,
dev_hotel_sales,nihrm__BookingTax__c,Name,
dev_hotel_sales,nihrm__PackageItem__c,Name,
dev_hotel_sales,nihrm__FunctionRoomAlternatePrice__c,Name,
dev_hotel_sales,nihrm__BookingOtherIncome__c,Name,
dev_hotel_sales,nihrm__ChannelLocationItem__c,Name,
dev_hotel_sales,nihrm__RevenueClassification__c,Name,
dev_hotel_sales,nihrm__Package__c,Name,
dev_hotel_sales,nihrm__VolumeContractPeriod__c,Name,
dev_hotel_sales,nihrm__GuestroomType__c,Name,
dev_hotel_sales,nihrm__FunctionRoomGroup__c,Name,
dev_hotel_sales,nihrm__FunctionRoomGroupComponent__c,Name,
dev_hotel_sales,nihrm__EventClassification__c,Name,
dev_hotel_sales,nihrm__VolumeContract__c,Name,
dev_hotel_sales,nihrm__PmsRoomNight__c,Name,
dev_hotel_sales,nihrm__ReservationNight__c,Name,
dev_hotel_sales,nihrm__Channel__c,Name,
dev_hotel_sales,nihrm__Booking__c,Name,
dev_hotel_sales,sertifisem__DataMapItem__c,Name,
dev_hotel_sales,nihrm__BookingContact__c,Name,
dev_hotel_sales,nihrm__OtherIncome__c,Name,
dev_hotel_sales,nihrm__Reservation__c,Name,
dev_hotel_sales,nihrm__Transaction__c,Name,
dev_hotel_sales,nihrm__PicklistMapping__c,Name,
dev_hotel_sales,nihrm__EventItemAlternatePrice__c,Name,
dev_hotel_sales,nihrm__VolumeContractPickup__c,Name,
dev_hotel_sales,nihrm__PackageEvent__c,Name,
dev_hotel_sales,nihrm__EventItem__c,Name,
dev_hotel_sales,nihrm__ChannelLocation__c,Name,
dev_hotel_sales,nihrm__SiteRateCode__c,Name,
dev_hotel_sales,nihrm__EventPackageItem__c,Name,
dev_hotel_sales,nihrm__RoomBlockRevenue__c,Name,
dev_hotel_sales,nihrm__Site__c,Name,
dev_hotel_sales,nihrm__Location__c,Name,
dev_hotel_sales,nihrm__CustomMapping__c,Name,
dev_hotel_sales,sertifisem__DataMap__c,Name,
dev_hotel_sales,nihrm__RateCode__c,Name,
dev_hotel_sales,nihrm__SalesGoal__c,Name,
dev_hotel_sales,nihrm__VolumeContractContact__c,Name,
dev_hotel_sales,nihrm__Item__c,Name,
dev_hotel_sales,nihrm__EventPackageRevenueBreakdown__c,Name,
dev_hotel_sales,nihrm__RevenueClassificationJunction__c,Name,
dev_hotel_sales,nihrm__RoomblockPackage__c,Name,
dev_hotel_sales,nihrm__EventItemRevenueBreakdown__c,Name,
dev_hotel_sales,nihrm__Inquiry__c,Name,
dev_hotel_sales,nihrm__BookingPostedRevenue__c,Name,
dev_hotel_sales,nihrm__ReservationOtherIncomeDay__c,Name,
dev_hotel_sales,nihrm__BookingRoomNight__c,Name,
dev_hotel_sales,nihrm__BookingInquiry__c,Name,
dev_hotel_sales,nihrm__EventFunctionroomDate__c,Name,
dev_hotel_sales,nihrm__BookingPackage__c,Name,
dev_hotel_sales,nihrm__SetupValue__c,Name,
dev_hotel_sales,nihrm__EIRevBreakdownAlternatePrice__c,Name,
dev_hotel_sales,nihrm__BookingRoomBlock__c,Name,
dev_hotel_sales,nihrm__EventClassificationItem__c,Name,
dev_hotel_sales,nihrm__SiteFunctionRoomSetup__c,Name,
dev_hotel_sales,nihrm__PmsRoomBlock__c,Name,
dev_hotel_sales,nihrm__ReservationOtherIncomeDay__History,NewValue,
dev_hotel_sales,nihrm__ReservationOtherIncomeDay__History,OldValue,
dev_hotel_sales,nihrm__Booking__c,Onsite_Contact_Email__c,
dev_hotel_sales,nihrm__RevenueClassification__c,OwnerId,
dev_hotel_sales,nihrm__EventClassification__c,OwnerId,
dev_hotel_sales,nihrm__VolumeContract__c,OwnerId,
dev_hotel_sales,nihrm__Channel__c,OwnerId,
dev_hotel_sales,nihrm__Booking__c,OwnerId,
dev_hotel_sales,sertifisem__DataMapItem__c,OwnerId,
dev_hotel_sales,nihrm__Reservation__c,OwnerId,
dev_hotel_sales,nihrm__Transaction__c,OwnerId,
dev_hotel_sales,nihrm__Site__c,OwnerId,
dev_hotel_sales,nihrm__Location__c,OwnerId,
dev_hotel_sales,sertifisem__DataMap__c,OwnerId,
dev_hotel_sales,nihrm__RateCode__c,OwnerId,
dev_hotel_sales,nihrm__Item__c,OwnerId,
dev_hotel_sales,nihrm__RevenueClassificationJunction__c,OwnerId,
dev_hotel_sales,nihrm__RoomblockPackage__c,OwnerId,
dev_hotel_sales,nihrm__Inquiry__c,OwnerId,
dev_hotel_sales,nihrm__SetupValue__c,OwnerId,
dev_hotel_sales,nihrm__BookingRoomBlock__c,OwnerId,
dev_hotel_sales,nihrm__PmsRoomBlock__c,OwnerId,
dev_hotel_sales,nihrm__ReservationOtherIncomeDay__History,ParentId,
dev_hotel_sales,nihrm__VolumeContractPeriod__c,Percent_Off_Bar__c,
dev_hotel_sales,nihrm__Booking__c,Priority_Guests__c,
dev_hotel_sales,nihrm__EventClassification__c,RecordTypeId,
dev_hotel_sales,nihrm__EventItem__c,RecordTypeId,
dev_hotel_sales,nihrm__SalesGoal__c,RecordTypeId,
dev_hotel_sales,nihrm__Item__c,RecordTypeId,
dev_hotel_sales,nihrm__Inquiry__c,RecordTypeId,
dev_hotel_sales,nihrm__SetupValue__c,RecordTypeId,
dev_hotel_sales,nihrm__Booking__c,Room_Drops__c,
dev_hotel_sales,nihrm__Location__c,Sales_Tax__c,
dev_hotel_sales,nihrm__Inquiry__c,Second_Agency_CommissionPercentage__c,
dev_hotel_sales,nihrm__Booking__c,Second_Agency_Commission_Percent__c,
dev_hotel_sales,nihrm__Booking__c,Second_Agency_Commission__c,
dev_hotel_sales,nihrm__Inquiry__c,Second_Agency_Commission__c,
dev_hotel_sales,nihrm__Booking__c,Second_Agency_IATA__c,
dev_hotel_sales,nihrm__Inquiry__c,Second_Agency_IATA__c,
dev_hotel_sales,nihrm__Booking__c,Second_Agency_Name__c,
dev_hotel_sales,nihrm__Inquiry__c,Second_Agency_Name__c,
dev_hotel_sales,nihrm__Booking__c,Second_Agent_Name__c,
dev_hotel_sales,nihrm__Inquiry__c,Second_Agent_Name__c,
dev_hotel_sales,nihrm__Booking__c,Secondary_Lead_Source__c,
dev_hotel_sales,nihrm__Inquiry__c,Secondary_Lead_Source__c,
dev_hotel_sales,nihrm__Booking__c,Secondary_Lead_Sourcev2__c,
dev_hotel_sales,nihrm__Booking__c,Security__c,
dev_hotel_sales,nihrm__PicklistMapping__c,SetupOwnerId,
dev_hotel_sales,nihrm__VolumeContractGuestroomType__c,SystemModstamp,
dev_hotel_sales,nihrm__ChannelPackage__c,SystemModstamp,
dev_hotel_sales,nihrm__BookingTax__c,SystemModstamp,
dev_hotel_sales,nihrm__PackageItem__c,SystemModstamp,
dev_hotel_sales,nihrm__FunctionRoomAlternatePrice__c,SystemModstamp,
dev_hotel_sales,nihrm__BookingOtherIncome__c,SystemModstamp,
dev_hotel_sales,nihrm__ChannelLocationItem__c,SystemModstamp,
dev_hotel_sales,nihrm__RevenueClassification__c,SystemModstamp,
dev_hotel_sales,nihrm__Package__c,SystemModstamp,
dev_hotel_sales,nihrm__VolumeContractPeriod__c,SystemModstamp,
dev_hotel_sales,nihrm__GuestroomType__c,SystemModstamp,
dev_hotel_sales,nihrm__FunctionRoomGroup__c,SystemModstamp,
dev_hotel_sales,nihrm__FunctionRoomGroupComponent__c,SystemModstamp,
dev_hotel_sales,nihrm__EventClassification__c,SystemModstamp,
dev_hotel_sales,nihrm__VolumeContract__c,SystemModstamp,
dev_hotel_sales,nihrm__PmsRoomNight__c,SystemModstamp,
dev_hotel_sales,nihrm__ReservationNight__c,SystemModstamp,
dev_hotel_sales,nihrm__Channel__c,SystemModstamp,
dev_hotel_sales,nihrm__Booking__c,SystemModstamp,
dev_hotel_sales,sertifisem__DataMapItem__c,SystemModstamp,
dev_hotel_sales,nihrm__BookingContact__c,SystemModstamp,
dev_hotel_sales,nihrm__OtherIncome__c,SystemModstamp,
dev_hotel_sales,nihrm__Reservation__c,SystemModstamp,
dev_hotel_sales,nihrm__Transaction__c,SystemModstamp,
dev_hotel_sales,nihrm__PicklistMapping__c,SystemModstamp,
dev_hotel_sales,nihrm__EventItemAlternatePrice__c,SystemModstamp,
dev_hotel_sales,nihrm__VolumeContractPickup__c,SystemModstamp,
dev_hotel_sales,nihrm__PackageEvent__c,SystemModstamp,
dev_hotel_sales,nihrm__EventItem__c,SystemModstamp,
dev_hotel_sales,nihrm__ChannelLocation__c,SystemModstamp,
dev_hotel_sales,nihrm__SiteRateCode__c,SystemModstamp,
dev_hotel_sales,nihrm__EventPackageItem__c,SystemModstamp,
dev_hotel_sales,nihrm__RoomBlockRevenue__c,SystemModstamp,
dev_hotel_sales,nihrm__Site__c,SystemModstamp,
dev_hotel_sales,nihrm__Location__c,SystemModstamp,
dev_hotel_sales,nihrm__CustomMapping__c,SystemModstamp,
dev_hotel_sales,sertifisem__DataMap__c,SystemModstamp,
dev_hotel_sales,nihrm__RateCode__c,SystemModstamp,
dev_hotel_sales,nihrm__SalesGoal__c,SystemModstamp,
dev_hotel_sales,nihrm__VolumeContractContact__c,SystemModstamp,
dev_hotel_sales,nihrm__Item__c,SystemModstamp,
dev_hotel_sales,nihrm__EventPackageRevenueBreakdown__c,SystemModstamp,
dev_hotel_sales,nihrm__RevenueClassificationJunction__c,SystemModstamp,
dev_hotel_sales,nihrm__RoomblockPackage__c,SystemModstamp,
dev_hotel_sales,nihrm__EventItemRevenueBreakdown__c,SystemModstamp,
dev_hotel_sales,nihrm__Inquiry__c,SystemModstamp,
dev_hotel_sales,nihrm__BookingPostedRevenue__c,SystemModstamp,
dev_hotel_sales,nihrm__ReservationOtherIncomeDay__c,SystemModstamp,
dev_hotel_sales,nihrm__BookingRoomNight__c,SystemModstamp,
dev_hotel_sales,nihrm__BookingInquiry__c,SystemModstamp,
dev_hotel_sales,nihrm__EventFunctionroomDate__c,SystemModstamp,
dev_hotel_sales,nihrm__BookingPackage__c,SystemModstamp,
dev_hotel_sales,nihrm__SetupValue__c,SystemModstamp,
dev_hotel_sales,nihrm__EIRevBreakdownAlternatePrice__c,SystemModstamp,
dev_hotel_sales,nihrm__BookingRoomBlock__c,SystemModstamp,
dev_hotel_sales,nihrm__EventClassificationItem__c,SystemModstamp,
dev_hotel_sales,nihrm__SiteFunctionRoomSetup__c,SystemModstamp,
dev_hotel_sales,nihrm__PmsRoomBlock__c,SystemModstamp,
dev_hotel_sales,nihrm__Booking__c,Tertiary_Lead_Source__c,
dev_hotel_sales,nihrm__Inquiry__c,Tertiary_Lead_Source__c,
dev_hotel_sales,nihrm__Booking__c,Vendors_Contact_Information__c,
dev_hotel_sales,nihrm__VolumeContract__c,Volume_Contract_Pickup__c,
dev_hotel_sales,nihrm__VolumeContract__c,Volume_Contract_Sertifi_Setting__c,
dev_hotel_g4a,ga4_Events_281286275,_DATA_DATE,
dev_hotel_g4a,ga4_EcommercePurchases_281286275,_DATA_DATE,
dev_hotel_g4a,ga4_LandingPage_281286275,_DATA_DATE,
dev_hotel_g4a,ga4_TechDetails_281286275,_DATA_DATE,
dev_hotel_g4a,ga4_UserAcquisition_281286275,_DATA_DATE,
dev_hotel_g4a,ga4_DemographicDetails_281286275,_DATA_DATE,
dev_hotel_g4a,ga4_Promotions_281286275,_DATA_DATE,
dev_hotel_g4a,ga4_TrafficAcquisition_281286275,_DATA_DATE,
dev_hotel_g4a,ga4_Audiences_281286275,_DATA_DATE,
dev_hotel_g4a,ga4_PagesAndScreens_281286275,_DATA_DATE,
dev_hotel_g4a,ga4_Events_281286275,_LATEST_DATE,
dev_hotel_g4a,ga4_EcommercePurchases_281286275,_LATEST_DATE,
dev_hotel_g4a,ga4_LandingPage_281286275,_LATEST_DATE,
dev_hotel_g4a,ga4_TechDetails_281286275,_LATEST_DATE,
dev_hotel_g4a,ga4_UserAcquisition_281286275,_LATEST_DATE,
dev_hotel_g4a,ga4_DemographicDetails_281286275,_LATEST_DATE,
dev_hotel_g4a,ga4_Promotions_281286275,_LATEST_DATE,
dev_hotel_g4a,ga4_TrafficAcquisition_281286275,_LATEST_DATE,
dev_hotel_g4a,ga4_Audiences_281286275,_LATEST_DATE,
dev_hotel_g4a,ga4_PagesAndScreens_281286275,_LATEST_DATE,
dev_hotel_g4a,p_ga4_DemographicDetails_281286275,activeUsers,The number of distinct users who visited your website or application.
dev_hotel_g4a,ga4_LandingPage_281286275,activeUsers,
dev_hotel_g4a,ga4_TechDetails_281286275,activeUsers,
dev_hotel_g4a,ga4_UserAcquisition_281286275,activeUsers,
dev_hotel_g4a,ga4_DemographicDetails_281286275,activeUsers,
dev_hotel_g4a,p_ga4_UserAcquisition_281286275,activeUsers,The number of distinct users who visited your website or application.
dev_hotel_g4a,p_ga4_LandingPage_281286275,activeUsers,The number of distinct users who visited your website or application.
dev_hotel_g4a,p_ga4_PagesAndScreens_281286275,activeUsers,The number of distinct users who visited your website or application.
dev_hotel_g4a,ga4_PagesAndScreens_281286275,activeUsers,
dev_hotel_g4a,p_ga4_TechDetails_281286275,activeUsers,The number of distinct users who visited your website or application.
dev_hotel_costar,MonthlyStar,adr,Average Dollar Rate
dev_hotel_costar,DayStar,adr,Average Dollar Rate (ADR) represents the average income generated per room sold during a given timeframe. It is determined by dividing the total room revenue by the number of rooms sold.
dev_hotel_analytics,demand_channel_mix_daily,adr,
dev_hotel_analytics,demand_segment_mix_daily,adr,
dev_hotel_analytics,vw_pace_roomtype,adr_forecast,The forecasted average daily rate for rooms.
dev_hotel_analytics,snap_pace_roomtype,adr_forecast,The forecasted Average Daily Rate (ADR) for the rooms.
dev_hotel_analytics,vw_pace_roomtype_current,adr_forecast,
dev_hotel_costar,MonthlyStar,adr_index,Average Dollar Rate Index
dev_hotel_costar,DayStar,adr_index,ADR Index measures a hotel's ADR performance relative to its competitive set. It shows whether a hotel is achieving a higher or lower average rate compared to its peers. This metric highlights how the hotel's pricing competitiveness has evolved compared to its competitive set.
dev_hotel_costar,MonthlyStar,adr_index_pct_chg,Average Dollar Rate Index Percentage Change
dev_hotel_costar,DayStar,adr_index_pct_chg,ADR Index Percentage Change represents the year-over-year variation in a hotel's ADR Index. This metric highlights how the hotel's pricing competitiveness has evolved compared to its competitive set.
dev_hotel_costar,MonthlyStar,adr_index_pct_chg_py,Average Dollar Rate Index Percentage Change Prior Year
dev_hotel_costar,DayStar,adr_index_pct_chg_py,ADR Index Percentage Change represents the year-over-year variation in a hotel's ADR Index. This metric highlights how the hotel's pricing competitiveness has evolved compared to its competitive set.
dev_hotel_costar,MonthlyStar,adr_index_pct_chg_ytd,Average Dollar Rate Index Percentage Change Year to Date
dev_hotel_costar,MonthlyStar,adr_index_pct_chg_ytd_py,Average Dollar Rate Index Percentage Change Year to Date Prior Year
dev_hotel_costar,MonthlyStar,adr_index_py,Average Dollar Rate Index Prior Year
dev_hotel_costar,DayStar,adr_index_py,ADR Index measures a hotel's ADR performance relative to its competitive set. It shows whether a hotel is achieving a higher or lower average rate compared to its peers. This metric highlights how the hotel's pricing competitiveness has evolved compared to its competitive set.
dev_hotel_costar,MonthlyStar,adr_index_ytd,Average Dollar Rate Index Year to Date
dev_hotel_costar,MonthlyStar,adr_index_ytd_py,Average Dollar Rate Index Year to Date Prior Year
dev_hotel_analytics,vw_ml_feature_90d,adr_otb,Calculated Average Daily Rate currently on the books.
dev_hotel_costar,MonthlyStar,adr_pct_chg,Average Dollar Rate Percentage Change
dev_hotel_costar,DayStar,adr_pct_chg,"ADR Percentage Change, showing the percentage change in ADR during a specific timeframe."
dev_hotel_costar,MonthlyStar,adr_pct_chg_py,Average Dollar Rate Percentage Change Prior Year
dev_hotel_costar,DayStar,adr_pct_chg_py,"ADR Percentage Change, showing the percentage change in ADR during a specific timeframe."
dev_hotel_costar,DayStar,adr_pct_chg_rank,"ADR Rank Percentage Change , shows the percentage change for the hotel's ranking position for ADR compared to its competitive set. A lower number (e.g., 1) indicates a higher ADR than peers."
dev_hotel_costar,DayStar,adr_pct_chg_rank_py,"ADR Rank Percentage Change , shows the percentage change for the hotel's ranking position for ADR compared to its competitive set. A lower number (e.g., 1) indicates a higher ADR than peers."
dev_hotel_costar,MonthlyStar,adr_pct_chg_ytd,Average Dollar Rate Percentage Change Year to Date
dev_hotel_costar,MonthlyStar,adr_pct_chg_ytd_py,Average Dollar Rate Percentage Change Year to Date Prior Year
dev_hotel_costar,MonthlyStar,adr_py,Average Dollar Rate Prior Year Actual
dev_hotel_costar,DayStar,adr_py,Average Dollar Rate (ADR) represents the average income generated per room sold during a given timeframe. It is determined by dividing the total room revenue by the number of rooms sold.
dev_hotel_costar,MonthlyStar,adr_rank,Average Dollar Rate Rank
dev_hotel_costar,DayStar,adr_rank,ADR Rank shows the hotel's ranking position in terms of Average Daily Rate (ADR) compared to its competitive set. It reflects whether the hotel is securing a higher or lower position relative to its competitors
dev_hotel_analytics,vw_demand_segment,adr_rank,
dev_hotel_analytics,snap_demand_property,adr_rank,Average Daily Rate Rank.
dev_hotel_analytics,snap_demand_segment,adr_rank,Average Daily Rate Rank.
dev_hotel_analytics,snap_demand_channel,adr_rank,Average Daily Rate Rank.
dev_hotel_analytics,demand_channel_mix_daily,adr_rank,
dev_hotel_analytics,demand_total_hotel_daily,adr_rank,
dev_hotel_analytics,snap_demand_property_totals,adr_rank,
dev_hotel_analytics,demand_segment_mix_daily,adr_rank,
dev_hotel_analytics,vw_demand_channel,adr_rank,
dev_hotel_costar,MonthlyStar,adr_rank_pct_chg,Average Dollar Rate Percentage Change Rank
dev_hotel_costar,MonthlyStar,adr_rank_pct_chg_py,Average Dollar Rate Percentage Change Rank Prior Year
dev_hotel_costar,MonthlyStar,adr_rank_pct_chg_ytd,Average Dollar Rate Percentage Change Rank Year to Date
dev_hotel_costar,MonthlyStar,adr_rank_pct_chg_ytd_py,Average Dollar Rate Percentage Change Rank Year to Date Prior Year
dev_hotel_analytics,snap_demand_property_totals,adr_rank_prior_year,
dev_hotel_costar,MonthlyStar,adr_rank_py,Average Dollar Rate Rank Prior Year
dev_hotel_costar,DayStar,adr_rank_py,ADR Rank shows the hotel's ranking position in terms of Average Daily Rate (ADR) compared to its competitive set. It reflects whether the hotel is securing a higher or lower position relative to its competitors
dev_hotel_analytics,snap_demand_property,adr_rank_py,Average Daily Rate Rank for the prior year.
dev_hotel_costar,MonthlyStar,adr_rank_ytd,Average Dollar Rate Rank Year to Date
dev_hotel_costar,MonthlyStar,adr_rank_ytd_py,Average Daily Rate Rank Year to Date
dev_hotel_costar,MonthlyStar,adr_ytd,Average Daily Rate Year to Date
dev_hotel_costar,MonthlyStar,adr_ytd_py,Average Daily Rate Year to Date Prior Year
dev_hotel_costar,Property_RPI_Fairshare_Goals,annual,Annual
dev_hotel_g4a,ga4_TechDetails_281286275,appVersion,
dev_hotel_g4a,p_ga4_TechDetails_281286275,appVersion,The app's versionName (Android) or short bundle version (iOS).
dev_hotel_analytics,fact_competitor_rates,arrival_date,The date of the actual stay
dev_hotel_analytics,fact_market_insights,arrival_date,The date of the actual stay
dev_hotel_g4a,ga4_Audiences_281286275,audienceName,
dev_hotel_g4a,p_ga4_Audiences_281286275,audienceName,The given name of an Audience. Users are reported in the audiences to which they belonged during the report's date range. Current user behavior does not affect historical audience membership in reports.
dev_hotel_costar,MonthlyStar,available_rms,Total Available Rooms / Room Supply
dev_hotel_costar,CompsetData,available_rms,
dev_hotel_costar,metrics_fact_costar,available_rms,The number of available rooms at the property.
dev_hotel_costar,MonthlyStar,available_rms_day,Room Supply based on SIngle Day
dev_hotel_costar,MonthlyStar,available_rms_pct_chg,Room Supply Percentage Change
dev_hotel_costar,MonthlyStar,available_rms_pct_chg_py,Room Supply Percentage Change from Prior year
dev_hotel_costar,MonthlyStar,available_rms_pct_chg_ytd,Supply Percentage Change Year to Date
dev_hotel_costar,MonthlyStar,available_rms_pct_chg_ytd_py,Supply Percentage Change Year to Date Prior Year
dev_hotel_costar,MonthlyStar,available_rms_py,Room Supply Prior Year
dev_hotel_costar,MonthlyStar,available_rms_ytd,Room Supply Year to Date
dev_hotel_costar,MonthlyStar,available_rms_ytd_py,Room Supply Year to Date Prior Year
dev_hotel_analytics,vw_pace_roomtype,available_rooms,The total number of rooms available for booking.
dev_hotel_analytics,snap_pace_roomtype,available_rooms,The number of rooms currently available for booking.
dev_hotel_analytics,vw_pace_roomtype_current,available_rooms,
dev_hotel_analytics,snap_pace_property,available_rooms,
dev_hotel_analytics,vw_pace_property,available_rooms,The number of rooms available for booking.
dev_hotel_analytics,vw_pace_property_current,available_rooms,The number of rooms available for booking on the stay date.
dev_hotel_analytics,vw_pace_roomtype_change_by_period_current,available_rooms__commissioner_suite,The number of available Commissioner Suite rooms.
dev_hotel_analytics,vw_pace_roomtype_change_by_period_current,available_rooms__deluxe_king,The number of available Deluxe King rooms.
dev_hotel_analytics,vw_pace_roomtype_change_by_period_current,available_rooms__foundation_king,The number of available Foundation King rooms.
dev_hotel_analytics,vw_pace_roomtype_change_by_period_current,available_rooms__foundation_king_ada,The number of available ADA-compliant Foundation King rooms.
dev_hotel_analytics,vw_pace_roomtype_change_by_period_current,available_rooms__foundation_two_queen,The number of available Foundation Two Queen rooms.
dev_hotel_analytics,vw_pace_roomtype_change_by_period_current,available_rooms__junior_suite,The number of available Junior Suite rooms.
dev_hotel_analytics,vw_pace_roomtype_change_by_period_current,available_rooms__king_guestroom,The number of available King Guestroom rooms.
dev_hotel_analytics,vw_pace_roomtype_change_by_period_current,available_rooms__secretary_suite,The number of available Secretary Suite rooms.
dev_hotel_analytics,vw_pace_roomtype_change_by_period_current,available_rooms__two_queen_guestroom,The number of available Two Queen Guestroom rooms.
dev_hotel_analytics,vw_pace_roomtype_change_by_period_current,available_rooms__two_queen_guestroom_ada,The number of available ADA-compliant Two Queen Guestroom rooms.
dev_hotel_analytics,snap_pace_property,available_rooms_ly,
dev_hotel_analytics,vw_pace_property,available_rooms_ly,The number of rooms available for booking in the previous year.
dev_hotel_analytics,vw_pace_property_current,available_rooms_ly,The number of rooms available for booking on the same stay date in the previous year.
dev_hotel_g4a,ga4_Audiences_281286275,averageSessionDuration,
dev_hotel_g4a,p_ga4_Audiences_281286275,averageSessionDuration,The average duration (in seconds) of users` sessions.
dev_hotel_analytics,snap_pace_property,bar_price,
dev_hotel_analytics,vw_pace_property,bar_price,The best available rate price for a room.
dev_hotel_analytics,vw_pace_property_current,bar_price,The Best Available Rate for rooms on the stay date.
dev_hotel_analytics,fact_market_insights,booking_ranking,
dev_hotel_analytics,demand_channel_mix_daily,booking_source,
dev_hotel_costar,CompsetData,brand,
dev_hotel_costar,DayStar,brand,"The brand serves as an additional informational data point, enabling users to identify the associated brand of a specific hotel."
dev_hotel_costar,metrics_fact_costar,brand,The brand name of the property.
dev_hotel_g4a,p_ga4_DemographicDetails_281286275,brandingInterest,"Interests demonstrated by users who are higher in the shopping funnel. Users can be counted in multiple interest categories. For example, Shoppers, Lifestyles & Hobbies/Pet Lovers, or Travel/Travel Buffs/Beachbound Travelers."
dev_hotel_g4a,ga4_DemographicDetails_281286275,brandingInterest,
dev_hotel_g4a,ga4_TechDetails_281286275,browser,
dev_hotel_g4a,p_ga4_TechDetails_281286275,browser,The browsers used to view your website.
dev_hotel_analytics,vw_pace_segment_change_by_period,cancelled_rooms,The number of rooms that have been cancelled.
dev_hotel_analytics,snap_pace_segment,cancelled_rooms,The number of rooms that have been cancelled for the stay date.
dev_hotel_analytics,vw_pace_roomtype,cancelled_rooms,The number of rooms that have been cancelled.
dev_hotel_analytics,snap_pace_roomtype,cancelled_rooms,The number of rooms that have been cancelled.
dev_hotel_analytics,vw_pace_roomtype_current,cancelled_rooms,
dev_hotel_analytics,vw_pace_segment,cancelled_rooms,
dev_hotel_analytics,vw_pace_segment_current,cancelled_rooms,
dev_hotel_analytics,vw_ml_feature_90d,cancelled_rooms,Total rooms cancelled as of this snapshot.
dev_hotel_analytics,vw_pace_segment_monthly,cancelled_rooms__complimentary,The number of cancelled complimentary rooms.
dev_hotel_analytics,vw_pace_segment_monthly,cancelled_rooms__group_association,The number of cancelled group association rooms.
dev_hotel_analytics,vw_pace_segment_monthly,cancelled_rooms__group_citywide,The number of cancelled group citywide rooms.
dev_hotel_analytics,vw_pace_segment_monthly,cancelled_rooms__group_corporate,The number of cancelled group corporate rooms.
dev_hotel_analytics,vw_pace_segment_monthly,cancelled_rooms__group_entertainment,The number of cancelled group entertainment rooms.
dev_hotel_analytics,vw_pace_segment_monthly,cancelled_rooms__group_government,The number of cancelled group government rooms.
dev_hotel_analytics,vw_pace_segment_monthly,cancelled_rooms__group_smerf,The number of cancelled group SMERF rooms.
dev_hotel_analytics,vw_pace_segment_monthly,cancelled_rooms__group_social,The number of cancelled group social rooms.
dev_hotel_analytics,vw_pace_segment_monthly,cancelled_rooms__group_tour,The number of cancelled group tour rooms.
dev_hotel_analytics,vw_pace_segment_monthly,cancelled_rooms__group_wedding,The number of cancelled group wedding rooms.
dev_hotel_analytics,vw_pace_segment_monthly,cancelled_rooms__transient_consortia,The number of cancelled transient consortia rooms.
dev_hotel_analytics,vw_pace_segment_monthly,cancelled_rooms__transient_government,The number of cancelled transient government rooms.
dev_hotel_analytics,vw_pace_segment_monthly,cancelled_rooms__transient_negotiated,The number of cancelled transient negotiated rooms.
dev_hotel_analytics,vw_pace_segment_monthly,cancelled_rooms__transient_opaque,The number of cancelled transient opaque rooms.
dev_hotel_analytics,vw_pace_segment_monthly,cancelled_rooms__transient_package,The number of cancelled transient package rooms.
dev_hotel_analytics,vw_pace_segment_monthly,cancelled_rooms__transient_packages,The number of cancelled transient packages rooms.
dev_hotel_analytics,vw_pace_segment_monthly,cancelled_rooms__transient_promotion,The number of cancelled transient promotion rooms.
dev_hotel_analytics,vw_pace_segment_monthly,cancelled_rooms__transient_qualified,The number of cancelled transient qualified rooms.
dev_hotel_analytics,vw_pace_segment_monthly,cancelled_rooms__transient_retail,The number of cancelled transient retail rooms.
dev_hotel_analytics,vw_pace_segment_monthly,cancelled_rooms__transient_unqualified,The number of cancelled transient unqualified rooms.
dev_hotel_analytics,vw_pace_segment_change_by_period,cancelled_rooms_change_120_day,The change in cancelled rooms over 120 days.
dev_hotel_analytics,vw_pace_segment_change_by_period,cancelled_rooms_change_14_day,The change in cancelled rooms over 14 days.
dev_hotel_analytics,vw_pace_segment_change_by_period,cancelled_rooms_change_1_day,The change in cancelled rooms over 1 day.
dev_hotel_analytics,vw_pace_segment_change_by_period,cancelled_rooms_change_21_day,The change in cancelled rooms over 21 days.
dev_hotel_analytics,vw_pace_segment_change_by_period,cancelled_rooms_change_30_day,The change in cancelled rooms over 30 days.
dev_hotel_analytics,vw_pace_segment_change_by_period,cancelled_rooms_change_3_day,The change in cancelled rooms over 3 days.
dev_hotel_analytics,vw_pace_segment_change_by_period,cancelled_rooms_change_60_day,The change in cancelled rooms over 60 days.
dev_hotel_analytics,vw_pace_segment_change_by_period,cancelled_rooms_change_7_day,The change in cancelled rooms over 7 days.
dev_hotel_analytics,vw_pace_segment_change_by_period,cancelled_rooms_change_90_day,The change in cancelled rooms over 90 days.
dev_hotel_analytics,vw_pace_segment_change_by_period,cancelled_rooms_ly_actual,The actual number of cancelled rooms for the same period last year.
dev_hotel_analytics,snap_pace_segment,cancelled_rooms_ly_actual,The actual number of cancelled rooms for the stay date in the previous year.
dev_hotel_analytics,vw_pace_roomtype,cancelled_rooms_ly_actual,The actual number of cancelled rooms for the same stay date last year.
dev_hotel_analytics,snap_pace_roomtype,cancelled_rooms_ly_actual,The actual number of rooms cancelled for the same stay date last year.
dev_hotel_analytics,vw_pace_roomtype_current,cancelled_rooms_ly_actual,
dev_hotel_analytics,vw_pace_segment,cancelled_rooms_ly_actual,
dev_hotel_analytics,vw_pace_segment_current,cancelled_rooms_ly_actual,
dev_hotel_analytics,vw_pace_segment_monthly,cancelled_rooms_ly_actual__complimentary,The actual number of cancelled complimentary rooms from last year.
dev_hotel_analytics,vw_pace_segment_monthly,cancelled_rooms_ly_actual__group_association,The actual number of cancelled group association rooms from last year.
dev_hotel_analytics,vw_pace_segment_monthly,cancelled_rooms_ly_actual__group_citywide,The actual number of cancelled group citywide rooms from last year.
dev_hotel_analytics,vw_pace_segment_monthly,cancelled_rooms_ly_actual__group_corporate,The actual number of cancelled group corporate rooms from last year.
dev_hotel_analytics,vw_pace_segment_monthly,cancelled_rooms_ly_actual__group_entertainment,The actual number of cancelled group entertainment rooms from last year.
dev_hotel_analytics,vw_pace_segment_monthly,cancelled_rooms_ly_actual__group_government,The actual number of cancelled group government rooms from last year.
dev_hotel_analytics,vw_pace_segment_monthly,cancelled_rooms_ly_actual__group_smerf,The actual number of cancelled group SMERF rooms from last year.
dev_hotel_analytics,vw_pace_segment_monthly,cancelled_rooms_ly_actual__group_social,The actual number of cancelled group social rooms from last year.
dev_hotel_analytics,vw_pace_segment_monthly,cancelled_rooms_ly_actual__group_tour,The actual number of cancelled group tour rooms from last year.
dev_hotel_analytics,vw_pace_segment_monthly,cancelled_rooms_ly_actual__group_wedding,The actual number of cancelled group wedding rooms from last year.
dev_hotel_analytics,vw_pace_segment_monthly,cancelled_rooms_ly_actual__transient_consortia,The actual number of cancelled transient consortia rooms from last year.
dev_hotel_analytics,vw_pace_segment_monthly,cancelled_rooms_ly_actual__transient_government,The actual number of cancelled transient government rooms from last year.
dev_hotel_analytics,vw_pace_segment_monthly,cancelled_rooms_ly_actual__transient_negotiated,The actual number of cancelled transient negotiated rooms from last year.
dev_hotel_analytics,vw_pace_segment_monthly,cancelled_rooms_ly_actual__transient_opaque,The actual number of cancelled transient opaque rooms from last year.
dev_hotel_analytics,vw_pace_segment_monthly,cancelled_rooms_ly_actual__transient_package,The actual number of cancelled transient package rooms from last year.
dev_hotel_analytics,vw_pace_segment_monthly,cancelled_rooms_ly_actual__transient_packages,The actual number of cancelled transient packages rooms from last year.
dev_hotel_analytics,vw_pace_segment_monthly,cancelled_rooms_ly_actual__transient_promotion,The actual number of cancelled transient promotion rooms from last year.
dev_hotel_analytics,vw_pace_segment_monthly,cancelled_rooms_ly_actual__transient_qualified,The actual number of cancelled transient qualified rooms from last year.
dev_hotel_analytics,vw_pace_segment_monthly,cancelled_rooms_ly_actual__transient_retail,The actual number of cancelled transient retail rooms from last year.
dev_hotel_analytics,vw_pace_segment_monthly,cancelled_rooms_ly_actual__transient_unqualified,The actual number of cancelled transient unqualified rooms from last year.
dev_hotel_analytics,vw_pace_segment_change_by_period,cancelled_rooms_ly_actual_change_120_day,The change in actual cancelled rooms last year over 120 days.
dev_hotel_analytics,vw_pace_segment_change_by_period,cancelled_rooms_ly_actual_change_14_day,The change in actual cancelled rooms last year over 14 days.
dev_hotel_analytics,vw_pace_segment_change_by_period,cancelled_rooms_ly_actual_change_1_day,The change in actual cancelled rooms last year over 1 day.
dev_hotel_analytics,vw_pace_segment_change_by_period,cancelled_rooms_ly_actual_change_21_day,The change in actual cancelled rooms last year over 21 days.
dev_hotel_analytics,vw_pace_segment_change_by_period,cancelled_rooms_ly_actual_change_30_day,The change in actual cancelled rooms last year over 30 days.
dev_hotel_analytics,vw_pace_segment_change_by_period,cancelled_rooms_ly_actual_change_3_day,The change in actual cancelled rooms last year over 3 days.
dev_hotel_analytics,vw_pace_segment_change_by_period,cancelled_rooms_ly_actual_change_60_day,The change in actual cancelled rooms last year over 60 days.
dev_hotel_analytics,vw_pace_segment_change_by_period,cancelled_rooms_ly_actual_change_7_day,The change in actual cancelled rooms last year over 7 days.
dev_hotel_analytics,vw_pace_segment_change_by_period,cancelled_rooms_ly_actual_change_90_day,The change in actual cancelled rooms last year over 90 days.
dev_hotel_analytics,dim_events,category,
dev_hotel_costar,MonthlyStar,census_id,STAR Property ID
dev_hotel_costar,CompsetData,census_id,
dev_hotel_costar,DayStar,census_id,The Census ID assigned by CoStar serves as a unique identifier for each property registered with the platform.
dev_hotel_costar,CompsetData,chain_id,
dev_hotel_analytics,dim_source,channel,
dev_hotel_analytics,snap_demand_channel,channel,"Distribution channel (e.g., Brand.com, GDS, OTA)."
dev_hotel_analytics,vw_demand_channel,channel,
dev_hotel_analytics,dim_source,channel_code,
dev_hotel_analytics,dim_source,channel_group,
dev_hotel_analytics,dim_channel_demand,channel_group,
dev_hotel_analytics,dim_source,channel_group_code,
dev_hotel_analytics,dim_channel_demand,channel_group_code,
dev_hotel_analytics,fact_competitor_rates,channel_id,
dev_hotel_analytics,dim_channel_demand,channel_key,
dev_hotel_analytics,dim_source,channel_sort,
dev_hotel_analytics,dim_channel_demand,channel_sort,
dev_hotel_costar,CompsetData,city,
dev_hotel_costar,metrics_fact_costar,city,The city where the property is located.
dev_hotel_g4a,p_ga4_DemographicDetails_281286275,city,The city from which the user activity originated.
dev_hotel_g4a,ga4_DemographicDetails_281286275,city,
dev_hotel_analytics,fact_competitor_rates,competitor_id,
dev_hotel_analytics,fact_competitor_rates,competitor_name,
dev_hotel_costar,CompsetData,compliance_status,
dev_hotel_costar,metrics_fact_costar,compliance_status,The compliance status of the competitive set.
dev_hotel_analytics,dim_compset_demand,compset_address,
dev_hotel_analytics,demand_total_hotel_daily,compset_adr,
dev_hotel_analytics,demand_total_hotel_daily,compset_adr_yoy,
dev_hotel_analytics,dim_property_demand,compset_available_rooms,
dev_hotel_analytics,vw_demand_segment,compset_available_rooms,
dev_hotel_analytics,snap_demand_property,compset_available_rooms,Total available rooms for the competitive set.
dev_hotel_analytics,snap_demand_segment,compset_available_rooms,Total available rooms for the competitive set.
dev_hotel_analytics,snap_demand_channel,compset_available_rooms,Total available rooms for the competitive set.
dev_hotel_analytics,dim_compset_demand,compset_available_rooms,
dev_hotel_analytics,snap_demand_property_totals,compset_available_rooms,
dev_hotel_analytics,vw_demand_channel,compset_available_rooms,
dev_hotel_analytics,dim_compset_demand,compset_available_rooms_string,
dev_hotel_analytics,dim_compset_demand,compset_brand,
dev_hotel_analytics,dim_compset_demand,compset_chain,
dev_hotel_analytics,dim_compset_demand,compset_chain_code,
dev_hotel_analytics,dim_compset_demand,compset_demand_id,
dev_hotel_analytics,dim_compset_demand,compset_distance_string,
dev_hotel_analytics,dim_property_demand,compset_end_date,
dev_hotel_analytics,dim_compset_demand,compset_geo_code,
dev_hotel_analytics,dim_compset_demand,compset_name,
dev_hotel_analytics,dim_property_demand,compset_no,
dev_hotel_analytics,vw_demand_segment,compset_no,
dev_hotel_analytics,snap_demand_property,compset_no,"Competitive set number (e.g., 'Set1', 'Set2') derived from filename."
dev_hotel_analytics,snap_demand_segment,compset_no,"Competitive set number (e.g., 'Set1', 'Set2') derived from filename."
dev_hotel_analytics,snap_demand_channel,compset_no,"Competitive set number (e.g., 'Set1', 'Set2') derived from filename."
dev_hotel_analytics,dim_compset_demand,compset_no,
dev_hotel_analytics,demand_channel_mix_daily,compset_no,
dev_hotel_analytics,demand_segment_mix_daily,compset_no,
dev_hotel_analytics,vw_demand_channel,compset_no,
dev_hotel_analytics,demand_channel_mix_daily,compset_occ,
dev_hotel_analytics,demand_segment_mix_daily,compset_occ,
dev_hotel_analytics,demand_total_hotel_daily,compset_occ_yoy,
dev_hotel_analytics,dim_compset_demand,compset_pct_share,
dev_hotel_analytics,dim_compset_demand,compset_phone,
dev_hotel_analytics,fact_market_insights,compset_price_rank,
dev_hotel_analytics,dim_compset_demand,compset_propername,
dev_hotel_analytics,vw_demand_segment,compset_rev,
dev_hotel_analytics,snap_demand_property,compset_rev,Total room revenue for the competitive set.
dev_hotel_analytics,snap_demand_segment,compset_rev,Total room revenue for the competitive set.
dev_hotel_analytics,snap_demand_channel,compset_rev,Total room revenue for the competitive set.
dev_hotel_analytics,snap_demand_property_totals,compset_rev,
dev_hotel_analytics,vw_demand_channel,compset_rev,
dev_hotel_analytics,snap_demand_property,compset_rooms,Number of rooms sold for the competitive set.
dev_hotel_analytics,snap_demand_segment,compset_rooms,Number of rooms sold for the competitive set.
dev_hotel_analytics,snap_demand_channel,compset_rooms,Number of rooms sold for the competitive set.
dev_hotel_analytics,vw_demand_segment,compset_rooms_sold,
dev_hotel_analytics,demand_total_hotel_daily,compset_rooms_sold,
dev_hotel_analytics,snap_demand_property_totals,compset_rooms_sold,
dev_hotel_analytics,vw_demand_channel,compset_rooms_sold,
dev_hotel_analytics,vw_demand_segment,compset_rooms_sold_wow,
dev_hotel_analytics,vw_demand_channel,compset_rooms_sold_wow,
dev_hotel_analytics,vw_demand_segment,compset_rooms_sold_yoy,
dev_hotel_analytics,vw_demand_channel,compset_rooms_sold_yoy,
dev_hotel_analytics,snap_demand_segment,compset_rooms_wow,Compset rooms sold Week-over-Week.
dev_hotel_analytics,snap_demand_channel,compset_rooms_wow,Compset rooms sold Week-over-Week.
dev_hotel_analytics,snap_demand_segment,compset_rooms_yoy,Compset rooms sold Year-over-Year.
dev_hotel_analytics,snap_demand_channel,compset_rooms_yoy,Compset rooms sold Year-over-Year.
dev_hotel_analytics,dim_compset_demand,compset_shortname,
dev_hotel_analytics,dim_property_demand,compset_start_date,
dev_hotel_analytics,dim_compset_demand,compset_start_date,
dev_hotel_g4a,p_ga4_PagesAndScreens_281286275,contentGroup,A category that applies to items of published content. Populated by the event parameter content_group.
dev_hotel_g4a,ga4_PagesAndScreens_281286275,contentGroup,
dev_hotel_costar,CompsetData,country,
dev_hotel_costar,metrics_fact_costar,country,The country where the property is located.
dev_hotel_g4a,p_ga4_DemographicDetails_281286275,country,The country from which the user activity originated.
dev_hotel_g4a,ga4_DemographicDetails_281286275,country,
dev_hotel_forecast,dim_hotel_config,created_at,
dev_hotel_costar,CompsetData,creation_date,
dev_hotel_costar,metrics_fact_costar,creation_date,The date when the record was created.
dev_hotel_analytics,dim_property,crs_id,
dev_hotel_costar,MonthlyStar,cs_adr,Competitive Set Average Dollar Rate
dev_hotel_costar,DayStar,cs_adr,ADR represents the average income generated per room sold during a given timeframe. It is determined by dividing the total room revenue by the number of rooms sold.
dev_hotel_costar,MonthlyStar,cs_adr_pct_chg,Competitive Set Average Dollar Rate Percentage Change
dev_hotel_costar,DayStar,cs_adr_pct_chg,"ADR Percentage Change, showing the percentage change in ADR during a specific timeframe."
dev_hotel_costar,MonthlyStar,cs_adr_pct_chg_py,Competitive Set Average Dollar Rate Percentage Change Prior Year
dev_hotel_costar,DayStar,cs_adr_pct_chg_py,"ADR Percentage Change, showing the percentage change in ADR during a specific timeframe."
dev_hotel_costar,MonthlyStar,cs_adr_pct_chg_ytd,Competitive Set Average Dollar Rate Percentage Change Year to Date
dev_hotel_costar,MonthlyStar,cs_adr_pct_chg_ytd_py,Competitive Set Average Dollar Rate Percentage Change Year to Date Prior Year
dev_hotel_costar,MonthlyStar,cs_adr_py,Competitive Set Average Dollar Rate Percentage Change Prior Year
dev_hotel_costar,DayStar,cs_adr_py,ADR represents the average income generated per room sold during a given timeframe. It is determined by dividing the total room revenue by the number of rooms sold.
dev_hotel_costar,MonthlyStar,cs_adr_ytd,Competitive Set Average Dollar Rate Percentage Change Year to Date Prior Year
dev_hotel_costar,MonthlyStar,cs_adr_ytd_py,Competitive Set Average Dollar Rate Percentage Change Year to Date
dev_hotel_costar,MonthlyStar,cs_available_rms,Competitive Set  Total Available Rooms
dev_hotel_costar,CompsetData,cs_available_rms,
dev_hotel_costar,metrics_fact_costar,cs_available_rms,The number of available rooms for a property within the competitive set.
dev_hotel_costar,MonthlyStar,cs_available_rms_day,Competitive Set Room Supply based on SIngle Day
dev_hotel_costar,MonthlyStar,cs_available_rms_pct_chg,Supply Percentage Change Year to Date
dev_hotel_costar,MonthlyStar,cs_available_rms_pct_chg_py,Supply Percentage Change Year to Date Prior Year
dev_hotel_costar,MonthlyStar,cs_available_rms_pct_chg_ytd,Competitive Set Supply Percentage Change Year to Date
dev_hotel_costar,MonthlyStar,cs_available_rms_pct_chg_ytd_py,Competitive Set Supply Percentage Change Year to Date Prior Year
dev_hotel_costar,MonthlyStar,cs_available_rms_py,Room Supply Year to Date Prior Year
dev_hotel_costar,MonthlyStar,cs_available_rms_ytd,Competitive Set Room Supply Year to Date Prior Year
dev_hotel_costar,MonthlyStar,cs_available_rms_ytd_py,Competitive Set Room Supply Year to Date Prior Year
dev_hotel_costar,CompsetData,cs_brand,
dev_hotel_costar,metrics_fact_costar,cs_brand,The brand name of a property within the competitive set.
dev_hotel_costar,MonthlyStar,cs_census,Competitive Set Census
dev_hotel_costar,CompsetData,cs_census_id,
dev_hotel_costar,MonthlyStar,cs_census_py,Competitive Set Census Prior Year
dev_hotel_costar,CompsetData,cs_city,
dev_hotel_costar,metrics_fact_costar,cs_city,The city where a competitive set property is located.
dev_hotel_costar,CompsetData,cs_country,
dev_hotel_costar,metrics_fact_costar,cs_country,The country where a competitive set property is located.
dev_hotel_analytics,dim_property_demand,cs_demand_id,
dev_hotel_costar,metrics_fact_costar,cs_id,An identifier for the hotel chain to which a property belongs.
dev_hotel_costar,MonthlyStar,cs_no,Competitive Set Identifier
dev_hotel_costar,CompsetData,cs_no,
dev_hotel_costar,metrics_fact_costar,cs_no,A unique identifier for a competitive set.
dev_hotel_costar,MonthlyStar,cs_occ,Competitive Set Occupancy
dev_hotel_costar,DayStar,cs_occ,"Total Occupancy, showing the percentage of available rooms that have been sold during a specific timeframe."
dev_hotel_costar,MonthlyStar,cs_occ_pct_chg,Competitive Set Occupancy Percentage Change Prior Year
dev_hotel_costar,DayStar,cs_occ_pct_chg,"Occupancy Percentage Change, showing the percentage change in occupancy during a specific timeframe."
dev_hotel_costar,MonthlyStar,cs_occ_pct_chg_py,Competitive Set Occupancy Percentage Change Prior Year
dev_hotel_costar,DayStar,cs_occ_pct_chg_py,"Occupancy Percentage Change, showing the percentage change in occupancy during a specific timeframe."
dev_hotel_costar,MonthlyStar,cs_occ_pct_chg_ytd,Competitive Set Occupancy Percentage Change Year to Date
dev_hotel_costar,MonthlyStar,cs_occ_pct_chg_ytd_py,Competitive Set Occupancy Percentage Change Year to Date Prior Year
dev_hotel_costar,MonthlyStar,cs_occ_py,Competitive Set Occupancy Prior Year
dev_hotel_costar,DayStar,cs_occ_py,"Total Occupancy, showing the percentage of available rooms that have been sold during a specific timeframe."
dev_hotel_costar,MonthlyStar,cs_occ_ytd,Competitive Set Occupancy Year to Date
dev_hotel_costar,MonthlyStar,cs_occ_ytd_py,Competitive Set Occupancy Year to Date Prior Year
dev_hotel_costar,CompsetData,cs_open_date,
dev_hotel_costar,metrics_fact_costar,cs_open_date,The opening date for a property within the competitive set.
dev_hotel_costar,CompsetData,cs_owner,
dev_hotel_costar,metrics_fact_costar,cs_owner,The owner of the competitive set.
dev_hotel_costar,DayStar,cs_physical_capacity,The total number of rooms available for sale represents the property's fixed maximum inventory. This count excludes any rooms that are out of order.
dev_hotel_costar,CompsetData,cs_property_name,
dev_hotel_costar,metrics_fact_costar,cs_property_name,The name of a property within the competitive set.
dev_hotel_costar,MonthlyStar,cs_reference,Competitive Set Reference
dev_hotel_costar,CompsetData,cs_reference,
dev_hotel_costar,DayStar,cs_reference,"The Competitive Set reference provides a concise description of the composition of the set being utilized. Examples might include 'DC Lifestyle-Focused Set' or, more broadly, 'Performance Set' versus 'Additional Set."
dev_hotel_costar,metrics_fact_costar,cs_reference,A reference identifier for a competitive set.
dev_hotel_costar,MonthlyStar,cs_rev,Competitive Set Revenue
dev_hotel_costar,DayStar,cs_rev,Total room revenue
dev_hotel_costar,MonthlyStar,cs_rev_pct_chg,Competitive Set Revenue Percentage Change
dev_hotel_costar,MonthlyStar,cs_rev_pct_chg_py,Competitive Set Revenue Percentage Change Prior Year
dev_hotel_costar,MonthlyStar,cs_rev_pct_chg_ytd,Competitive Set Revenue Percentage Change Year to Date
dev_hotel_costar,MonthlyStar,cs_rev_pct_chg_ytd_py,Competitive Set Revenue Percentage Change Year to Date Prior Year
dev_hotel_costar,MonthlyStar,cs_rev_py,Competitive Set Revenue Prior Year
dev_hotel_costar,DayStar,cs_rev_py,Total room revenue
dev_hotel_costar,MonthlyStar,cs_rev_ytd,Competitive Set Revenue Year to Date
dev_hotel_costar,MonthlyStar,cs_rev_ytd_py,Competitive Set Revenue Year to Date Prior Year
dev_hotel_costar,MonthlyStar,cs_revpar,Competitive Set Revenue Per Available Room
dev_hotel_costar,DayStar,cs_revpar,Competitive set revenue per available room
dev_hotel_costar,MonthlyStar,cs_revpar_pct_chg,Competitive Set Revenue Per Available Room Percentage Change
dev_hotel_costar,DayStar,cs_revpar_pct_chg,"RevPAR Percentage Change, showing the percentage change in RevPar during a specific timeframe."
dev_hotel_costar,MonthlyStar,cs_revpar_pct_chg_py,Competitive Set Revenue Per Available Room Percentage Change Prior Year
dev_hotel_costar,DayStar,cs_revpar_pct_chg_py,"RevPAR Percentage Change, showing the percentage change in RevPar during a specific timeframe."
dev_hotel_costar,MonthlyStar,cs_revpar_pct_chg_ytd,Competitive Set Revenue Per Available Room Percentage Change Year to Date
dev_hotel_costar,MonthlyStar,cs_revpar_pct_chg_ytd_py,Competitive Set Revenue Per Available Room Percentage Change Year to Date Prior Year
dev_hotel_costar,MonthlyStar,cs_revpar_py,Competitive Set Revenue Per Available Room Prior Year
dev_hotel_costar,DayStar,cs_revpar_py,Competitive set revenue per available room
dev_hotel_costar,MonthlyStar,cs_revpar_ytd,Competitive Set Revenue Per Available Room Year to Date
dev_hotel_costar,MonthlyStar,cs_revpar_ytd_py,Competitive Set Revenue Per Available Room Year to Date Prior Year
dev_hotel_costar,CompsetData,cs_rms,
dev_hotel_costar,DayStar,cs_rms,Competitor number of rooms
dev_hotel_costar,DayStar,cs_rms_py,Competitor number of rooms
dev_hotel_costar,MonthlyStar,cs_rms_sold,Composite Set Room Revenue
dev_hotel_costar,MonthlyStar,cs_rms_sold_pct_chg,Competitive Set Supply Prior Percentage Change Prior Year
dev_hotel_costar,MonthlyStar,cs_rms_sold_pct_chg_py,Competitive Set Supply Percentage Change Year to Date
dev_hotel_costar,MonthlyStar,cs_rms_sold_pct_chg_ytd,Competitive Set Supply Percentage Change Year to Date Prior Year
dev_hotel_costar,MonthlyStar,cs_rms_sold_pct_chg_ytd_py,Competitive Set Supply Prior Year
dev_hotel_costar,MonthlyStar,cs_rms_sold_py,Competitive Set Rooms Sold  Prior Year
dev_hotel_costar,MonthlyStar,cs_rms_sold_ytd,Competitive Set Supply Year to Date
dev_hotel_costar,MonthlyStar,cs_rms_sold_ytd_py,Competitive Set Supply Year to Date Prior Year
dev_hotel_costar,MonthlyStar,cs_sample,Competitive Set Sample
dev_hotel_costar,MonthlyStar,cs_sample_pct_of_census,Competitive Set Supply Percentage of Census
dev_hotel_costar,MonthlyStar,cs_sample_pct_of_census_py,Competitive Set Supply Percentage of Census Prior Year
dev_hotel_costar,MonthlyStar,cs_sample_py,Competitive Set Sample Prior Year
dev_hotel_costar,DayStar,cs_set_id,"Filters values for consumed revenue, room nights, and other metrics based on the Competitive Set Identifier."
dev_hotel_costar,CompsetData,cs_state,
dev_hotel_costar,metrics_fact_costar,cs_state,The state where a competitive set property is located.
dev_hotel_costar,CompsetData,cs_status,
dev_hotel_costar,metrics_fact_costar,cs_status,The current status of the competitive set.
dev_hotel_costar,metrics_fact_costar,cs_str_id,An identifier associated with a competitive set's census data.
dev_hotel_costar,CompsetData,cs_type,
dev_hotel_costar,metrics_fact_costar,cs_type,The type of competitive set.
dev_hotel_analytics,fact_competitor_rates,currency,
dev_hotel_costar,MonthlyStar,currency_code,Currency Code
dev_hotel_costar,MonthlyStar,cy,Current Year
dev_hotel_costar,DayStar,cy,Current year
dev_hotel_analytics,vw_demand_segment,data_period,
dev_hotel_analytics,snap_demand_segment,data_period,Indicates if the data is 'current_year' or 'prior_year_inferred'.
dev_hotel_analytics,snap_demand_channel,data_period,Indicates if the data is 'current_year' or 'prior_year_inferred'.
dev_hotel_analytics,vw_demand_channel,data_period,
dev_hotel_forecast,fact_segment_daily,date,
dev_hotel_forecast,stg_pms_import,date,
dev_hotel_forecast,fact_daily_weights,date,
dev_hotel_analytics,vw_demand_segment,date,
dev_hotel_analytics,demand_channel_mix_daily,date,
dev_hotel_analytics,snap_demand_property_totals,date,
dev_hotel_analytics,demand_segment_mix_daily,date,
dev_hotel_analytics,vw_demand_channel,date,
dev_hotel_costar,DayStar,date_sent_to_big_query,Date when the data was sent to biq query
dev_hotel_costar,MonthlyStar,day,Day
dev_hotel_costar,DayStar,day,Day
dev_hotel_costar,MonthlyStar,days,Number of Days in Period
dev_hotel_costar,MonthlyStar,days_py,Number of Days in Period Prior Year
dev_hotel_costar,CompsetData,delete_on_date,
dev_hotel_costar,metrics_fact_costar,delete_on_date,The date on which a record is marked for deletion.
dev_hotel_analytics,fact_competitor_rates,demand,
dev_hotel_analytics,dim_property_demand,demand_compset_key,
dev_hotel_forecast,dim_segment_mapping,description,
dev_hotel_analytics,demand_segment_mix_daily,detail,
dev_hotel_g4a,ga4_TechDetails_281286275,deviceCategory,
dev_hotel_g4a,p_ga4_TechDetails_281286275,deviceCategory,"The type of device: Desktop, Tablet, or Mobile."
dev_hotel_costar,MonthlyStar,dow,Day of Week
dev_hotel_costar,DayStar,dow,Day of week
dev_hotel_analytics,dim_events,end_date,
dev_hotel_g4a,p_ga4_DemographicDetails_281286275,engagedSessions,The number of sessions that had an engaged event.
dev_hotel_g4a,ga4_TechDetails_281286275,engagedSessions,
dev_hotel_g4a,ga4_UserAcquisition_281286275,engagedSessions,
dev_hotel_g4a,ga4_DemographicDetails_281286275,engagedSessions,
dev_hotel_g4a,p_ga4_UserAcquisition_281286275,engagedSessions,"The number of sessions that lasted longer than 10 seconds, or had a key event, or had 2 or more screen views."
dev_hotel_g4a,p_ga4_TrafficAcquisition_281286275,engagedSessions,"The number of sessions that lasted longer than 10 seconds, or had a key event, or had 2 or more screen views."
dev_hotel_g4a,ga4_TrafficAcquisition_281286275,engagedSessions,
dev_hotel_g4a,p_ga4_TechDetails_281286275,engagedSessions,"The number of sessions that lasted longer than 10 seconds, or had a key event, or had 2 or more screen views."
dev_hotel_g4a,p_ga4_DemographicDetails_281286275,engagementRate,The percentage of sessions that had an engaged event.
dev_hotel_g4a,ga4_TechDetails_281286275,engagementRate,
dev_hotel_g4a,ga4_DemographicDetails_281286275,engagementRate,
dev_hotel_g4a,p_ga4_TrafficAcquisition_281286275,engagementRate,"The percentage of engaged sessions (Engaged sessions divided by Sessions). This metric is returned as a fraction; for example, 0.7239 means 72.39% of sessions were engaged sessions."
dev_hotel_g4a,ga4_TrafficAcquisition_281286275,engagementRate,
dev_hotel_g4a,p_ga4_TechDetails_281286275,engagementRate,"The percentage of engaged sessions (Engaged sessions divided by Sessions). This metric is returned as a fraction; for example, 0.7239 means 72.39% of sessions were engaged sessions."
dev_hotel_analytics,demand_total_hotel_daily,etl_date,
dev_hotel_g4a,p_ga4_DemographicDetails_281286275,eventCount,The count of events.
dev_hotel_g4a,ga4_Events_281286275,eventCount,
dev_hotel_g4a,ga4_TechDetails_281286275,eventCount,
dev_hotel_g4a,ga4_UserAcquisition_281286275,eventCount,
dev_hotel_g4a,ga4_DemographicDetails_281286275,eventCount,
dev_hotel_g4a,p_ga4_UserAcquisition_281286275,eventCount,The count of events.
dev_hotel_g4a,p_ga4_Events_281286275,eventCount,The count of events.
dev_hotel_g4a,p_ga4_TrafficAcquisition_281286275,eventCount,The count of events.
dev_hotel_g4a,p_ga4_PagesAndScreens_281286275,eventCount,The count of events.
dev_hotel_g4a,ga4_TrafficAcquisition_281286275,eventCount,
dev_hotel_g4a,ga4_PagesAndScreens_281286275,eventCount,
dev_hotel_g4a,p_ga4_TechDetails_281286275,eventCount,The count of events.
dev_hotel_g4a,ga4_Events_281286275,eventCountPerUser,
dev_hotel_g4a,p_ga4_Events_281286275,eventCountPerUser,The average number of events per user (Event count divided by Active users).
dev_hotel_g4a,ga4_Events_281286275,eventName,
dev_hotel_g4a,p_ga4_Events_281286275,eventName,The name of the event.
dev_hotel_analytics,dim_events,event_name,
dev_hotel_analytics,fact_market_insights,events,
dev_hotel_g4a,p_ga4_TrafficAcquisition_281286275,eventsPerSession,The average number of events per session (Event count divided by Sessions).
dev_hotel_g4a,ga4_TrafficAcquisition_281286275,eventsPerSession,
dev_hotel_settings,lkp_events_category,events_category,
dev_hotel_settings,lkp_events_impact,events_impact,
dev_hotel_costar,MonthlyStar,file_name,Source File Name
dev_hotel_analytics,vw_ml_feature_90d,final_actual_target,The label for AI training: The final actual rooms realized (NULL for future dates).
dev_hotel_analytics,vw_pace_segment_change_by_period,finance_segment,The financial classification of the booking segment.
dev_hotel_analytics,vw_pace_segment,finance_segment,
dev_hotel_analytics,dim_segment_demand,finance_segment,
dev_hotel_analytics,vw_pace_segment_current,finance_segment,
dev_hotel_analytics,dim_segment,finance_segment,
dev_hotel_g4a,ga4_UserAcquisition_281286275,firstUserCampaignName,
dev_hotel_g4a,p_ga4_UserAcquisition_281286275,firstUserCampaignName,"Name of the marketing campaign that first acquired the user. Includes Google Ads Campaigns, Manual Campaigns, & other Campaigns."
dev_hotel_g4a,ga4_UserAcquisition_281286275,firstUserDefaultChannelGroup,
dev_hotel_g4a,p_ga4_UserAcquisition_281286275,firstUserDefaultChannelGroup,"The default channel group that first acquired the user. Default channel group is based primarily on source and medium. An enumeration which includes Direct, Organic Search, Paid Social, Organic Social, Email, Affiliates, Referral, Paid Search, Video, and Display."
dev_hotel_g4a,ga4_UserAcquisition_281286275,firstUserMedium,
dev_hotel_g4a,p_ga4_UserAcquisition_281286275,firstUserMedium,The medium that first acquired the user to your website or app.
dev_hotel_g4a,ga4_UserAcquisition_281286275,firstUserPrimaryChannelGroup,
dev_hotel_g4a,p_ga4_UserAcquisition_281286275,firstUserPrimaryChannelGroup,The primary channel group that originally acquired a user. Primary channel groups are the channel groups used in standard reports in Google Analytics and serve as an active record of your property's data in alignment with channel grouping over time.
dev_hotel_g4a,ga4_UserAcquisition_281286275,firstUserSource,
dev_hotel_g4a,p_ga4_UserAcquisition_281286275,firstUserSource,The source that first acquired the user to your website or app.
dev_hotel_g4a,ga4_UserAcquisition_281286275,firstUserSourceMedium,
dev_hotel_g4a,p_ga4_UserAcquisition_281286275,firstUserSourceMedium,The combined values of the dimensions firstUserSource and firstUserMedium.
dev_hotel_g4a,ga4_UserAcquisition_281286275,firstUserSourcePlatform,
dev_hotel_g4a,p_ga4_UserAcquisition_281286275,firstUserSourcePlatform,The source platform that first acquired the user. Don't depend on this field returning Manual for traffic that uses UTMs; this field will update from returning Manual to returning (not set) for an upcoming feature launch.
dev_hotel_analytics,fact_market_insights,flex_hotel,
dev_hotel_forecast,stg_pms_import,food_bev_revenue,
dev_hotel_costar,Property_RPI_Fairshare_Goals,goal_year,Goal Year
dev_hotel_analytics,fact_market_insights,holidays,
dev_hotel_forecast,fact_segment_daily,hotel_id,
dev_hotel_forecast,dim_hotel_config,hotel_id,
dev_hotel_forecast,stg_pms_import,hotel_id,
dev_hotel_forecast,fact_daily_weights,hotel_id,
dev_hotel_forecast,dim_segment_mapping,hotel_id,
dev_hotel_analytics,fact_competitor_rates,hotel_id,
dev_hotel_analytics,fact_market_insights,hotel_occ,
dev_hotel_analytics,my_first_dbt_model,id,The primary key for this table
dev_hotel_analytics,dim_events,impact_level,
dev_hotel_forecast,stg_pms_import,import_id,
dev_hotel_forecast,stg_pms_import,imported_at,
dev_hotel_costar,MonthlyStar,index,Unique Row Identifier
dev_hotel_costar,CompsetData,index,
dev_hotel_costar,Property_RPI_Fairshare_Goals,index,Unique Row Identifier
dev_hotel_costar,metrics_fact_costar,index,A sequential identifier for records.
dev_hotel_costar,DayStar,ingested_timestamp,Datetime of data ingestion
dev_hotel_settings,lkp_events_impact,insert_timestamp,
dev_hotel_settings,lkp_events_category,insert_timestamp,
dev_hotel_costar,MonthlyStar,insert_timestamp,
dev_hotel_costar,Property_RPI_Fairshare_Goals,insert_timestamp,Inserted Timestamp
dev_hotel_analytics,fact_competitor_rates,inserted_at,
dev_hotel_analytics,fact_market_insights,inserted_at,Timestamp when the record was inserted into BigQuery
dev_hotel_forecast,dim_hotel_config,is_active,
dev_hotel_forecast,dim_segment_mapping,is_active,
dev_hotel_analytics,fact_competitor_rates,is_flexible,TRUE if rate allows cancellation/flexibility
dev_hotel_analytics,fact_market_insights,is_flexible,TRUE if rate allows cancellation/flexibility
dev_hotel_analytics,dim_events,is_recurring,
dev_hotel_analytics,fact_competitor_rates,is_sold_out,TRUE if Remark indicates Sold Out
dev_hotel_analytics,fact_market_insights,is_sold_out,TRUE if Remark indicates Sold Out
dev_hotel_g4a,ga4_EcommercePurchases_281286275,itemBrand,
dev_hotel_g4a,p_ga4_EcommercePurchases_281286275,itemBrand,Brand name of the item.
dev_hotel_g4a,ga4_EcommercePurchases_281286275,itemCategory,
dev_hotel_g4a,p_ga4_EcommercePurchases_281286275,itemCategory,"The hierarchical category in which the item is classified. For example, in Apparel/Mens/Summer/Shirts/T-shirts, Apparel is the item category."
dev_hotel_g4a,ga4_EcommercePurchases_281286275,itemCategory2,
dev_hotel_g4a,p_ga4_EcommercePurchases_281286275,itemCategory2,"The hierarchical category in which the item is classified. For example, in Apparel/Mens/Summer/Shirts/T-shirts, Mens is the item category 2."
dev_hotel_g4a,ga4_EcommercePurchases_281286275,itemCategory3,
dev_hotel_g4a,p_ga4_EcommercePurchases_281286275,itemCategory3,"The hierarchical category in which the item is classified. For example, in Apparel/Mens/Summer/Shirts/T-shirts, Summer is the item category 3."
dev_hotel_g4a,ga4_EcommercePurchases_281286275,itemCategory4,
dev_hotel_g4a,p_ga4_EcommercePurchases_281286275,itemCategory4,"The hierarchical category in which the item is classified. For example, in Apparel/Mens/Summer/Shirts/T-shirts, Shirts is the item category 4."
dev_hotel_g4a,ga4_EcommercePurchases_281286275,itemCategory5,
dev_hotel_g4a,p_ga4_EcommercePurchases_281286275,itemCategory5,"The hierarchical category in which the item is classified. For example, in Apparel/Mens/Summer/Shirts/T-shirts, T-shirts is the item category 5."
dev_hotel_g4a,ga4_EcommercePurchases_281286275,itemId,
dev_hotel_g4a,p_ga4_EcommercePurchases_281286275,itemId,The ID of the item.
dev_hotel_g4a,ga4_EcommercePurchases_281286275,itemListPosition,
dev_hotel_g4a,p_ga4_EcommercePurchases_281286275,itemListPosition,"The position of an item in a list. For example, a product you sell in a list. This dimension is populated in tagging by the index parameter in the items array."
dev_hotel_g4a,p_ga4_Promotions_281286275,itemListPosition,"The position of an item in a list. For example, a product you sell in a list. This dimension is populated in tagging by the index parameter in the items array."
dev_hotel_g4a,ga4_Promotions_281286275,itemListPosition,
dev_hotel_g4a,ga4_EcommercePurchases_281286275,itemName,
dev_hotel_g4a,p_ga4_EcommercePurchases_281286275,itemName,The name of the item.
dev_hotel_g4a,p_ga4_Promotions_281286275,itemPromotionClickThroughRate,"The number of users who selected a promotion(s) divided by the number of users who viewed the same promotion(s). This metric is returned as a fraction; for example, 0.1382 means 13.82% of users who viewed a promotion also selected the promotion."
dev_hotel_g4a,ga4_Promotions_281286275,itemPromotionClickThroughRate,
dev_hotel_g4a,p_ga4_Promotions_281286275,itemPromotionCreativeName,The name of the item-promotion creative.
dev_hotel_g4a,ga4_Promotions_281286275,itemPromotionCreativeName,
dev_hotel_g4a,p_ga4_Promotions_281286275,itemPromotionId,The ID of the promotion.
dev_hotel_g4a,ga4_Promotions_281286275,itemPromotionId,
dev_hotel_g4a,p_ga4_Promotions_281286275,itemPromotionName,The name of the promotion for the item.
dev_hotel_g4a,ga4_Promotions_281286275,itemPromotionName,
dev_hotel_g4a,ga4_EcommercePurchases_281286275,itemRevenue,
dev_hotel_g4a,p_ga4_EcommercePurchases_281286275,itemRevenue,The total revenue from purchases minus refunded transaction revenue from items only. Item revenue is the product of its price and quantity. Item revenue excludes tax and shipping values; tax & shipping values are specified at the event and not item level.
dev_hotel_g4a,p_ga4_Promotions_281286275,itemRevenue,The total revenue from purchases minus refunded transaction revenue from items only. Item revenue is the product of its price and quantity. Item revenue excludes tax and shipping values; tax & shipping values are specified at the event and not item level.
dev_hotel_g4a,ga4_Promotions_281286275,itemRevenue,
dev_hotel_g4a,ga4_EcommercePurchases_281286275,itemVariant,
dev_hotel_g4a,p_ga4_EcommercePurchases_281286275,itemVariant,"The specific variation of a product. For example, XS, S, M, or L for size; or Red, Blue, Green, or Black for color. Populated by the item_variant parameter."
dev_hotel_g4a,ga4_EcommercePurchases_281286275,itemsAddedToCart,
dev_hotel_g4a,p_ga4_EcommercePurchases_281286275,itemsAddedToCart,The number of units added to cart for a single item. This metric counts the quantity of items in add_to_cart events.
dev_hotel_g4a,p_ga4_Promotions_281286275,itemsAddedToCart,The number of units added to cart for a single item. This metric counts the quantity of items in add_to_cart events.
dev_hotel_g4a,ga4_Promotions_281286275,itemsAddedToCart,
dev_hotel_g4a,p_ga4_Promotions_281286275,itemsCheckedOut,The number of units checked out for a single item. This metric counts the quantity of items in begin_checkout events.
dev_hotel_g4a,ga4_Promotions_281286275,itemsCheckedOut,
dev_hotel_g4a,p_ga4_Promotions_281286275,itemsClickedInPromotion,The number of units clicked in promotion for a single item. This metric counts the quantity of items in select_promotion events.
dev_hotel_g4a,ga4_Promotions_281286275,itemsClickedInPromotion,
dev_hotel_g4a,ga4_EcommercePurchases_281286275,itemsPurchased,
dev_hotel_g4a,p_ga4_EcommercePurchases_281286275,itemsPurchased,The number of units for a single item included in purchase events. This metric counts the quantity of items in purchase events.
dev_hotel_g4a,p_ga4_Promotions_281286275,itemsPurchased,The number of units for a single item included in purchase events. This metric counts the quantity of items in purchase events.
dev_hotel_g4a,ga4_Promotions_281286275,itemsPurchased,
dev_hotel_g4a,ga4_EcommercePurchases_281286275,itemsViewed,
dev_hotel_g4a,p_ga4_EcommercePurchases_281286275,itemsViewed,The number of units viewed for a single item. This metric counts the quantity of items in view_item events.
dev_hotel_g4a,p_ga4_Promotions_281286275,itemsViewedInPromotion,The number of units viewed in promotion for a single item. This metric counts the quantity of items in view_promotion events.
dev_hotel_g4a,ga4_Promotions_281286275,itemsViewedInPromotion,
dev_hotel_analytics,dim_source,key,
dev_hotel_g4a,p_ga4_DemographicDetails_281286275,keyEvents,The number of key events that occurred.
dev_hotel_g4a,ga4_LandingPage_281286275,keyEvents,
dev_hotel_g4a,ga4_TechDetails_281286275,keyEvents,
dev_hotel_g4a,ga4_UserAcquisition_281286275,keyEvents,
dev_hotel_g4a,ga4_DemographicDetails_281286275,keyEvents,
dev_hotel_g4a,p_ga4_UserAcquisition_281286275,keyEvents,The number of key events that occurred.
dev_hotel_g4a,p_ga4_TrafficAcquisition_281286275,keyEvents,The number of key events that occurred.
dev_hotel_g4a,p_ga4_LandingPage_281286275,keyEvents,The number of key events that occurred.
dev_hotel_g4a,p_ga4_PagesAndScreens_281286275,keyEvents,The number of key events that occurred.
dev_hotel_g4a,ga4_TrafficAcquisition_281286275,keyEvents,
dev_hotel_g4a,ga4_PagesAndScreens_281286275,keyEvents,
dev_hotel_g4a,p_ga4_TechDetails_281286275,keyEvents,The number of key events that occurred.
dev_hotel_g4a,ga4_LandingPage_281286275,landingPage,
dev_hotel_g4a,p_ga4_LandingPage_281286275,landingPage,The page path associated with the first pageview in a session.
dev_hotel_g4a,p_ga4_DemographicDetails_281286275,language,"The language setting of the user's browser or device. For example, English."
dev_hotel_g4a,ga4_DemographicDetails_281286275,language,
dev_hotel_forecast,fact_daily_weights,last_computed,
dev_hotel_costar,Property_RPI_Fairshare_Goals,last_writeback_date,Last Updated On
dev_hotel_analytics,vw_ml_feature_90d,lead_time,Days remaining between the snapshot and the arrival date.
dev_hotel_costar,CompsetData,legacy_position,
dev_hotel_costar,metrics_fact_costar,legacy_position,A historical or inherited position value.
dev_hotel_analytics,dim_property,location,
dev_hotel_analytics,fact_competitor_rates,los,
dev_hotel_analytics,snap_pace_property,lrv,
dev_hotel_analytics,vw_pace_property,lrv,"The last room value, representing a pricing metric."
dev_hotel_analytics,vw_pace_property_current,lrv,"The Last Room Value, representing the estimated revenue for the last room sold."
dev_hotel_analytics,dim_property,management_company,
dev_hotel_analytics,fact_market_insights,market_demand,
dev_hotel_analytics,demand_total_hotel_daily,market_segment,
dev_hotel_analytics,demand_segment_mix_daily,market_segment,
dev_hotel_analytics,dim_events,master_event_id,"Unique ID for the event type (e.g., 'ANNUAL_JAZZ_FEST'). Used to link year-over-year impact."
dev_hotel_analytics,fact_competitor_rates,meal_type,
dev_hotel_analytics,fact_market_insights,median_flex_compset,
dev_hotel_analytics,fact_competitor_rates,membership,
dev_hotel_costar,Property_RPI_Fairshare_Goals,metric,Metric
dev_hotel_analytics,fact_competitor_rates,min_los,Minimum Length of Stay extracted from Remarks
dev_hotel_analytics,fact_market_insights,min_los,Minimum Length of Stay extracted from Remarks
dev_hotel_costar,MonthlyStar,month,Month of the Year
dev_hotel_costar,DayStar,month,Month of the year
dev_hotel_analytics,demand_channel_mix_daily,month,
dev_hotel_analytics,demand_total_hotel_daily,month,
dev_hotel_analytics,snap_demand_property_totals,month,
dev_hotel_analytics,demand_segment_mix_daily,month,
dev_hotel_costar,Property_RPI_Fairshare_Goals,month_01,January
dev_hotel_costar,Property_RPI_Fairshare_Goals,month_02,February
dev_hotel_costar,Property_RPI_Fairshare_Goals,month_03,March
dev_hotel_costar,Property_RPI_Fairshare_Goals,month_04,April
dev_hotel_costar,Property_RPI_Fairshare_Goals,month_05,May
dev_hotel_costar,Property_RPI_Fairshare_Goals,month_06,June
dev_hotel_costar,Property_RPI_Fairshare_Goals,month_07,July
dev_hotel_costar,Property_RPI_Fairshare_Goals,month_08,August
dev_hotel_costar,Property_RPI_Fairshare_Goals,month_09,September
dev_hotel_costar,Property_RPI_Fairshare_Goals,month_10,October
dev_hotel_costar,Property_RPI_Fairshare_Goals,month_11,November
dev_hotel_costar,Property_RPI_Fairshare_Goals,month_12,December
dev_hotel_costar,MonthlyStar,month_name,Month
dev_hotel_costar,DayStar,month_name,The full name of the Month
dev_hotel_g4a,p_ga4_DemographicDetails_281286275,newUsers,The number of users who interacted with your site or launched your app for the first time (event triggered: first_open or first_visit).
dev_hotel_g4a,ga4_LandingPage_281286275,newUsers,
dev_hotel_g4a,ga4_TechDetails_281286275,newUsers,
dev_hotel_g4a,ga4_UserAcquisition_281286275,newUsers,
dev_hotel_g4a,ga4_DemographicDetails_281286275,newUsers,
dev_hotel_g4a,p_ga4_UserAcquisition_281286275,newUsers,The number of users who interacted with your site or launched your app for the first time (event triggered: first_open or first_visit).
dev_hotel_g4a,p_ga4_LandingPage_281286275,newUsers,The number of users who interacted with your site or launched your app for the first time (event triggered: first_open or first_visit).
dev_hotel_g4a,ga4_Audiences_281286275,newUsers,
dev_hotel_g4a,p_ga4_TechDetails_281286275,newUsers,The number of users who interacted with your site or launched your app for the first time (event triggered: first_open or first_visit).
dev_hotel_g4a,p_ga4_Audiences_281286275,newUsers,The number of users who interacted with your site or launched your app for the first time (event triggered: first_open or first_visit).
dev_hotel_sales,nihrm__BookingOtherIncome__c,nihrm__Abbreviation__c,
dev_hotel_sales,nihrm__Package__c,nihrm__Abbreviation__c,
dev_hotel_sales,nihrm__GuestroomType__c,nihrm__Abbreviation__c,
dev_hotel_sales,nihrm__EventClassification__c,nihrm__Abbreviation__c,
dev_hotel_sales,nihrm__Booking__c,nihrm__Abbreviation__c,
dev_hotel_sales,nihrm__OtherIncome__c,nihrm__Abbreviation__c,
dev_hotel_sales,nihrm__Location__c,nihrm__Abbreviation__c,
dev_hotel_sales,nihrm__Item__c,nihrm__Abbreviation__c,
dev_hotel_sales,nihrm__BookingPackage__c,nihrm__Abbreviation__c,
dev_hotel_sales,nihrm__SetupValue__c,nihrm__Abbreviation__c,
dev_hotel_sales,nihrm__Reservation__c,nihrm__AccompanyingGuest__c,
dev_hotel_sales,nihrm__Reservation__c,nihrm__AccountCity__c,
dev_hotel_sales,nihrm__Reservation__c,nihrm__AccountCountryCode__c,
dev_hotel_sales,nihrm__Reservation__c,nihrm__AccountCountry__c,
dev_hotel_sales,nihrm__VolumeContract__c,nihrm__AccountId__c,
dev_hotel_sales,nihrm__Reservation__c,nihrm__AccountId__c,
dev_hotel_sales,nihrm__Reservation__c,nihrm__AccountName__c,
dev_hotel_sales,nihrm__Reservation__c,nihrm__AccountPostalCode__c,
dev_hotel_sales,nihrm__Reservation__c,nihrm__AccountState__c,
dev_hotel_sales,nihrm__Reservation__c,nihrm__AccountStreet1__c,
dev_hotel_sales,nihrm__Reservation__c,nihrm__AccountStreet2__c,
dev_hotel_sales,nihrm__Reservation__c,nihrm__AccountStreet3__c,
dev_hotel_sales,nihrm__Reservation__c,nihrm__AccountWebsite__c,
dev_hotel_sales,nihrm__VolumeContract__c,nihrm__Account__c,
dev_hotel_sales,nihrm__Booking__c,nihrm__Account__c,
dev_hotel_sales,nihrm__Inquiry__c,nihrm__Account__c,
dev_hotel_sales,nihrm__SalesGoal__c,nihrm__ActivityEndDate__c,
dev_hotel_sales,nihrm__SalesGoal__c,nihrm__ActivityStartDate__c,
dev_hotel_sales,nihrm__Location__c,nihrm__ActivityType__c,
dev_hotel_sales,nihrm__EventItem__c,nihrm__ActualDiscountedExtAlternatePrice__c,
dev_hotel_sales,nihrm__EventItemAlternatePrice__c,nihrm__ActualDiscountedExtPrice__c,
dev_hotel_sales,nihrm__EventItem__c,nihrm__ActualDiscountedExtPrice__c,
dev_hotel_sales,nihrm__EventItem__c,nihrm__ActualDiscountedInclExtAlternatePrice__c,
dev_hotel_sales,nihrm__EventItem__c,nihrm__ActualDiscountedInclusiveExtPrice__c,
dev_hotel_sales,nihrm__EventItem__c,nihrm__ActualEventQuantity__c,
dev_hotel_sales,nihrm__Booking__c,nihrm__ActualEventRevenue10__c,
dev_hotel_sales,nihrm__Booking__c,nihrm__ActualEventRevenue11__c,
dev_hotel_sales,nihrm__Booking__c,nihrm__ActualEventRevenue12__c,
dev_hotel_sales,nihrm__Booking__c,nihrm__ActualEventRevenue13__c,
dev_hotel_sales,nihrm__Booking__c,nihrm__ActualEventRevenue14__c,
dev_hotel_sales,nihrm__Booking__c,nihrm__ActualEventRevenue15__c,
dev_hotel_sales,nihrm__Booking__c,nihrm__ActualEventRevenue1__c,
dev_hotel_sales,nihrm__Booking__c,nihrm__ActualEventRevenue2__c,
dev_hotel_sales,nihrm__Booking__c,nihrm__ActualEventRevenue3__c,
dev_hotel_sales,nihrm__Booking__c,nihrm__ActualEventRevenue4__c,
dev_hotel_sales,nihrm__Booking__c,nihrm__ActualEventRevenue5__c,
dev_hotel_sales,nihrm__Booking__c,nihrm__ActualEventRevenue6__c,
dev_hotel_sales,nihrm__Booking__c,nihrm__ActualEventRevenue7__c,
dev_hotel_sales,nihrm__Booking__c,nihrm__ActualEventRevenue8__c,
dev_hotel_sales,nihrm__Booking__c,nihrm__ActualEventRevenue9__c,
dev_hotel_sales,nihrm__Booking__c,nihrm__ActualEventRevenueTotal__c,
dev_hotel_sales,nihrm__EventItemAlternatePrice__c,nihrm__ActualExclusiveAdminCharge__c,
dev_hotel_sales,nihrm__EventItem__c,nihrm__ActualExclusiveAdminCharge__c,
dev_hotel_sales,nihrm__EventItem__c,nihrm__ActualExclusiveAlternateAdminCharge__c,
dev_hotel_sales,nihrm__EventItem__c,nihrm__ActualExclusiveAlternateGratuity__c,
dev_hotel_sales,nihrm__EventItemAlternatePrice__c,nihrm__ActualExclusiveGratuity__c,
dev_hotel_sales,nihrm__EventItem__c,nihrm__ActualExclusiveGratuity__c,
dev_hotel_sales,nihrm__EventItem__c,nihrm__ActualExclusiveTaxes__c,
dev_hotel_sales,nihrm__EventItem__c,nihrm__ActualExtAlternatePrice__c,
dev_hotel_sales,nihrm__EventItemAlternatePrice__c,nihrm__ActualExtPrice__c,
dev_hotel_sales,nihrm__EventItem__c,nihrm__ActualExtPrice__c,
dev_hotel_sales,nihrm__VolumeContractPeriod__c,nihrm__ActualFBRevenue__c,
dev_hotel_sales,nihrm__VolumeContract__c,nihrm__ActualFBRevenue__c,
dev_hotel_sales,nihrm__Booking__c,nihrm__ActualGuestroomRevenueTotal__c,
dev_hotel_sales,nihrm__EventItem__c,nihrm__ActualInclExtAlternatePrice__c,
dev_hotel_sales,nihrm__EventItem__c,nihrm__ActualInclExtPrice__c,
dev_hotel_sales,nihrm__Booking__c,nihrm__ActualMaxAttendance__c,
dev_hotel_sales,nihrm__VolumeContractPeriod__c,nihrm__ActualOtherRevenue__c,
dev_hotel_sales,nihrm__VolumeContract__c,nihrm__ActualOtherRevenue__c,
dev_hotel_sales,nihrm__EventItem__c,nihrm__ActualPackageQuantity__c,
dev_hotel_sales,nihrm__EventItem__c,nihrm__ActualQuantity__c,
dev_hotel_sales,nihrm__VolumeContractPeriod__c,nihrm__ActualRate__c,
dev_hotel_sales,nihrm__VolumeContract__c,nihrm__ActualRate__c,
dev_hotel_sales,nihrm__BookingOtherIncome__c,nihrm__ActualRevenue10__c,
dev_hotel_sales,nihrm__EventItem__c,nihrm__ActualRevenue10__c,
dev_hotel_sales,nihrm__BookingOtherIncome__c,nihrm__ActualRevenue11__c,
dev_hotel_sales,nihrm__EventItem__c,nihrm__ActualRevenue11__c,
dev_hotel_sales,nihrm__BookingOtherIncome__c,nihrm__ActualRevenue12__c,
dev_hotel_sales,nihrm__EventItem__c,nihrm__ActualRevenue12__c,
dev_hotel_sales,nihrm__BookingOtherIncome__c,nihrm__ActualRevenue13__c,
dev_hotel_sales,nihrm__EventItem__c,nihrm__ActualRevenue13__c,
dev_hotel_sales,nihrm__BookingOtherIncome__c,nihrm__ActualRevenue14__c,
dev_hotel_sales,nihrm__EventItem__c,nihrm__ActualRevenue14__c,
dev_hotel_sales,nihrm__BookingOtherIncome__c,nihrm__ActualRevenue15__c,
dev_hotel_sales,nihrm__EventItem__c,nihrm__ActualRevenue15__c,
dev_hotel_sales,nihrm__BookingOtherIncome__c,nihrm__ActualRevenue1__c,
dev_hotel_sales,nihrm__EventItem__c,nihrm__ActualRevenue1__c,
dev_hotel_sales,nihrm__BookingOtherIncome__c,nihrm__ActualRevenue2__c,
dev_hotel_sales,nihrm__EventItem__c,nihrm__ActualRevenue2__c,
dev_hotel_sales,nihrm__BookingOtherIncome__c,nihrm__ActualRevenue3__c,
dev_hotel_sales,nihrm__EventItem__c,nihrm__ActualRevenue3__c,
dev_hotel_sales,nihrm__BookingOtherIncome__c,nihrm__ActualRevenue4__c,
dev_hotel_sales,nihrm__EventItem__c,nihrm__ActualRevenue4__c,
dev_hotel_sales,nihrm__BookingOtherIncome__c,nihrm__ActualRevenue5__c,
dev_hotel_sales,nihrm__EventItem__c,nihrm__ActualRevenue5__c,
dev_hotel_sales,nihrm__BookingOtherIncome__c,nihrm__ActualRevenue6__c,
dev_hotel_sales,nihrm__EventItem__c,nihrm__ActualRevenue6__c,
dev_hotel_sales,nihrm__BookingOtherIncome__c,nihrm__ActualRevenue7__c,
dev_hotel_sales,nihrm__EventItem__c,nihrm__ActualRevenue7__c,
dev_hotel_sales,nihrm__BookingOtherIncome__c,nihrm__ActualRevenue8__c,
dev_hotel_sales,nihrm__EventItem__c,nihrm__ActualRevenue8__c,
dev_hotel_sales,nihrm__BookingOtherIncome__c,nihrm__ActualRevenue9__c,
dev_hotel_sales,nihrm__EventItem__c,nihrm__ActualRevenue9__c,
dev_hotel_sales,nihrm__BookingOtherIncome__c,nihrm__ActualRevenueTotal__c,
dev_hotel_sales,nihrm__Booking__c,nihrm__ActualRevenueTotal__c,
dev_hotel_sales,nihrm__VolumeContractPeriod__c,nihrm__ActualRoomRevenue__c,
dev_hotel_sales,nihrm__VolumeContract__c,nihrm__ActualRoomRevenue__c,
dev_hotel_sales,nihrm__VolumeContractPeriod__c,nihrm__ActualRooms__c,
dev_hotel_sales,nihrm__VolumeContract__c,nihrm__ActualRooms__c,
dev_hotel_sales,nihrm__BookingTax__c,nihrm__ActualTaxAmount1__c,
dev_hotel_sales,nihrm__BookingTax__c,nihrm__ActualTaxAmount2__c,
dev_hotel_sales,nihrm__BookingTax__c,nihrm__ActualTaxAmount3__c,
dev_hotel_sales,nihrm__BookingTax__c,nihrm__ActualTaxAmount4__c,
dev_hotel_sales,nihrm__BookingTax__c,nihrm__ActualTaxAmount__c,
dev_hotel_sales,nihrm__BookingTax__c,nihrm__ActualTaxableAmount1__c,
dev_hotel_sales,nihrm__BookingTax__c,nihrm__ActualTaxableAmount2__c,
dev_hotel_sales,nihrm__BookingTax__c,nihrm__ActualTaxableAmount3__c,
dev_hotel_sales,nihrm__BookingTax__c,nihrm__ActualTaxableAmount4__c,
dev_hotel_sales,nihrm__BookingTax__c,nihrm__ActualTaxableAmount__c,
dev_hotel_sales,nihrm__VolumeContractPeriod__c,nihrm__ActualTotalRevenue__c,
dev_hotel_sales,nihrm__VolumeContract__c,nihrm__ActualTotalRevenue__c,
dev_hotel_sales,nihrm__Booking__c,nihrm__AdditionalSalesManager__c,
dev_hotel_sales,nihrm__Location__c,nihrm__AddressLine1__c,
dev_hotel_sales,nihrm__Location__c,nihrm__AddressLine2__c,
dev_hotel_sales,nihrm__Location__c,nihrm__AddressLine3__c,
dev_hotel_sales,nihrm__BookingOtherIncome__c,nihrm__AdminCharge__c,
dev_hotel_sales,nihrm__EventItem__c,nihrm__AdminCharge__c,
dev_hotel_sales,nihrm__Item__c,nihrm__AdminCharge__c,
dev_hotel_sales,nihrm__EventPackageRevenueBreakdown__c,nihrm__AdminCharge__c,
dev_hotel_sales,nihrm__RevenueClassificationJunction__c,nihrm__AdminCharge__c,
dev_hotel_sales,nihrm__EventItemRevenueBreakdown__c,nihrm__AdminCharge__c,
dev_hotel_sales,nihrm__BookingOtherIncome__c,nihrm__AdminIsIncludedInInclusivePrice__c,
dev_hotel_sales,nihrm__RevenueClassification__c,nihrm__AdminIsIncludedInInclusivePrice__c,
dev_hotel_sales,nihrm__EventItem__c,nihrm__AdminIsIncludedInInclusivePrice__c,
dev_hotel_sales,nihrm__Item__c,nihrm__AdminIsIncludedInInclusivePrice__c,
dev_hotel_sales,nihrm__EventPackageRevenueBreakdown__c,nihrm__AdminIsIncludedInInclusivePrice__c,
dev_hotel_sales,nihrm__EventItemRevenueBreakdown__c,nihrm__AdminIsIncludedInInclusivePrice__c,
dev_hotel_sales,nihrm__ReservationNight__c,nihrm__Adults__c,
dev_hotel_sales,nihrm__Reservation__c,nihrm__Adults__c,
dev_hotel_sales,nihrm__BookingOtherIncome__c,nihrm__AdvancedBooking__c,
dev_hotel_sales,nihrm__BookingPackage__c,nihrm__AdvancedBooking__c,
dev_hotel_sales,nihrm__BookingRoomBlock__c,nihrm__AdvancedBooking__c,
dev_hotel_sales,nihrm__BookingTax__c,nihrm__AffectsGuestroomBlock__c,
dev_hotel_sales,nihrm__Location__c,nihrm__Afternoon24hrs__c,
dev_hotel_sales,nihrm__VolumeContract__c,nihrm__Agency__c,
dev_hotel_sales,nihrm__Booking__c,nihrm__Agency__c,
dev_hotel_sales,nihrm__Booking__c,nihrm__AgreedAverageDailyRate__c,
dev_hotel_sales,nihrm__BookingRoomBlock__c,nihrm__AgreedAverageDailyRate__c,
dev_hotel_sales,nihrm__BookingRoomNight__c,nihrm__AgreedAverageRate__c,
dev_hotel_sales,nihrm__Booking__c,nihrm__AgreedGuestroomRevenueTotal__c,
dev_hotel_sales,nihrm__Booking__c,nihrm__AgreedMaxAttendance__c,
dev_hotel_sales,nihrm__BookingRoomNight__c,nihrm__AgreedRate1__c,
dev_hotel_sales,nihrm__BookingRoomNight__c,nihrm__AgreedRate2__c,
dev_hotel_sales,nihrm__BookingRoomNight__c,nihrm__AgreedRate3__c,
dev_hotel_sales,nihrm__BookingRoomNight__c,nihrm__AgreedRate4__c,
dev_hotel_sales,nihrm__BookingRoomBlock__c,nihrm__AgreedRevenueTotal__c,
dev_hotel_sales,nihrm__BookingRoomNight__c,nihrm__AgreedRevenue__c,
dev_hotel_sales,nihrm__Booking__c,nihrm__AgreedRoomnightsTotal__c,
dev_hotel_sales,nihrm__BookingRoomBlock__c,nihrm__AgreedRoomnightsTotal__c,
dev_hotel_sales,nihrm__BookingRoomNight__c,nihrm__AgreedRooms1__c,
dev_hotel_sales,nihrm__BookingRoomNight__c,nihrm__AgreedRooms2__c,
dev_hotel_sales,nihrm__BookingRoomNight__c,nihrm__AgreedRooms3__c,
dev_hotel_sales,nihrm__BookingRoomNight__c,nihrm__AgreedRooms4__c,
dev_hotel_sales,nihrm__BookingRoomNight__c,nihrm__AgreedRoomsTotal__c,
dev_hotel_sales,nihrm__EventItem__c,nihrm__AllowDecimalQuantities__c,
dev_hotel_sales,nihrm__Item__c,nihrm__AllowDecimalQuantities__c,
dev_hotel_sales,nihrm__ChannelLocation__c,nihrm__AllowGuestroomSearch__c,
dev_hotel_sales,nihrm__Site__c,nihrm__AllowGuestroomSearch__c,
dev_hotel_sales,nihrm__ChannelLocation__c,nihrm__AllowMeetingSpaceSearch__c,
dev_hotel_sales,nihrm__Site__c,nihrm__AllowMeetingSpaceSearch__c,
dev_hotel_sales,nihrm__SetupValue__c,nihrm__AlternateAbbreviationDE__c,
dev_hotel_sales,nihrm__SetupValue__c,nihrm__AlternateAbbreviationEL__c,
dev_hotel_sales,nihrm__SetupValue__c,nihrm__AlternateAbbreviationENUS__c,
dev_hotel_sales,nihrm__SetupValue__c,nihrm__AlternateAbbreviationES__c,
dev_hotel_sales,nihrm__SetupValue__c,nihrm__AlternateAbbreviationFR__c,
dev_hotel_sales,nihrm__SetupValue__c,nihrm__AlternateAbbreviationHU__c,
dev_hotel_sales,nihrm__SetupValue__c,nihrm__AlternateAbbreviationIT__c,
dev_hotel_sales,nihrm__SetupValue__c,nihrm__AlternateAbbreviationJA__c,
dev_hotel_sales,nihrm__SetupValue__c,nihrm__AlternateAbbreviationNLNL__c,
dev_hotel_sales,nihrm__SetupValue__c,nihrm__AlternateAbbreviationPL__c,
dev_hotel_sales,nihrm__SetupValue__c,nihrm__AlternateAbbreviationPTBR__c,
dev_hotel_sales,nihrm__SetupValue__c,nihrm__AlternateAbbreviationPTPT__c,
dev_hotel_sales,nihrm__SetupValue__c,nihrm__AlternateAbbreviationRU__c,
dev_hotel_sales,nihrm__SetupValue__c,nihrm__AlternateAbbreviationTR__c,
dev_hotel_sales,nihrm__SetupValue__c,nihrm__AlternateAbbreviationZHCN__c,
dev_hotel_sales,nihrm__SetupValue__c,nihrm__AlternateAbbreviationZHTW__c,
dev_hotel_sales,nihrm__GuestroomType__c,nihrm__AlternateAbbreviation__c,
dev_hotel_sales,nihrm__EventClassification__c,nihrm__AlternateAbbreviation__c,
dev_hotel_sales,nihrm__SetupValue__c,nihrm__AlternateAbbreviation__c,
dev_hotel_sales,nihrm__Location__c,nihrm__AlternateCurrencies__c,
dev_hotel_sales,nihrm__FunctionRoomAlternatePrice__c,nihrm__AlternateCurrencyCode__c,
dev_hotel_sales,nihrm__EventItemAlternatePrice__c,nihrm__AlternateCurrencyCode__c,
dev_hotel_sales,nihrm__EIRevBreakdownAlternatePrice__c,nihrm__AlternateCurrencyCode__c,
dev_hotel_sales,nihrm__EventClassification__c,nihrm__AlternateDescription__c,
dev_hotel_sales,nihrm__EventItem__c,nihrm__AlternateDescription__c,
dev_hotel_sales,nihrm__Item__c,nihrm__AlternateDescription__c,
dev_hotel_sales,nihrm__GuestroomType__c,nihrm__AlternateLanguageCode__c,
dev_hotel_sales,nihrm__EventClassification__c,nihrm__AlternateLanguageCode__c,
dev_hotel_sales,nihrm__Booking__c,nihrm__AlternateLanguageCode__c,
dev_hotel_sales,nihrm__EventItem__c,nihrm__AlternateLanguageCode__c,
dev_hotel_sales,nihrm__Item__c,nihrm__AlternateLanguageCode__c,
dev_hotel_sales,nihrm__SetupValue__c,nihrm__AlternateLanguageCode__c,
dev_hotel_sales,nihrm__SetupValue__c,nihrm__AlternateNameDE__c,
dev_hotel_sales,nihrm__SetupValue__c,nihrm__AlternateNameEL__c,
dev_hotel_sales,nihrm__SetupValue__c,nihrm__AlternateNameENUS__c,
dev_hotel_sales,nihrm__SetupValue__c,nihrm__AlternateNameES__c,
dev_hotel_sales,nihrm__SetupValue__c,nihrm__AlternateNameFR__c,
dev_hotel_sales,nihrm__SetupValue__c,nihrm__AlternateNameHU__c,
dev_hotel_sales,nihrm__SetupValue__c,nihrm__AlternateNameIT__c,
dev_hotel_sales,nihrm__SetupValue__c,nihrm__AlternateNameJA__c,
dev_hotel_sales,nihrm__SetupValue__c,nihrm__AlternateNameNLNL__c,
dev_hotel_sales,nihrm__SetupValue__c,nihrm__AlternateNamePL__c,
dev_hotel_sales,nihrm__SetupValue__c,nihrm__AlternateNamePTBR__c,
dev_hotel_sales,nihrm__SetupValue__c,nihrm__AlternateNamePTPT__c,
dev_hotel_sales,nihrm__SetupValue__c,nihrm__AlternateNameRU__c,
dev_hotel_sales,nihrm__SetupValue__c,nihrm__AlternateNameTR__c,
dev_hotel_sales,nihrm__SetupValue__c,nihrm__AlternateNameZHCN__c,
dev_hotel_sales,nihrm__SetupValue__c,nihrm__AlternateNameZHTW__c,
dev_hotel_sales,nihrm__GuestroomType__c,nihrm__AlternateName__c,
dev_hotel_sales,nihrm__EventClassification__c,nihrm__AlternateName__c,
dev_hotel_sales,nihrm__Booking__c,nihrm__AlternateName__c,
dev_hotel_sales,nihrm__EventItem__c,nihrm__AlternateName__c,
dev_hotel_sales,nihrm__Item__c,nihrm__AlternateName__c,
dev_hotel_sales,nihrm__SetupValue__c,nihrm__AlternateName__c,
dev_hotel_sales,nihrm__BookingRoomBlock__c,nihrm__AlternateName__c,
dev_hotel_sales,nihrm__EventItem__c,nihrm__AlternateServingUnit__c,
dev_hotel_sales,nihrm__Item__c,nihrm__AlternateServingUnit__c,
dev_hotel_sales,nihrm__EventItem__c,nihrm__AlternateSoldByUnit__c,
dev_hotel_sales,nihrm__Item__c,nihrm__AlternateSoldByUnit__c,
dev_hotel_sales,nihrm__EventItem__c,nihrm__AlternateUnitPrice__c,
dev_hotel_sales,nihrm__EventItemRevenueBreakdown__c,nihrm__AlternateUnitPrice__c,
dev_hotel_sales,nihrm__Transaction__c,nihrm__Amount__c,
dev_hotel_sales,nihrm__VolumeContract__c,nihrm__AnticipatedPeriods__c,
dev_hotel_sales,nihrm__SalesGoal__c,nihrm__AppliesToRevenueCategory10__c,
dev_hotel_sales,nihrm__SalesGoal__c,nihrm__AppliesToRevenueCategory11__c,
dev_hotel_sales,nihrm__SalesGoal__c,nihrm__AppliesToRevenueCategory12__c,
dev_hotel_sales,nihrm__SalesGoal__c,nihrm__AppliesToRevenueCategory13__c,
dev_hotel_sales,nihrm__SalesGoal__c,nihrm__AppliesToRevenueCategory14__c,
dev_hotel_sales,nihrm__SalesGoal__c,nihrm__AppliesToRevenueCategory15__c,
dev_hotel_sales,nihrm__SalesGoal__c,nihrm__AppliesToRevenueCategory1__c,
dev_hotel_sales,nihrm__SalesGoal__c,nihrm__AppliesToRevenueCategory2__c,
dev_hotel_sales,nihrm__SalesGoal__c,nihrm__AppliesToRevenueCategory3__c,
dev_hotel_sales,nihrm__SalesGoal__c,nihrm__AppliesToRevenueCategory4__c,
dev_hotel_sales,nihrm__SalesGoal__c,nihrm__AppliesToRevenueCategory5__c,
dev_hotel_sales,nihrm__SalesGoal__c,nihrm__AppliesToRevenueCategory6__c,
dev_hotel_sales,nihrm__SalesGoal__c,nihrm__AppliesToRevenueCategory7__c,
dev_hotel_sales,nihrm__SalesGoal__c,nihrm__AppliesToRevenueCategory8__c,
dev_hotel_sales,nihrm__SalesGoal__c,nihrm__AppliesToRevenueCategory9__c,
dev_hotel_sales,nihrm__BookingTax__c,nihrm__AppliesTo__c,
dev_hotel_sales,nihrm__BookingRoomBlock__c,nihrm__ApplyAdditionalTaxes__c,
dev_hotel_sales,nihrm__RevenueClassification__c,nihrm__ApplyChargesToDiscPrice__c,
dev_hotel_sales,nihrm__EventItem__c,nihrm__ApplyChargesToDiscPrice__c,
dev_hotel_sales,nihrm__RevenueClassificationJunction__c,nihrm__ApplyChargesToDiscPrice__c,
dev_hotel_sales,nihrm__EventItemRevenueBreakdown__c,nihrm__ApplyChargesToDiscPrice__c,
dev_hotel_sales,nihrm__PackageEvent__c,nihrm__ApplyPackageAttendance__c,
dev_hotel_sales,nihrm__Booking__c,nihrm__ArrivalDate__c,
dev_hotel_sales,nihrm__Reservation__c,nihrm__ArrivalDate__c,
dev_hotel_sales,nihrm__Inquiry__c,nihrm__ArrivalDate__c,
dev_hotel_sales,nihrm__BookingPackage__c,nihrm__ArrivalDate__c,
dev_hotel_sales,nihrm__Booking__c,nihrm__AtDefiniteActualEventRevenue10__c,
dev_hotel_sales,nihrm__Booking__c,nihrm__AtDefiniteActualEventRevenue11__c,
dev_hotel_sales,nihrm__Booking__c,nihrm__AtDefiniteActualEventRevenue12__c,
dev_hotel_sales,nihrm__Booking__c,nihrm__AtDefiniteActualEventRevenue13__c,
dev_hotel_sales,nihrm__Booking__c,nihrm__AtDefiniteActualEventRevenue14__c,
dev_hotel_sales,nihrm__Booking__c,nihrm__AtDefiniteActualEventRevenue15__c,
dev_hotel_sales,nihrm__Booking__c,nihrm__AtDefiniteActualEventRevenue1__c,
dev_hotel_sales,nihrm__Booking__c,nihrm__AtDefiniteActualEventRevenue2__c,
dev_hotel_sales,nihrm__Booking__c,nihrm__AtDefiniteActualEventRevenue3__c,
dev_hotel_sales,nihrm__Booking__c,nihrm__AtDefiniteActualEventRevenue4__c,
dev_hotel_sales,nihrm__Booking__c,nihrm__AtDefiniteActualEventRevenue5__c,
dev_hotel_sales,nihrm__Booking__c,nihrm__AtDefiniteActualEventRevenue6__c,
dev_hotel_sales,nihrm__Booking__c,nihrm__AtDefiniteActualEventRevenue7__c,
dev_hotel_sales,nihrm__Booking__c,nihrm__AtDefiniteActualEventRevenue8__c,
dev_hotel_sales,nihrm__Booking__c,nihrm__AtDefiniteActualEventRevenue9__c,
dev_hotel_sales,nihrm__Booking__c,nihrm__AtDefiniteActualEventRevenueTotal__c,
dev_hotel_sales,nihrm__Booking__c,nihrm__AtDefiniteActualRevenueTotal__c,
dev_hotel_sales,nihrm__Booking__c,nihrm__AtDefiniteAgreedADR__c,
dev_hotel_sales,nihrm__Booking__c,nihrm__AtDefiniteAgreedGuestroomRevenue__c,
dev_hotel_sales,nihrm__Booking__c,nihrm__AtDefiniteAgreedRoomnights__c,
dev_hotel_sales,nihrm__BookingRoomNight__c,nihrm__AtDefiniteAgreedRooms__c,
dev_hotel_sales,nihrm__Booking__c,nihrm__AtDefiniteBlendedEventRevenue10__c,
dev_hotel_sales,nihrm__Booking__c,nihrm__AtDefiniteBlendedEventRevenue11__c,
dev_hotel_sales,nihrm__Booking__c,nihrm__AtDefiniteBlendedEventRevenue12__c,
dev_hotel_sales,nihrm__Booking__c,nihrm__AtDefiniteBlendedEventRevenue13__c,
dev_hotel_sales,nihrm__Booking__c,nihrm__AtDefiniteBlendedEventRevenue14__c,
dev_hotel_sales,nihrm__Booking__c,nihrm__AtDefiniteBlendedEventRevenue15__c,
dev_hotel_sales,nihrm__Booking__c,nihrm__AtDefiniteBlendedEventRevenue1__c,
dev_hotel_sales,nihrm__Booking__c,nihrm__AtDefiniteBlendedEventRevenue2__c,
dev_hotel_sales,nihrm__Booking__c,nihrm__AtDefiniteBlendedEventRevenue3__c,
dev_hotel_sales,nihrm__Booking__c,nihrm__AtDefiniteBlendedEventRevenue4__c,
dev_hotel_sales,nihrm__Booking__c,nihrm__AtDefiniteBlendedEventRevenue5__c,
dev_hotel_sales,nihrm__Booking__c,nihrm__AtDefiniteBlendedEventRevenue6__c,
dev_hotel_sales,nihrm__Booking__c,nihrm__AtDefiniteBlendedEventRevenue7__c,
dev_hotel_sales,nihrm__Booking__c,nihrm__AtDefiniteBlendedEventRevenue8__c,
dev_hotel_sales,nihrm__Booking__c,nihrm__AtDefiniteBlendedEventRevenue9__c,
dev_hotel_sales,nihrm__Booking__c,nihrm__AtDefiniteBlendedEventRevenueTotal__c,
dev_hotel_sales,nihrm__Booking__c,nihrm__AtDefiniteBlockedADR__c,
dev_hotel_sales,nihrm__Booking__c,nihrm__AtDefiniteBlockedGuestroomRevenue__c,
dev_hotel_sales,nihrm__Booking__c,nihrm__AtDefiniteBlockedRoomnights__c,
dev_hotel_sales,nihrm__BookingRoomNight__c,nihrm__AtDefiniteBlockedRooms__c,
dev_hotel_sales,nihrm__Booking__c,nihrm__AtDefiniteForecastADR__c,
dev_hotel_sales,nihrm__Booking__c,nihrm__AtDefiniteForecastEventRevenue10__c,
dev_hotel_sales,nihrm__Booking__c,nihrm__AtDefiniteForecastEventRevenue11__c,
dev_hotel_sales,nihrm__Booking__c,nihrm__AtDefiniteForecastEventRevenue12__c,
dev_hotel_sales,nihrm__Booking__c,nihrm__AtDefiniteForecastEventRevenue13__c,
dev_hotel_sales,nihrm__Booking__c,nihrm__AtDefiniteForecastEventRevenue14__c,
dev_hotel_sales,nihrm__Booking__c,nihrm__AtDefiniteForecastEventRevenue15__c,
dev_hotel_sales,nihrm__Booking__c,nihrm__AtDefiniteForecastEventRevenue1__c,
dev_hotel_sales,nihrm__Booking__c,nihrm__AtDefiniteForecastEventRevenue2__c,
dev_hotel_sales,nihrm__Booking__c,nihrm__AtDefiniteForecastEventRevenue3__c,
dev_hotel_sales,nihrm__Booking__c,nihrm__AtDefiniteForecastEventRevenue4__c,
dev_hotel_sales,nihrm__Booking__c,nihrm__AtDefiniteForecastEventRevenue5__c,
dev_hotel_sales,nihrm__Booking__c,nihrm__AtDefiniteForecastEventRevenue6__c,
dev_hotel_sales,nihrm__Booking__c,nihrm__AtDefiniteForecastEventRevenue7__c,
dev_hotel_sales,nihrm__Booking__c,nihrm__AtDefiniteForecastEventRevenue8__c,
dev_hotel_sales,nihrm__Booking__c,nihrm__AtDefiniteForecastEventRevenue9__c,
dev_hotel_sales,nihrm__Booking__c,nihrm__AtDefiniteForecastEventRevenueTotal__c,
dev_hotel_sales,nihrm__Booking__c,nihrm__AtDefiniteForecastGuestroomRevenue__c,
dev_hotel_sales,nihrm__Booking__c,nihrm__AtDefiniteForecastRevenueTotal__c,
dev_hotel_sales,nihrm__Booking__c,nihrm__AtDefiniteForecastRoomnights__c,
dev_hotel_sales,nihrm__Booking__c,nihrm__AtDefiniteGuestroomRevenueTotal__c,
dev_hotel_sales,nihrm__Booking__c,nihrm__AtDefinitePickupADR__c,
dev_hotel_sales,nihrm__Booking__c,nihrm__AtDefinitePickupGuestroomRevenue__c,
dev_hotel_sales,nihrm__Booking__c,nihrm__AtDefinitePickupRoomnights__c,
dev_hotel_sales,nihrm__Booking__c,nihrm__AtDefiniteProjectedEventRevenue10__c,
dev_hotel_sales,nihrm__Booking__c,nihrm__AtDefiniteProjectedEventRevenue11__c,
dev_hotel_sales,nihrm__Booking__c,nihrm__AtDefiniteProjectedEventRevenue12__c,
dev_hotel_sales,nihrm__Booking__c,nihrm__AtDefiniteProjectedEventRevenue13__c,
dev_hotel_sales,nihrm__Booking__c,nihrm__AtDefiniteProjectedEventRevenue14__c,
dev_hotel_sales,nihrm__Booking__c,nihrm__AtDefiniteProjectedEventRevenue15__c,
dev_hotel_sales,nihrm__Booking__c,nihrm__AtDefiniteProjectedEventRevenue1__c,
dev_hotel_sales,nihrm__Booking__c,nihrm__AtDefiniteProjectedEventRevenue2__c,
dev_hotel_sales,nihrm__Booking__c,nihrm__AtDefiniteProjectedEventRevenue3__c,
dev_hotel_sales,nihrm__Booking__c,nihrm__AtDefiniteProjectedEventRevenue4__c,
dev_hotel_sales,nihrm__Booking__c,nihrm__AtDefiniteProjectedEventRevenue5__c,
dev_hotel_sales,nihrm__Booking__c,nihrm__AtDefiniteProjectedEventRevenue6__c,
dev_hotel_sales,nihrm__Booking__c,nihrm__AtDefiniteProjectedEventRevenue7__c,
dev_hotel_sales,nihrm__Booking__c,nihrm__AtDefiniteProjectedEventRevenue8__c,
dev_hotel_sales,nihrm__Booking__c,nihrm__AtDefiniteProjectedEventRevenue9__c,
dev_hotel_sales,nihrm__Booking__c,nihrm__AtDefiniteProjectedEventRevenueTotal__c,
dev_hotel_sales,nihrm__Booking__c,nihrm__AtDefiniteProjectedRevenueTotal__c,
dev_hotel_sales,nihrm__CustomMapping__c,nihrm__AttributeName__c,
dev_hotel_sales,nihrm__CustomMapping__c,nihrm__AttributeType__c,
dev_hotel_sales,nihrm__Site__c,nihrm__Authentication__c,
dev_hotel_sales,nihrm__BookingRoomBlock__c,nihrm__AutoCalculateBlockedRates__c,
dev_hotel_sales,nihrm__Location__c,nihrm__AutotracesConfiguration__c,
dev_hotel_sales,nihrm__Location__c,nihrm__AvailabilityScreenView__c,
dev_hotel_sales,nihrm__Reservation__c,nihrm__AverageRate__c,
dev_hotel_sales,nihrm__Booking__c,nihrm__BalanceDue__c,
dev_hotel_sales,nihrm__Location__c,nihrm__BanquetLicensesInUse__c,
dev_hotel_sales,nihrm__Location__c,nihrm__BanquetLicenses__c,
dev_hotel_sales,nihrm__EventItem__c,nihrm__BeoSectionSortOrder__c,
dev_hotel_sales,nihrm__EventItem__c,nihrm__BeoSection__c,
dev_hotel_sales,nihrm__Item__c,nihrm__BeoSection__c,
dev_hotel_sales,nihrm__Booking__c,nihrm__BillingInformation1__c,
dev_hotel_sales,nihrm__Booking__c,nihrm__BillingInformation2__c,
dev_hotel_sales,nihrm__Booking__c,nihrm__BillingInformation3__c,
dev_hotel_sales,nihrm__Booking__c,nihrm__BillingInformationComments__c,
dev_hotel_sales,nihrm__Booking__c,nihrm__BillingInformationName1__c,
dev_hotel_sales,nihrm__Booking__c,nihrm__BillingInformationName2__c,
dev_hotel_sales,nihrm__Booking__c,nihrm__BillingInformationName3__c,
dev_hotel_sales,nihrm__BookingRoomBlock__c,nihrm__BillingInstructions__c,
dev_hotel_sales,nihrm__Booking__c,nihrm__BlendedGuestroomRevenueTotal__c,
dev_hotel_sales,nihrm__Booking__c,nihrm__BlockedAverageDailyRate__c,
dev_hotel_sales,nihrm__BookingRoomBlock__c,nihrm__BlockedAverageDailyRate__c,
dev_hotel_sales,nihrm__PmsRoomBlock__c,nihrm__BlockedAverageDailyRate__c,
dev_hotel_sales,nihrm__PmsRoomNight__c,nihrm__BlockedAverageRate__c,
dev_hotel_sales,nihrm__BookingRoomNight__c,nihrm__BlockedAverageRate__c,
dev_hotel_sales,nihrm__Booking__c,nihrm__BlockedGuestroomRevenueTotal__c,
dev_hotel_sales,nihrm__PmsRoomNight__c,nihrm__BlockedRate1__c,
dev_hotel_sales,nihrm__BookingRoomNight__c,nihrm__BlockedRate1__c,
dev_hotel_sales,nihrm__PmsRoomNight__c,nihrm__BlockedRate2__c,
dev_hotel_sales,nihrm__BookingRoomNight__c,nihrm__BlockedRate2__c,
dev_hotel_sales,nihrm__PmsRoomNight__c,nihrm__BlockedRate3__c,
dev_hotel_sales,nihrm__BookingRoomNight__c,nihrm__BlockedRate3__c,
dev_hotel_sales,nihrm__PmsRoomNight__c,nihrm__BlockedRate4__c,
dev_hotel_sales,nihrm__BookingRoomNight__c,nihrm__BlockedRate4__c,
dev_hotel_sales,nihrm__BookingRoomBlock__c,nihrm__BlockedRevenueTotal__c,
dev_hotel_sales,nihrm__PmsRoomBlock__c,nihrm__BlockedRevenueTotal__c,
dev_hotel_sales,nihrm__PmsRoomNight__c,nihrm__BlockedRevenue__c,
dev_hotel_sales,nihrm__BookingRoomNight__c,nihrm__BlockedRevenue__c,
dev_hotel_sales,nihrm__Booking__c,nihrm__BlockedRoomnightsTotal__c,
dev_hotel_sales,nihrm__BookingRoomBlock__c,nihrm__BlockedRoomnightsTotal__c,
dev_hotel_sales,nihrm__PmsRoomBlock__c,nihrm__BlockedRoomnightsTotal__c,
dev_hotel_sales,nihrm__PmsRoomNight__c,nihrm__BlockedRooms1__c,
dev_hotel_sales,nihrm__BookingRoomNight__c,nihrm__BlockedRooms1__c,
dev_hotel_sales,nihrm__PmsRoomNight__c,nihrm__BlockedRooms2__c,
dev_hotel_sales,nihrm__BookingRoomNight__c,nihrm__BlockedRooms2__c,
dev_hotel_sales,nihrm__PmsRoomNight__c,nihrm__BlockedRooms3__c,
dev_hotel_sales,nihrm__BookingRoomNight__c,nihrm__BlockedRooms3__c,
dev_hotel_sales,nihrm__PmsRoomNight__c,nihrm__BlockedRooms4__c,
dev_hotel_sales,nihrm__BookingRoomNight__c,nihrm__BlockedRooms4__c,
dev_hotel_sales,nihrm__PmsRoomNight__c,nihrm__BlockedRoomsTotal__c,
dev_hotel_sales,nihrm__BookingRoomNight__c,nihrm__BlockedRoomsTotal__c,
dev_hotel_sales,nihrm__Booking__c,nihrm__BookedDate__c,
dev_hotel_sales,nihrm__EventItemAlternatePrice__c,nihrm__BookedDiscountedExtPrice__c,
dev_hotel_sales,nihrm__EventItem__c,nihrm__BookedDiscountedExtPrice__c,
dev_hotel_sales,nihrm__EventItem__c,nihrm__BookedEventQuantity__c,
dev_hotel_sales,nihrm__EventItemAlternatePrice__c,nihrm__BookedExclusiveAdminCharge__c,
dev_hotel_sales,nihrm__EventItem__c,nihrm__BookedExclusiveAdminCharge__c,
dev_hotel_sales,nihrm__EventItemAlternatePrice__c,nihrm__BookedExclusiveGratuity__c,
dev_hotel_sales,nihrm__EventItem__c,nihrm__BookedExclusiveGratuity__c,
dev_hotel_sales,nihrm__EventItem__c,nihrm__BookedExclusiveTaxes__c,
dev_hotel_sales,nihrm__EventItemAlternatePrice__c,nihrm__BookedExtPrice__c,
dev_hotel_sales,nihrm__EventItem__c,nihrm__BookedExtPrice__c,
dev_hotel_sales,nihrm__EventItem__c,nihrm__BookedPackageCovers__c,
dev_hotel_sales,nihrm__EventPackageItem__c,nihrm__BookedPackageCovers__c,
dev_hotel_sales,nihrm__EventItem__c,nihrm__BookedPackageQuantity__c,
dev_hotel_sales,nihrm__EventItem__c,nihrm__BookedQuantity__c,
dev_hotel_sales,nihrm__BookingOtherIncome__c,nihrm__BookedRevenue10__c,
dev_hotel_sales,nihrm__EventItem__c,nihrm__BookedRevenue10__c,
dev_hotel_sales,nihrm__BookingOtherIncome__c,nihrm__BookedRevenue11__c,
dev_hotel_sales,nihrm__EventItem__c,nihrm__BookedRevenue11__c,
dev_hotel_sales,nihrm__BookingOtherIncome__c,nihrm__BookedRevenue12__c,
dev_hotel_sales,nihrm__EventItem__c,nihrm__BookedRevenue12__c,
dev_hotel_sales,nihrm__BookingOtherIncome__c,nihrm__BookedRevenue13__c,
dev_hotel_sales,nihrm__EventItem__c,nihrm__BookedRevenue13__c,
dev_hotel_sales,nihrm__BookingOtherIncome__c,nihrm__BookedRevenue14__c,
dev_hotel_sales,nihrm__EventItem__c,nihrm__BookedRevenue14__c,
dev_hotel_sales,nihrm__BookingOtherIncome__c,nihrm__BookedRevenue15__c,
dev_hotel_sales,nihrm__EventItem__c,nihrm__BookedRevenue15__c,
dev_hotel_sales,nihrm__BookingOtherIncome__c,nihrm__BookedRevenue1__c,
dev_hotel_sales,nihrm__EventItem__c,nihrm__BookedRevenue1__c,
dev_hotel_sales,nihrm__BookingOtherIncome__c,nihrm__BookedRevenue2__c,
dev_hotel_sales,nihrm__EventItem__c,nihrm__BookedRevenue2__c,
dev_hotel_sales,nihrm__BookingOtherIncome__c,nihrm__BookedRevenue3__c,
dev_hotel_sales,nihrm__EventItem__c,nihrm__BookedRevenue3__c,
dev_hotel_sales,nihrm__BookingOtherIncome__c,nihrm__BookedRevenue4__c,
dev_hotel_sales,nihrm__EventItem__c,nihrm__BookedRevenue4__c,
dev_hotel_sales,nihrm__BookingOtherIncome__c,nihrm__BookedRevenue5__c,
dev_hotel_sales,nihrm__EventItem__c,nihrm__BookedRevenue5__c,
dev_hotel_sales,nihrm__BookingOtherIncome__c,nihrm__BookedRevenue6__c,
dev_hotel_sales,nihrm__EventItem__c,nihrm__BookedRevenue6__c,
dev_hotel_sales,nihrm__BookingOtherIncome__c,nihrm__BookedRevenue7__c,
dev_hotel_sales,nihrm__EventItem__c,nihrm__BookedRevenue7__c,
dev_hotel_sales,nihrm__BookingOtherIncome__c,nihrm__BookedRevenue8__c,
dev_hotel_sales,nihrm__EventItem__c,nihrm__BookedRevenue8__c,
dev_hotel_sales,nihrm__BookingOtherIncome__c,nihrm__BookedRevenue9__c,
dev_hotel_sales,nihrm__EventItem__c,nihrm__BookedRevenue9__c,
dev_hotel_sales,nihrm__BookingOtherIncome__c,nihrm__BookedRevenueTotal__c,
dev_hotel_sales,nihrm__BookingTax__c,nihrm__BookedTaxAmount1__c,
dev_hotel_sales,nihrm__BookingTax__c,nihrm__BookedTaxAmount2__c,
dev_hotel_sales,nihrm__BookingTax__c,nihrm__BookedTaxAmount3__c,
dev_hotel_sales,nihrm__BookingTax__c,nihrm__BookedTaxAmount4__c,
dev_hotel_sales,nihrm__BookingTax__c,nihrm__BookedTaxAmount__c,
dev_hotel_sales,nihrm__BookingTax__c,nihrm__BookedTaxableAmount1__c,
dev_hotel_sales,nihrm__BookingTax__c,nihrm__BookedTaxableAmount2__c,
dev_hotel_sales,nihrm__BookingTax__c,nihrm__BookedTaxableAmount3__c,
dev_hotel_sales,nihrm__BookingTax__c,nihrm__BookedTaxableAmount4__c,
dev_hotel_sales,nihrm__BookingTax__c,nihrm__BookedTaxableAmount__c,
dev_hotel_sales,nihrm__Booking__c,nihrm__BookingAgent__c,
dev_hotel_sales,nihrm__BookingPackage__c,nihrm__BookingArrival__c,
dev_hotel_sales,nihrm__BookingPackage__c,nihrm__BookingCheck__c,
dev_hotel_sales,nihrm__Booking__c,nihrm__BookingContact__c,
dev_hotel_sales,nihrm__BookingPackage__c,nihrm__BookingDeparture__c,
dev_hotel_sales,nihrm__BookingTax__c,nihrm__BookingEvent__c,
dev_hotel_sales,nihrm__Transaction__c,nihrm__BookingEvent__c,
dev_hotel_sales,nihrm__BookingPackage__c,nihrm__BookingIdBookingPackageName__c,
dev_hotel_sales,nihrm__BookingOtherIncome__c,nihrm__BookingIdOtherIncomeIdString__c,
dev_hotel_sales,nihrm__BookingPackage__c,nihrm__BookingIdPackageIdString__c,
dev_hotel_sales,nihrm__Booking__c,nihrm__BookingMarketSegmentName__c,
dev_hotel_sales,nihrm__Booking__c,nihrm__BookingMarketSegment__c,
dev_hotel_sales,nihrm__BookingTax__c,nihrm__BookingOtherIncomeDay__c,
dev_hotel_sales,nihrm__BookingTax__c,nihrm__BookingOtherIncome__c,
dev_hotel_sales,nihrm__RoomblockPackage__c,nihrm__BookingPackageDiscount__c,
dev_hotel_sales,nihrm__EventPackageItem__c,nihrm__BookingPackageEvent__c,
dev_hotel_sales,nihrm__EventPackageRevenueBreakdown__c,nihrm__BookingPackageEvent__c,
dev_hotel_sales,nihrm__RoomblockPackage__c,nihrm__BookingPackage__c,
dev_hotel_sales,nihrm__Booking__c,nihrm__BookingPolicyId__c,
dev_hotel_sales,nihrm__BookingPackage__c,nihrm__BookingRoomBlock__c,
dev_hotel_sales,nihrm__Booking__c,nihrm__BookingStatus__c,
dev_hotel_sales,nihrm__Booking__c,nihrm__BookingTypeName__c,
dev_hotel_sales,nihrm__Inquiry__c,nihrm__BookingTypeName__c,
dev_hotel_sales,nihrm__Booking__c,nihrm__BookingType__c,
dev_hotel_sales,nihrm__Inquiry__c,nihrm__BookingType__c,
dev_hotel_sales,nihrm__BookingTax__c,nihrm__Booking__c,
dev_hotel_sales,nihrm__BookingOtherIncome__c,nihrm__Booking__c,
dev_hotel_sales,nihrm__BookingContact__c,nihrm__Booking__c,
dev_hotel_sales,nihrm__Transaction__c,nihrm__Booking__c,
dev_hotel_sales,nihrm__EventItem__c,nihrm__Booking__c,
dev_hotel_sales,nihrm__RoomBlockRevenue__c,nihrm__Booking__c,
dev_hotel_sales,nihrm__BookingPostedRevenue__c,nihrm__Booking__c,
dev_hotel_sales,nihrm__ReservationOtherIncomeDay__c,nihrm__Booking__c,
dev_hotel_sales,nihrm__BookingRoomNight__c,nihrm__Booking__c,
dev_hotel_sales,nihrm__BookingInquiry__c,nihrm__Booking__c,
dev_hotel_sales,nihrm__BookingPackage__c,nihrm__Booking__c,
dev_hotel_sales,nihrm__BookingRoomBlock__c,nihrm__Booking__c,
dev_hotel_sales,nihrm__PmsRoomBlock__c,nihrm__Booking__c,
dev_hotel_sales,nihrm__Location__c,nihrm__BrandCodeName__c,
dev_hotel_sales,nihrm__Location__c,nihrm__BrandCode__c,
dev_hotel_sales,nihrm__Location__c,nihrm__BrandName__c,
dev_hotel_sales,nihrm__Location__c,nihrm__Brand__c,
dev_hotel_sales,nihrm__SalesGoal__c,nihrm__BudgetClassificationName__c,
dev_hotel_sales,nihrm__SalesGoal__c,nihrm__BudgetClassification__c,
dev_hotel_sales,nihrm__Booking__c,nihrm__BuisnessLostDate__c,
dev_hotel_sales,nihrm__Booking__c,nihrm__CalculateEventRevenue__c,
dev_hotel_sales,nihrm__Booking__c,nihrm__CalculateGuestroomRevenue__c,
dev_hotel_sales,nihrm__BookingRoomBlock__c,nihrm__CalculateRevenue__c,
dev_hotel_sales,nihrm__Inquiry__c,nihrm__CalculatedGuestroomRevenue__c,
dev_hotel_sales,nihrm__Inquiry__c,nihrm__CalculatedInquiryRevenue__c,
dev_hotel_sales,nihrm__EventItem__c,nihrm__CalculatedUnitPrice__c,
dev_hotel_sales,nihrm__Reservation__c,nihrm__Caller__c,
dev_hotel_sales,nihrm__Reservation__c,nihrm__CampaignCode__c,
dev_hotel_sales,nihrm__Reservation__c,nihrm__CancelByDate__c,
dev_hotel_sales,nihrm__Reservation__c,nihrm__CancellationCode__c,
dev_hotel_sales,nihrm__Reservation__c,nihrm__CancellationDate__c,
dev_hotel_sales,nihrm__Reservation__c,nihrm__CancellationFee__c,
dev_hotel_sales,nihrm__Reservation__c,nihrm__CancellationNumber__c,
dev_hotel_sales,nihrm__Reservation__c,nihrm__CancellationPolicy__c,
dev_hotel_sales,nihrm__Transaction__c,nihrm__CardTypeName__c,
dev_hotel_sales,nihrm__Transaction__c,nihrm__CardType__c,
dev_hotel_sales,nihrm__BookingOtherIncome__c,nihrm__CategoryMapping__c,
dev_hotel_sales,nihrm__RevenueClassification__c,nihrm__CategoryMapping__c,
dev_hotel_sales,nihrm__Booking__c,nihrm__CateringManager__c,
dev_hotel_sales,nihrm__ChannelLocationItem__c,nihrm__ChannelLocation__c,
dev_hotel_sales,nihrm__Booking__c,nihrm__ChannelName__c,
dev_hotel_sales,nihrm__Channel__c,nihrm__ChannelType__c,
dev_hotel_sales,nihrm__ChannelPackage__c,nihrm__Channel__c,
dev_hotel_sales,nihrm__PackageItem__c,nihrm__Channel__c,
dev_hotel_sales,nihrm__Reservation__c,nihrm__Channel__c,
dev_hotel_sales,nihrm__ChannelLocation__c,nihrm__Channel__c,
dev_hotel_sales,nihrm__Site__c,nihrm__Channel__c,
dev_hotel_sales,nihrm__PicklistMapping__c,nihrm__CharacterCount__c,
dev_hotel_sales,nihrm__Transaction__c,nihrm__ChargeAmount__c,
dev_hotel_sales,nihrm__Transaction__c,nihrm__ChargeTypeName__c,
dev_hotel_sales,nihrm__Transaction__c,nihrm__ChargeType__c,
dev_hotel_sales,nihrm__Transaction__c,nihrm__CheckNumber__c,
dev_hotel_sales,nihrm__ReservationNight__c,nihrm__Children__c,
dev_hotel_sales,nihrm__Reservation__c,nihrm__Children__c,
dev_hotel_sales,nihrm__EventItem__c,nihrm__ChoiceGroupItem__c,
dev_hotel_sales,nihrm__Location__c,nihrm__City__c,
dev_hotel_sales,nihrm__Inquiry__c,nihrm__City__c,
dev_hotel_sales,nihrm__VolumeContract__c,nihrm__Comments__c,
dev_hotel_sales,nihrm__Booking__c,nihrm__Comments__c,
dev_hotel_sales,nihrm__Transaction__c,nihrm__Comments__c,
dev_hotel_sales,nihrm__BookingRoomBlock__c,nihrm__Comments__c,
dev_hotel_sales,nihrm__Booking__c,nihrm__CommissionPercentage__c,
dev_hotel_sales,nihrm__Site__c,nihrm__Community__c,
dev_hotel_sales,nihrm__Inquiry__c,nihrm__Company__c,
dev_hotel_sales,nihrm__SalesGoal__c,nihrm__CompareRevenueTypes__c,
dev_hotel_sales,nihrm__FunctionRoomGroupComponent__c,nihrm__ComponentFunctionRoom__c,
dev_hotel_sales,nihrm__BookingRoomBlock__c,nihrm__ConfidentialRate__c,
dev_hotel_sales,nihrm__Booking__c,nihrm__ConfirmationNumber__c,
dev_hotel_sales,nihrm__Location__c,nihrm__ConflictCheckProspects__c,
dev_hotel_sales,nihrm__SalesGoal__c,nihrm__ConsumptionEndDate__c,
dev_hotel_sales,nihrm__SalesGoal__c,nihrm__ConsumptionStartDate__c,
dev_hotel_sales,nihrm__BookingContact__c,nihrm__Contact__c,
dev_hotel_sales,nihrm__VolumeContractContact__c,nihrm__Contact__c,
dev_hotel_sales,nihrm__Inquiry__c,nihrm__Contact__c,
dev_hotel_sales,nihrm__VolumeContract__c,nihrm__ContractAgent__c,
dev_hotel_sales,nihrm__VolumeContract__c,nihrm__ContractContact__c,
dev_hotel_sales,nihrm__VolumeContract__c,nihrm__ContractEndDate__c,
dev_hotel_sales,nihrm__VolumeContract__c,nihrm__ContractStartDate__c,
dev_hotel_sales,nihrm__VolumeContract__c,nihrm__ContractStatus__c,
dev_hotel_sales,nihrm__VolumeContract__c,nihrm__ContractTypeName__c,
dev_hotel_sales,nihrm__VolumeContract__c,nihrm__ContractType__c,
dev_hotel_sales,nihrm__VolumeContractPeriod__c,nihrm__ContractedFBRevenue__c,
dev_hotel_sales,nihrm__VolumeContract__c,nihrm__ContractedFBRevenue__c,
dev_hotel_sales,nihrm__VolumeContractPeriod__c,nihrm__ContractedOtherRevenue__c,
dev_hotel_sales,nihrm__VolumeContract__c,nihrm__ContractedOtherRevenue__c,
dev_hotel_sales,nihrm__VolumeContractPeriod__c,nihrm__ContractedRate__c,
dev_hotel_sales,nihrm__VolumeContract__c,nihrm__ContractedRate__c,
dev_hotel_sales,nihrm__VolumeContractPeriod__c,nihrm__ContractedRoomRevenue__c,
dev_hotel_sales,nihrm__VolumeContract__c,nihrm__ContractedRoomRevenue__c,
dev_hotel_sales,nihrm__VolumeContractPeriod__c,nihrm__ContractedRooms__c,
dev_hotel_sales,nihrm__VolumeContract__c,nihrm__ContractedRooms__c,
dev_hotel_sales,nihrm__VolumeContractPeriod__c,nihrm__ContractedTotalRevenue__c,
dev_hotel_sales,nihrm__VolumeContract__c,nihrm__ContractedTotalRevenue__c,
dev_hotel_sales,nihrm__BookingRoomBlock__c,nihrm__ControlBlockLocally__c,
dev_hotel_sales,nihrm__PicklistMapping__c,nihrm__ControllingField__c,
dev_hotel_sales,nihrm__Package__c,nihrm__CorporatePackageReferenceId__c,
dev_hotel_sales,nihrm__Package__c,nihrm__CorporatePackageReference__c,
dev_hotel_sales,nihrm__ChannelPackage__c,nihrm__CorporatePackage__c,
dev_hotel_sales,nihrm__Package__c,nihrm__CorporatePackage__c,
dev_hotel_sales,nihrm__Location__c,nihrm__CountryCode__c,
dev_hotel_sales,nihrm__Location__c,nihrm__Country__c,
dev_hotel_sales,nihrm__Inquiry__c,nihrm__Country__c,
dev_hotel_sales,nihrm__Site__c,nihrm__CoverImageUrl__c,
dev_hotel_sales,nihrm__Location__c,nihrm__CreateActivitiesforMBRFPNotification__c,
dev_hotel_sales,nihrm__PackageEvent__c,nihrm__CreateEvent__c,
dev_hotel_sales,nihrm__Location__c,nihrm__CreateOptionsOnConflict__c,
dev_hotel_sales,nihrm__Reservation__c,nihrm__CrsNumber__c,
dev_hotel_sales,nihrm__Booking__c,nihrm__CurrentBlendedADR__c,
dev_hotel_sales,nihrm__BookingRoomBlock__c,nihrm__CurrentBlendedADR__c,
dev_hotel_sales,nihrm__Booking__c,nihrm__CurrentBlendedEventRevenue10__c,
dev_hotel_sales,nihrm__Booking__c,nihrm__CurrentBlendedEventRevenue11__c,
dev_hotel_sales,nihrm__Booking__c,nihrm__CurrentBlendedEventRevenue12__c,
dev_hotel_sales,nihrm__Booking__c,nihrm__CurrentBlendedEventRevenue13__c,
dev_hotel_sales,nihrm__Booking__c,nihrm__CurrentBlendedEventRevenue14__c,
dev_hotel_sales,nihrm__Booking__c,nihrm__CurrentBlendedEventRevenue15__c,
dev_hotel_sales,nihrm__Booking__c,nihrm__CurrentBlendedEventRevenue1__c,
dev_hotel_sales,nihrm__Booking__c,nihrm__CurrentBlendedEventRevenue2__c,
dev_hotel_sales,nihrm__Booking__c,nihrm__CurrentBlendedEventRevenue3__c,
dev_hotel_sales,nihrm__Booking__c,nihrm__CurrentBlendedEventRevenue4__c,
dev_hotel_sales,nihrm__Booking__c,nihrm__CurrentBlendedEventRevenue5__c,
dev_hotel_sales,nihrm__Booking__c,nihrm__CurrentBlendedEventRevenue6__c,
dev_hotel_sales,nihrm__Booking__c,nihrm__CurrentBlendedEventRevenue7__c,
dev_hotel_sales,nihrm__Booking__c,nihrm__CurrentBlendedEventRevenue8__c,
dev_hotel_sales,nihrm__Booking__c,nihrm__CurrentBlendedEventRevenue9__c,
dev_hotel_sales,nihrm__Booking__c,nihrm__CurrentBlendedEventRevenueTotal__c,
dev_hotel_sales,nihrm__BookingOtherIncome__c,nihrm__CurrentBlendedRevenue10__c,
dev_hotel_sales,nihrm__BookingOtherIncome__c,nihrm__CurrentBlendedRevenue11__c,
dev_hotel_sales,nihrm__BookingOtherIncome__c,nihrm__CurrentBlendedRevenue12__c,
dev_hotel_sales,nihrm__BookingOtherIncome__c,nihrm__CurrentBlendedRevenue13__c,
dev_hotel_sales,nihrm__BookingOtherIncome__c,nihrm__CurrentBlendedRevenue14__c,
dev_hotel_sales,nihrm__BookingOtherIncome__c,nihrm__CurrentBlendedRevenue15__c,
dev_hotel_sales,nihrm__BookingOtherIncome__c,nihrm__CurrentBlendedRevenue1__c,
dev_hotel_sales,nihrm__BookingOtherIncome__c,nihrm__CurrentBlendedRevenue2__c,
dev_hotel_sales,nihrm__BookingOtherIncome__c,nihrm__CurrentBlendedRevenue3__c,
dev_hotel_sales,nihrm__BookingOtherIncome__c,nihrm__CurrentBlendedRevenue4__c,
dev_hotel_sales,nihrm__BookingOtherIncome__c,nihrm__CurrentBlendedRevenue5__c,
dev_hotel_sales,nihrm__BookingOtherIncome__c,nihrm__CurrentBlendedRevenue6__c,
dev_hotel_sales,nihrm__BookingOtherIncome__c,nihrm__CurrentBlendedRevenue7__c,
dev_hotel_sales,nihrm__BookingOtherIncome__c,nihrm__CurrentBlendedRevenue8__c,
dev_hotel_sales,nihrm__BookingOtherIncome__c,nihrm__CurrentBlendedRevenue9__c,
dev_hotel_sales,nihrm__BookingOtherIncome__c,nihrm__CurrentBlendedRevenueTotal__c,
dev_hotel_sales,nihrm__Booking__c,nihrm__CurrentBlendedRevenueTotal__c,
dev_hotel_sales,nihrm__BookingRoomBlock__c,nihrm__CurrentBlendedRevenueTotal__c,
dev_hotel_sales,nihrm__BookingRoomNight__c,nihrm__CurrentBlendedRevenue__c,
dev_hotel_sales,nihrm__Booking__c,nihrm__CurrentBlendedRoomnightsTotal__c,
dev_hotel_sales,nihrm__BookingRoomBlock__c,nihrm__CurrentBlendedRoomnightsTotal__c,
dev_hotel_sales,nihrm__BookingRoomNight__c,nihrm__CurrentBlendedRoomsTotal__c,
dev_hotel_sales,nihrm__Booking__c,nihrm__CustomBookingStatusName__c,
dev_hotel_sales,nihrm__Booking__c,nihrm__CustomBookingStatus__c,
dev_hotel_sales,nihrm__PicklistMapping__c,nihrm__CustomRecordTypes__c,
dev_hotel_sales,nihrm__Booking__c,nihrm__CutoffDate__c,
dev_hotel_sales,nihrm__BookingRoomBlock__c,nihrm__CutoffDate__c,
dev_hotel_sales,nihrm__PmsRoomBlock__c,nihrm__CutoffDate__c,
dev_hotel_sales,nihrm__Inquiry__c,nihrm__DUNSNumber__c,
dev_hotel_sales,nihrm__VolumeContract__c,nihrm__DateBid__c,
dev_hotel_sales,nihrm__VolumeContract__c,nihrm__DateCancelled__c,
dev_hotel_sales,nihrm__Booking__c,nihrm__DateCancelled__c,
dev_hotel_sales,nihrm__VolumeContract__c,nihrm__DateContracted__c,
dev_hotel_sales,nihrm__VolumeContract__c,nihrm__DateDeclined__c,
dev_hotel_sales,nihrm__Booking__c,nihrm__DateDefinite__c,
dev_hotel_sales,nihrm__EventFunctionroomDate__c,nihrm__DateFunctionroomId__c,
dev_hotel_sales,nihrm__VolumeContract__c,nihrm__DateLost__c,
dev_hotel_sales,nihrm__Booking__c,nihrm__DateLost__c,
dev_hotel_sales,nihrm__Booking__c,nihrm__DatePickupComplete__c,
dev_hotel_sales,nihrm__Booking__c,nihrm__DateTentative__c,
dev_hotel_sales,nihrm__Booking__c,nihrm__DateTurnedDown__c,
dev_hotel_sales,nihrm__Booking__c,nihrm__DecisionDate__c,
dev_hotel_sales,nihrm__RevenueClassification__c,nihrm__DefaultAdminCharge__c,
dev_hotel_sales,nihrm__Location__c,nihrm__DefaultAlternateLanguageCode__c,
dev_hotel_sales,nihrm__EventClassification__c,nihrm__DefaultAverageCheck10__c,
dev_hotel_sales,nihrm__EventClassification__c,nihrm__DefaultAverageCheck11__c,
dev_hotel_sales,nihrm__EventClassification__c,nihrm__DefaultAverageCheck12__c,
dev_hotel_sales,nihrm__EventClassification__c,nihrm__DefaultAverageCheck13__c,
dev_hotel_sales,nihrm__EventClassification__c,nihrm__DefaultAverageCheck14__c,
dev_hotel_sales,nihrm__EventClassification__c,nihrm__DefaultAverageCheck15__c,
dev_hotel_sales,nihrm__EventClassification__c,nihrm__DefaultAverageCheck1__c,
dev_hotel_sales,nihrm__EventClassification__c,nihrm__DefaultAverageCheck2__c,
dev_hotel_sales,nihrm__EventClassification__c,nihrm__DefaultAverageCheck3__c,
dev_hotel_sales,nihrm__EventClassification__c,nihrm__DefaultAverageCheck4__c,
dev_hotel_sales,nihrm__EventClassification__c,nihrm__DefaultAverageCheck5__c,
dev_hotel_sales,nihrm__EventClassification__c,nihrm__DefaultAverageCheck6__c,
dev_hotel_sales,nihrm__EventClassification__c,nihrm__DefaultAverageCheck7__c,
dev_hotel_sales,nihrm__EventClassification__c,nihrm__DefaultAverageCheck8__c,
dev_hotel_sales,nihrm__EventClassification__c,nihrm__DefaultAverageCheck9__c,
dev_hotel_sales,nihrm__EventClassification__c,nihrm__DefaultAverageCheckFactor10__c,
dev_hotel_sales,nihrm__EventClassification__c,nihrm__DefaultAverageCheckFactor11__c,
dev_hotel_sales,nihrm__EventClassification__c,nihrm__DefaultAverageCheckFactor12__c,
dev_hotel_sales,nihrm__EventClassification__c,nihrm__DefaultAverageCheckFactor13__c,
dev_hotel_sales,nihrm__EventClassification__c,nihrm__DefaultAverageCheckFactor14__c,
dev_hotel_sales,nihrm__EventClassification__c,nihrm__DefaultAverageCheckFactor15__c,
dev_hotel_sales,nihrm__EventClassification__c,nihrm__DefaultAverageCheckFactor1__c,
dev_hotel_sales,nihrm__EventClassification__c,nihrm__DefaultAverageCheckFactor2__c,
dev_hotel_sales,nihrm__EventClassification__c,nihrm__DefaultAverageCheckFactor3__c,
dev_hotel_sales,nihrm__EventClassification__c,nihrm__DefaultAverageCheckFactor4__c,
dev_hotel_sales,nihrm__EventClassification__c,nihrm__DefaultAverageCheckFactor5__c,
dev_hotel_sales,nihrm__EventClassification__c,nihrm__DefaultAverageCheckFactor6__c,
dev_hotel_sales,nihrm__EventClassification__c,nihrm__DefaultAverageCheckFactor7__c,
dev_hotel_sales,nihrm__EventClassification__c,nihrm__DefaultAverageCheckFactor8__c,
dev_hotel_sales,nihrm__EventClassification__c,nihrm__DefaultAverageCheckFactor9__c,
dev_hotel_sales,nihrm__Location__c,nihrm__DefaultBeoDistributionDays__c,
dev_hotel_sales,nihrm__Location__c,nihrm__DefaultBeoDistributionStartDays__c,
dev_hotel_sales,nihrm__Location__c,nihrm__DefaultBookingCutoffDays__c,
dev_hotel_sales,nihrm__Location__c,nihrm__DefaultBookingDecisionDays__c,
dev_hotel_sales,nihrm__Site__c,nihrm__DefaultBookingStatus__c,
dev_hotel_sales,nihrm__Package__c,nihrm__DefaultBookingType__c,
dev_hotel_sales,nihrm__Location__c,nihrm__DefaultCurrency__c,
dev_hotel_sales,nihrm__EventClassification__c,nihrm__DefaultEndTime12Hour__c,
dev_hotel_sales,nihrm__EventClassification__c,nihrm__DefaultEndTime24Hour__c,
dev_hotel_sales,nihrm__Location__c,nihrm__DefaultEventClassification__c,
dev_hotel_sales,nihrm__Location__c,nihrm__DefaultFunctionRoomGroup__c,
dev_hotel_sales,nihrm__RevenueClassification__c,nihrm__DefaultGratuity__c,
dev_hotel_sales,nihrm__Location__c,nihrm__DefaultIsInclusive__c,
dev_hotel_sales,nihrm__EventClassification__c,nihrm__DefaultIsPosted__c,
dev_hotel_sales,nihrm__Location__c,nihrm__DefaultLeadCoordinator__c,
dev_hotel_sales,nihrm__FunctionRoomAlternatePrice__c,nihrm__DefaultRentalRate__c,
dev_hotel_sales,nihrm__Location__c,nihrm__DefaultRoomBlockApplyAddlTaxes__c,
dev_hotel_sales,nihrm__EventClassification__c,nihrm__DefaultSetup__c,
dev_hotel_sales,nihrm__EventClassification__c,nihrm__DefaultStartTime12Hour__c,
dev_hotel_sales,nihrm__EventClassification__c,nihrm__DefaultStartTime24Hour__c,
dev_hotel_sales,nihrm__EventClassification__c,nihrm__DefaultTaxGroup__c,
dev_hotel_sales,nihrm__Location__c,nihrm__DefaultTaxGroup__c,
dev_hotel_sales,nihrm__SalesGoal__c,nihrm__DefiniteAverageRate__c,
dev_hotel_sales,nihrm__SalesGoal__c,nihrm__DefiniteEventRevenue__c,
dev_hotel_sales,nihrm__SalesGoal__c,nihrm__DefiniteGuestroomRevenue__c,
dev_hotel_sales,nihrm__SalesGoal__c,nihrm__DefiniteRoomnights__c,
dev_hotel_sales,nihrm__Booking__c,nihrm__DepartureDate__c,
dev_hotel_sales,nihrm__Reservation__c,nihrm__DepartureDate__c,
dev_hotel_sales,nihrm__BookingPackage__c,nihrm__DepartureDate__c,
dev_hotel_sales,nihrm__Reservation__c,nihrm__DepositAmount__c,
dev_hotel_sales,nihrm__Reservation__c,nihrm__DepositCode__c,
dev_hotel_sales,nihrm__Reservation__c,nihrm__DepositDue__c,
dev_hotel_sales,nihrm__Reservation__c,nihrm__DepositPolicy__c,
dev_hotel_sales,nihrm__Site__c,nihrm__DepositPolicy__c,
dev_hotel_sales,nihrm__BookingOtherIncome__c,nihrm__Description__c,
dev_hotel_sales,nihrm__Package__c,nihrm__Description__c,
dev_hotel_sales,nihrm__FunctionRoomGroup__c,nihrm__Description__c,
dev_hotel_sales,nihrm__EventClassification__c,nihrm__Description__c,
dev_hotel_sales,nihrm__Channel__c,nihrm__Description__c,
dev_hotel_sales,nihrm__OtherIncome__c,nihrm__Description__c,
dev_hotel_sales,nihrm__EventItem__c,nihrm__Description__c,
dev_hotel_sales,nihrm__Location__c,nihrm__Description__c,
dev_hotel_sales,nihrm__Item__c,nihrm__Description__c,
dev_hotel_sales,nihrm__Inquiry__c,nihrm__Description__c,
dev_hotel_sales,nihrm__BookingPackage__c,nihrm__Description__c,
dev_hotel_sales,nihrm__Inquiry__c,nihrm__DetailContent10__c,
dev_hotel_sales,nihrm__Inquiry__c,nihrm__DetailContent11__c,
dev_hotel_sales,nihrm__Inquiry__c,nihrm__DetailContent12__c,
dev_hotel_sales,nihrm__Inquiry__c,nihrm__DetailContent13__c,
dev_hotel_sales,nihrm__Inquiry__c,nihrm__DetailContent14__c,
dev_hotel_sales,nihrm__Inquiry__c,nihrm__DetailContent15__c,
dev_hotel_sales,nihrm__Inquiry__c,nihrm__DetailContent16__c,
dev_hotel_sales,nihrm__Inquiry__c,nihrm__DetailContent17__c,
dev_hotel_sales,nihrm__Inquiry__c,nihrm__DetailContent18__c,
dev_hotel_sales,nihrm__Inquiry__c,nihrm__DetailContent19__c,
dev_hotel_sales,nihrm__Inquiry__c,nihrm__DetailContent1__c,
dev_hotel_sales,nihrm__Inquiry__c,nihrm__DetailContent20__c,
dev_hotel_sales,nihrm__Inquiry__c,nihrm__DetailContent21__c,
dev_hotel_sales,nihrm__Inquiry__c,nihrm__DetailContent22__c,
dev_hotel_sales,nihrm__Inquiry__c,nihrm__DetailContent23__c,
dev_hotel_sales,nihrm__Inquiry__c,nihrm__DetailContent24__c,
dev_hotel_sales,nihrm__Inquiry__c,nihrm__DetailContent25__c,
dev_hotel_sales,nihrm__Inquiry__c,nihrm__DetailContent26__c,
dev_hotel_sales,nihrm__Inquiry__c,nihrm__DetailContent27__c,
dev_hotel_sales,nihrm__Inquiry__c,nihrm__DetailContent28__c,
dev_hotel_sales,nihrm__Inquiry__c,nihrm__DetailContent29__c,
dev_hotel_sales,nihrm__Inquiry__c,nihrm__DetailContent2__c,
dev_hotel_sales,nihrm__Inquiry__c,nihrm__DetailContent30__c,
dev_hotel_sales,nihrm__Inquiry__c,nihrm__DetailContent31__c,
dev_hotel_sales,nihrm__Inquiry__c,nihrm__DetailContent32__c,
dev_hotel_sales,nihrm__Inquiry__c,nihrm__DetailContent33__c,
dev_hotel_sales,nihrm__Inquiry__c,nihrm__DetailContent34__c,
dev_hotel_sales,nihrm__Inquiry__c,nihrm__DetailContent35__c,
dev_hotel_sales,nihrm__Inquiry__c,nihrm__DetailContent36__c,
dev_hotel_sales,nihrm__Inquiry__c,nihrm__DetailContent37__c,
dev_hotel_sales,nihrm__Inquiry__c,nihrm__DetailContent38__c,
dev_hotel_sales,nihrm__Inquiry__c,nihrm__DetailContent39__c,
dev_hotel_sales,nihrm__Inquiry__c,nihrm__DetailContent3__c,
dev_hotel_sales,nihrm__Inquiry__c,nihrm__DetailContent40__c,
dev_hotel_sales,nihrm__Inquiry__c,nihrm__DetailContent4__c,
dev_hotel_sales,nihrm__Inquiry__c,nihrm__DetailContent5__c,
dev_hotel_sales,nihrm__Inquiry__c,nihrm__DetailContent6__c,
dev_hotel_sales,nihrm__Inquiry__c,nihrm__DetailContent7__c,
dev_hotel_sales,nihrm__Inquiry__c,nihrm__DetailContent8__c,
dev_hotel_sales,nihrm__Inquiry__c,nihrm__DetailContent9__c,
dev_hotel_sales,nihrm__Booking__c,nihrm__DirectBookAccountExternalId__c,
dev_hotel_sales,nihrm__Booking__c,nihrm__DirectBookChannel__c,
dev_hotel_sales,nihrm__Booking__c,nihrm__DirectBookCity__c,
dev_hotel_sales,nihrm__Booking__c,nihrm__DirectBookCompanyName__c,
dev_hotel_sales,nihrm__Booking__c,nihrm__DirectBookContactExternalId__c,
dev_hotel_sales,nihrm__Booking__c,nihrm__DirectBookContactType__c,
dev_hotel_sales,nihrm__Booking__c,nihrm__DirectBookCountry__c,
dev_hotel_sales,nihrm__Booking__c,nihrm__DirectBookEmail__c,
dev_hotel_sales,nihrm__Booking__c,nihrm__DirectBookFirstName__c,
dev_hotel_sales,nihrm__Site__c,nihrm__DirectBookFlow__c,
dev_hotel_sales,nihrm__Booking__c,nihrm__DirectBookLanguageCode__c,
dev_hotel_sales,nihrm__Booking__c,nihrm__DirectBookLastName__c,
dev_hotel_sales,nihrm__Booking__c,nihrm__DirectBookMobilePhone__c,
dev_hotel_sales,nihrm__Booking__c,nihrm__DirectBookPhone__c,
dev_hotel_sales,nihrm__Booking__c,nihrm__DirectBookPostalCode__c,
dev_hotel_sales,nihrm__Location__c,nihrm__DirectBookSalesManager__c,
dev_hotel_sales,nihrm__Booking__c,nihrm__DirectBookState__c,
dev_hotel_sales,nihrm__Booking__c,nihrm__DirectBookStreet__c,
dev_hotel_sales,nihrm__Booking__c,nihrm__DirectBookTitle__c,
dev_hotel_sales,nihrm__CustomMapping__c,nihrm__Direction__c,
dev_hotel_sales,nihrm__Location__c,nihrm__DisableBookingDaySnapshot__c,
dev_hotel_sales,nihrm__PicklistMapping__c,nihrm__Disabled__c,
dev_hotel_sales,nihrm__Package__c,nihrm__DisplayName__c,
dev_hotel_sales,nihrm__Location__c,nihrm__DisplayName__c,
dev_hotel_sales,nihrm__Site__c,nihrm__DisplaySalesPersonInConfirmation__c,
dev_hotel_sales,nihrm__Location__c,nihrm__DistanceToNearestAirport__c,
dev_hotel_sales,nihrm__Inquiry__c,nihrm__DoNotCall__c,
dev_hotel_sales,nihrm__EventItem__c,nihrm__DoNotPrintOnBeo__c,
dev_hotel_sales,nihrm__Item__c,nihrm__DoNotPrintOnBeo__c,
dev_hotel_sales,nihrm__EventItem__c,nihrm__DoNotPrintOnCheck__c,
dev_hotel_sales,nihrm__Item__c,nihrm__DoNotPrintOnCheck__c,
dev_hotel_sales,nihrm__Location__c,nihrm__DoNotSendRatesToEProposal__c,
dev_hotel_sales,nihrm__Location__c,nihrm__DocMerge10__c,
dev_hotel_sales,nihrm__Location__c,nihrm__DocMerge11__c,
dev_hotel_sales,nihrm__Location__c,nihrm__DocMerge12__c,
dev_hotel_sales,nihrm__Location__c,nihrm__DocMerge13__c,
dev_hotel_sales,nihrm__Location__c,nihrm__DocMerge14__c,
dev_hotel_sales,nihrm__Location__c,nihrm__DocMerge15__c,
dev_hotel_sales,nihrm__Location__c,nihrm__DocMerge16__c,
dev_hotel_sales,nihrm__Location__c,nihrm__DocMerge17__c,
dev_hotel_sales,nihrm__Location__c,nihrm__DocMerge18__c,
dev_hotel_sales,nihrm__Location__c,nihrm__DocMerge19__c,
dev_hotel_sales,nihrm__Location__c,nihrm__DocMerge1__c,
dev_hotel_sales,nihrm__Location__c,nihrm__DocMerge2__c,
dev_hotel_sales,nihrm__Location__c,nihrm__DocMerge3__c,
dev_hotel_sales,nihrm__Location__c,nihrm__DocMerge4__c,
dev_hotel_sales,nihrm__Location__c,nihrm__DocMerge5__c,
dev_hotel_sales,nihrm__Location__c,nihrm__DocMerge6__c,
dev_hotel_sales,nihrm__Location__c,nihrm__DocMerge7__c,
dev_hotel_sales,nihrm__Location__c,nihrm__DocMerge8__c,
dev_hotel_sales,nihrm__Location__c,nihrm__DocMerge9__c,
dev_hotel_sales,nihrm__Location__c,nihrm__DocumentTemplate__c,
dev_hotel_sales,nihrm__GuestroomType__c,nihrm__DoubleAllocation__c,
dev_hotel_sales,nihrm__Location__c,nihrm__DoubleUpchargeRate__c,
dev_hotel_sales,nihrm__Location__c,nihrm__DriveTimeToNearestAirport__c,
dev_hotel_sales,nihrm__Location__c,nihrm__Email__c,
dev_hotel_sales,nihrm__Inquiry__c,nihrm__Email__c,
dev_hotel_sales,nihrm__Location__c,nihrm__EnableBackdatingBookings__c,
dev_hotel_sales,nihrm__Location__c,nihrm__EnableDefaultOccupancyUpcharge__c,
dev_hotel_sales,nihrm__Location__c,nihrm__EnableDirectBookNotification__c,
dev_hotel_sales,nihrm__Booking__c,nihrm__EnableEnhancedPackageManagement__c,
dev_hotel_sales,nihrm__Location__c,nihrm__EnableEnhancedPackageManagement__c,
dev_hotel_sales,nihrm__Site__c,nihrm__EnableGlobalLocationSearch__c,
dev_hotel_sales,nihrm__Location__c,nihrm__EnableHospitalityDiagramming__c,
dev_hotel_sales,nihrm__Location__c,nihrm__EnableRoomBlockStatus__c,
dev_hotel_sales,nihrm__Package__c,nihrm__EndDate__c,
dev_hotel_sales,nihrm__BookingRoomBlock__c,nihrm__EndDate__c,
dev_hotel_sales,nihrm__PmsRoomBlock__c,nihrm__EndDate__c,
dev_hotel_sales,nihrm__PackageEvent__c,nihrm__EndEvents__c,
dev_hotel_sales,nihrm__Location__c,nihrm__EnhanceBookingMerge__c,
dev_hotel_sales,nihrm__EventItem__c,nihrm__EstimatedConsumptionPercentage__c,
dev_hotel_sales,nihrm__Item__c,nihrm__EstimatedConsumptionPercentage__c,
dev_hotel_sales,nihrm__Inquiry__c,nihrm__EstimatedEventRevenue__c,
dev_hotel_sales,nihrm__Inquiry__c,nihrm__EstimatedGuestroomRevenue__c,
dev_hotel_sales,nihrm__Inquiry__c,nihrm__EstimatedRate__c,
dev_hotel_sales,nihrm__Location__c,nihrm__Evening24hrs__c,
dev_hotel_sales,nihrm__PackageItem__c,nihrm__EventClassification__c,
dev_hotel_sales,nihrm__ChannelLocationItem__c,nihrm__EventClassification__c,
dev_hotel_sales,nihrm__PackageEvent__c,nihrm__EventClassification__c,
dev_hotel_sales,nihrm__EventClassificationItem__c,nihrm__EventClassification__c,
dev_hotel_sales,nihrm__PackageEvent__c,nihrm__EventCreateDay__c,
dev_hotel_sales,nihrm__Inquiry__c,nihrm__EventDays__c,
dev_hotel_sales,nihrm__Site__c,nihrm__EventDepositActive__c,
dev_hotel_sales,nihrm__Site__c,nihrm__EventDepositPercentage__c,
dev_hotel_sales,nihrm__EventPackageItem__c,nihrm__EventItemIdBookingPackageEventId__c,
dev_hotel_sales,nihrm__BookingTax__c,nihrm__EventItemRevenueBreakdown__c,
dev_hotel_sales,nihrm__EIRevBreakdownAlternatePrice__c,nihrm__EventItemRevenueBreakdown__c,
dev_hotel_sales,nihrm__BookingTax__c,nihrm__EventItem__c,
dev_hotel_sales,nihrm__EventItemAlternatePrice__c,nihrm__EventItem__c,
dev_hotel_sales,nihrm__EventPackageItem__c,nihrm__EventItem__c,
dev_hotel_sales,nihrm__EventItemRevenueBreakdown__c,nihrm__EventItem__c,
dev_hotel_sales,nihrm__EIRevBreakdownAlternatePrice__c,nihrm__EventItem__c,
dev_hotel_sales,nihrm__BookingTax__c,nihrm__EventPackageRevenueBreakdown__c,
dev_hotel_sales,nihrm__EventItem__c,nihrm__Event__c,
dev_hotel_sales,nihrm__Reservation__c,nihrm__ExclusiveEstimatedReservationAmount__c,
dev_hotel_sales,nihrm__Reservation__c,nihrm__ExternalAccountId__c,
dev_hotel_sales,nihrm__Site__c,nihrm__ExternalAuthProvider__c,
dev_hotel_sales,nihrm__BookingInquiry__c,nihrm__ExternalBookingId__c,
dev_hotel_sales,nihrm__Reservation__c,nihrm__ExternalGroupProfileId__c,
dev_hotel_sales,nihrm__Reservation__c,nihrm__ExternalGuestProfileId__c,
dev_hotel_sales,nihrm__VolumeContractGuestroomType__c,nihrm__ExternalId__c,
dev_hotel_sales,nihrm__BookingTax__c,nihrm__ExternalId__c,
dev_hotel_sales,nihrm__RevenueClassification__c,nihrm__ExternalId__c,
dev_hotel_sales,nihrm__VolumeContractPeriod__c,nihrm__ExternalId__c,
dev_hotel_sales,nihrm__GuestroomType__c,nihrm__ExternalId__c,
dev_hotel_sales,nihrm__FunctionRoomGroup__c,nihrm__ExternalId__c,
dev_hotel_sales,nihrm__FunctionRoomGroupComponent__c,nihrm__ExternalId__c,
dev_hotel_sales,nihrm__EventClassification__c,nihrm__ExternalId__c,
dev_hotel_sales,nihrm__VolumeContract__c,nihrm__ExternalId__c,
dev_hotel_sales,nihrm__Booking__c,nihrm__ExternalId__c,
dev_hotel_sales,nihrm__BookingContact__c,nihrm__ExternalId__c,
dev_hotel_sales,nihrm__Reservation__c,nihrm__ExternalId__c,
dev_hotel_sales,nihrm__Transaction__c,nihrm__ExternalId__c,
dev_hotel_sales,nihrm__VolumeContractPickup__c,nihrm__ExternalId__c,
dev_hotel_sales,nihrm__EventItem__c,nihrm__ExternalId__c,
dev_hotel_sales,nihrm__Location__c,nihrm__ExternalId__c,
dev_hotel_sales,nihrm__SalesGoal__c,nihrm__ExternalId__c,
dev_hotel_sales,nihrm__VolumeContractContact__c,nihrm__ExternalId__c,
dev_hotel_sales,nihrm__Item__c,nihrm__ExternalId__c,
dev_hotel_sales,nihrm__RevenueClassificationJunction__c,nihrm__ExternalId__c,
dev_hotel_sales,nihrm__EventItemRevenueBreakdown__c,nihrm__ExternalId__c,
dev_hotel_sales,nihrm__Inquiry__c,nihrm__ExternalId__c,
dev_hotel_sales,nihrm__BookingRoomNight__c,nihrm__ExternalId__c,
dev_hotel_sales,nihrm__SetupValue__c,nihrm__ExternalId__c,
dev_hotel_sales,nihrm__BookingRoomBlock__c,nihrm__ExternalId__c,
dev_hotel_sales,nihrm__EventClassificationItem__c,nihrm__ExternalId__c,
dev_hotel_sales,nihrm__PmsRoomBlock__c,nihrm__ExternalId__c,
dev_hotel_sales,nihrm__Reservation__c,nihrm__ExternalPurgeDate__c,
dev_hotel_sales,nihrm__Site__c,nihrm__ExternalRFPLink__c,
dev_hotel_sales,nihrm__BookingInquiry__c,nihrm__ExternalRfpId__c,
dev_hotel_sales,nihrm__Reservation__c,nihrm__ExternalShareId__c,
dev_hotel_sales,nihrm__Transaction__c,nihrm__ExternalTransactionId__c,
dev_hotel_sales,nihrm__Reservation__c,nihrm__ExternalTravelAgencyId__c,
dev_hotel_sales,nihrm__Location__c,nihrm__ExtractedDate__c,
dev_hotel_sales,nihrm__Location__c,nihrm__Fax__c,
dev_hotel_sales,nihrm__Inquiry__c,nihrm__Fax__c,
dev_hotel_sales,nihrm__VolumeContract__c,nihrm__Features__c,
dev_hotel_sales,nihrm__Booking__c,nihrm__Features__c,
dev_hotel_sales,nihrm__Inquiry__c,nihrm__Features__c,
dev_hotel_sales,nihrm__PicklistMapping__c,nihrm__FieldDescription__c,
dev_hotel_sales,nihrm__PicklistMapping__c,nihrm__FieldLabel__c,
dev_hotel_sales,nihrm__PicklistMapping__c,nihrm__FieldName__c,
dev_hotel_sales,nihrm__Inquiry__c,nihrm__FirstName__c,
dev_hotel_sales,nihrm__BookingTax__c,nihrm__FlatRateAppliesTo__c,
dev_hotel_sales,nihrm__BookingTax__c,nihrm__FlatRate__c,
dev_hotel_sales,nihrm__Inquiry__c,nihrm__FollowUpDate__c,
dev_hotel_sales,nihrm__Booking__c,nihrm__FoodBeverageMinimum__c,
dev_hotel_sales,nihrm__Site__c,nihrm__ForceAddOnFlow__c,
dev_hotel_sales,nihrm__Site__c,nihrm__ForceUserIdentification__c,
dev_hotel_sales,nihrm__Booking__c,nihrm__ForecastAverageDailyRate__c,
dev_hotel_sales,nihrm__BookingRoomBlock__c,nihrm__ForecastAverageDailyRate__c,
dev_hotel_sales,nihrm__BookingRoomNight__c,nihrm__ForecastAverageRate__c,
dev_hotel_sales,nihrm__Booking__c,nihrm__ForecastEventRevenue10__c,
dev_hotel_sales,nihrm__Booking__c,nihrm__ForecastEventRevenue11__c,
dev_hotel_sales,nihrm__Booking__c,nihrm__ForecastEventRevenue12__c,
dev_hotel_sales,nihrm__Booking__c,nihrm__ForecastEventRevenue13__c,
dev_hotel_sales,nihrm__Booking__c,nihrm__ForecastEventRevenue14__c,
dev_hotel_sales,nihrm__Booking__c,nihrm__ForecastEventRevenue15__c,
dev_hotel_sales,nihrm__Booking__c,nihrm__ForecastEventRevenue1__c,
dev_hotel_sales,nihrm__Booking__c,nihrm__ForecastEventRevenue2__c,
dev_hotel_sales,nihrm__Booking__c,nihrm__ForecastEventRevenue3__c,
dev_hotel_sales,nihrm__Booking__c,nihrm__ForecastEventRevenue4__c,
dev_hotel_sales,nihrm__Booking__c,nihrm__ForecastEventRevenue5__c,
dev_hotel_sales,nihrm__Booking__c,nihrm__ForecastEventRevenue6__c,
dev_hotel_sales,nihrm__Booking__c,nihrm__ForecastEventRevenue7__c,
dev_hotel_sales,nihrm__Booking__c,nihrm__ForecastEventRevenue8__c,
dev_hotel_sales,nihrm__Booking__c,nihrm__ForecastEventRevenue9__c,
dev_hotel_sales,nihrm__Booking__c,nihrm__ForecastEventRevenueTotal__c,
dev_hotel_sales,nihrm__VolumeContractPeriod__c,nihrm__ForecastFBRevenue__c,
dev_hotel_sales,nihrm__VolumeContract__c,nihrm__ForecastFBRevenue__c,
dev_hotel_sales,nihrm__Booking__c,nihrm__ForecastGuestroomRevenueTotal__c,
dev_hotel_sales,nihrm__Booking__c,nihrm__ForecastMaxAttendance__c,
dev_hotel_sales,nihrm__VolumeContractPeriod__c,nihrm__ForecastOtherRevenue__c,
dev_hotel_sales,nihrm__VolumeContract__c,nihrm__ForecastOtherRevenue__c,
dev_hotel_sales,nihrm__BookingRoomNight__c,nihrm__ForecastRate1__c,
dev_hotel_sales,nihrm__BookingRoomNight__c,nihrm__ForecastRate2__c,
dev_hotel_sales,nihrm__BookingRoomNight__c,nihrm__ForecastRate3__c,
dev_hotel_sales,nihrm__BookingRoomNight__c,nihrm__ForecastRate4__c,
dev_hotel_sales,nihrm__VolumeContractPeriod__c,nihrm__ForecastRate__c,
dev_hotel_sales,nihrm__VolumeContract__c,nihrm__ForecastRate__c,
dev_hotel_sales,nihrm__Booking__c,nihrm__ForecastRevenueTotal__c,
dev_hotel_sales,nihrm__BookingRoomBlock__c,nihrm__ForecastRevenueTotal__c,
dev_hotel_sales,nihrm__BookingRoomNight__c,nihrm__ForecastRevenue__c,
dev_hotel_sales,nihrm__VolumeContractPeriod__c,nihrm__ForecastRoomRevenue__c,
dev_hotel_sales,nihrm__VolumeContract__c,nihrm__ForecastRoomRevenue__c,
dev_hotel_sales,nihrm__Booking__c,nihrm__ForecastRoomnightsTotal__c,
dev_hotel_sales,nihrm__BookingRoomBlock__c,nihrm__ForecastRoomnightsTotal__c,
dev_hotel_sales,nihrm__BookingRoomNight__c,nihrm__ForecastRooms1__c,
dev_hotel_sales,nihrm__BookingRoomNight__c,nihrm__ForecastRooms2__c,
dev_hotel_sales,nihrm__BookingRoomNight__c,nihrm__ForecastRooms3__c,
dev_hotel_sales,nihrm__BookingRoomNight__c,nihrm__ForecastRooms4__c,
dev_hotel_sales,nihrm__BookingRoomNight__c,nihrm__ForecastRoomsTotal__c,
dev_hotel_sales,nihrm__VolumeContractPeriod__c,nihrm__ForecastRooms__c,
dev_hotel_sales,nihrm__VolumeContract__c,nihrm__ForecastRooms__c,
dev_hotel_sales,nihrm__VolumeContractPeriod__c,nihrm__ForecastTotalRevenue__c,
dev_hotel_sales,nihrm__VolumeContract__c,nihrm__ForecastTotalRevenue__c,
dev_hotel_sales,nihrm__Location__c,nihrm__FreezeCutoffDateatDefinite__c,
dev_hotel_sales,nihrm__Location__c,nihrm__FullLicensesInUse__c,
dev_hotel_sales,nihrm__Location__c,nihrm__FullLicenses__c,
dev_hotel_sales,nihrm__FunctionRoomGroupComponent__c,nihrm__FunctionRoomGroup__c,
dev_hotel_sales,nihrm__SiteFunctionRoomSetup__c,nihrm__FunctionRoomSetupName__c,
dev_hotel_sales,nihrm__FunctionRoomAlternatePrice__c,nihrm__FunctionRoom__c,
dev_hotel_sales,nihrm__EventFunctionroomDate__c,nihrm__Functionroom__c,
dev_hotel_sales,nihrm__Reservation__c,nihrm__GdsSystem__c,
dev_hotel_sales,nihrm__Location__c,nihrm__Geolocation__Latitude__s,
dev_hotel_sales,nihrm__Location__c,nihrm__Geolocation__Longitude__s,
dev_hotel_sales,nihrm__SalesGoal__c,nihrm__GoalClassificationName__c,
dev_hotel_sales,nihrm__SalesGoal__c,nihrm__GoalClassification__c,
dev_hotel_sales,nihrm__SalesGoal__c,nihrm__GoalType__c,
dev_hotel_sales,nihrm__BookingOtherIncome__c,nihrm__GratuityIsIncludedInInclusivePrice__c,
dev_hotel_sales,nihrm__RevenueClassification__c,nihrm__GratuityIsIncludedInInclusivePrice__c,
dev_hotel_sales,nihrm__EventItem__c,nihrm__GratuityIsIncludedInInclusivePrice__c,
dev_hotel_sales,nihrm__Item__c,nihrm__GratuityIsIncludedInInclusivePrice__c,
dev_hotel_sales,nihrm__EventPackageRevenueBreakdown__c,nihrm__GratuityIsIncludedInInclusivePrice__c,
dev_hotel_sales,nihrm__EventItemRevenueBreakdown__c,nihrm__GratuityIsIncludedInInclusivePrice__c,
dev_hotel_sales,nihrm__BookingOtherIncome__c,nihrm__Gratuity__c,
dev_hotel_sales,nihrm__EventItem__c,nihrm__Gratuity__c,
dev_hotel_sales,nihrm__Item__c,nihrm__Gratuity__c,
dev_hotel_sales,nihrm__EventPackageRevenueBreakdown__c,nihrm__Gratuity__c,
dev_hotel_sales,nihrm__RevenueClassificationJunction__c,nihrm__Gratuity__c,
dev_hotel_sales,nihrm__EventItemRevenueBreakdown__c,nihrm__Gratuity__c,
dev_hotel_sales,nihrm__Reservation__c,nihrm__GroupAccount__c,
dev_hotel_sales,nihrm__Reservation__c,nihrm__GroupAgency__c,
dev_hotel_sales,nihrm__Reservation__c,nihrm__GroupBooking__c,
dev_hotel_sales,nihrm__VolumeContract__c,nihrm__GroupPolicy__c,
dev_hotel_sales,nihrm__Booking__c,nihrm__GroupResumeField1__c,
dev_hotel_sales,nihrm__Booking__c,nihrm__GroupResumeField2__c,
dev_hotel_sales,nihrm__Booking__c,nihrm__GroupResumeField3__c,
dev_hotel_sales,nihrm__Booking__c,nihrm__GroupResumeField4__c,
dev_hotel_sales,nihrm__Booking__c,nihrm__GroupResumeField5__c,
dev_hotel_sales,nihrm__Booking__c,nihrm__GroupResumeField6__c,
dev_hotel_sales,nihrm__Booking__c,nihrm__GroupResumeField7__c,
dev_hotel_sales,nihrm__Booking__c,nihrm__GroupResumeField8__c,
dev_hotel_sales,nihrm__Reservation__c,nihrm__GuaranteeType__c,
dev_hotel_sales,nihrm__Booking__c,nihrm__GuaranteedMaxAttendance__c,
dev_hotel_sales,nihrm__Reservation__c,nihrm__GuestAliasFirstName__c,
dev_hotel_sales,nihrm__Reservation__c,nihrm__GuestAliasLastName__c,
dev_hotel_sales,nihrm__Reservation__c,nihrm__GuestAliasSalutation__c,
dev_hotel_sales,nihrm__Booking__c,nihrm__GuestAttendance__c,
dev_hotel_sales,nihrm__Reservation__c,nihrm__GuestBirthdate__c,
dev_hotel_sales,nihrm__Reservation__c,nihrm__GuestCity__c,
dev_hotel_sales,nihrm__Reservation__c,nihrm__GuestCountryCode__c,
dev_hotel_sales,nihrm__Reservation__c,nihrm__GuestCountry__c,
dev_hotel_sales,nihrm__Reservation__c,nihrm__GuestEmailOptOut__c,
dev_hotel_sales,nihrm__Reservation__c,nihrm__GuestEmail__c,
dev_hotel_sales,nihrm__Reservation__c,nihrm__GuestEta__c,
dev_hotel_sales,nihrm__Reservation__c,nihrm__GuestEtd__c,
dev_hotel_sales,nihrm__Reservation__c,nihrm__GuestFax__c,
dev_hotel_sales,nihrm__Reservation__c,nihrm__GuestFirstName__c,
dev_hotel_sales,nihrm__Reservation__c,nihrm__GuestFullName__c,
dev_hotel_sales,nihrm__Reservation__c,nihrm__GuestLanguagePreference__c,
dev_hotel_sales,nihrm__Reservation__c,nihrm__GuestLastName__c,
dev_hotel_sales,nihrm__Reservation__c,nihrm__GuestPhone__c,
dev_hotel_sales,nihrm__Reservation__c,nihrm__GuestPostalCode__c,
dev_hotel_sales,nihrm__Reservation__c,nihrm__GuestSalutation__c,
dev_hotel_sales,nihrm__Reservation__c,nihrm__GuestState__c,
dev_hotel_sales,nihrm__Reservation__c,nihrm__GuestStreet1__c,
dev_hotel_sales,nihrm__Reservation__c,nihrm__GuestStreet2__c,
dev_hotel_sales,nihrm__Reservation__c,nihrm__GuestStreet3__c,
dev_hotel_sales,nihrm__GuestroomType__c,nihrm__GuestroomCategoryName__c,
dev_hotel_sales,nihrm__GuestroomType__c,nihrm__GuestroomCategory__c,
dev_hotel_sales,nihrm__Site__c,nihrm__GuestroomDepositActive__c,
dev_hotel_sales,nihrm__Site__c,nihrm__GuestroomDepositOnlyForGroupPay__c,
dev_hotel_sales,nihrm__Site__c,nihrm__GuestroomDepositPercentage__c,
dev_hotel_sales,nihrm__Reservation__c,nihrm__GuestroomNumber__c,
dev_hotel_sales,nihrm__Reservation__c,nihrm__GuestroomTypeChargedCode__c,
dev_hotel_sales,nihrm__Reservation__c,nihrm__GuestroomTypeCharged__c,
dev_hotel_sales,nihrm__PmsRoomNight__c,nihrm__GuestroomTypeCode__c,
dev_hotel_sales,nihrm__Reservation__c,nihrm__GuestroomTypeOccupiedCode__c,
dev_hotel_sales,nihrm__ReservationNight__c,nihrm__GuestroomTypeOccupied__c,
dev_hotel_sales,nihrm__Reservation__c,nihrm__GuestroomTypeOccupied__c,
dev_hotel_sales,nihrm__VolumeContractGuestroomType__c,nihrm__GuestroomType__c,
dev_hotel_sales,nihrm__PmsRoomNight__c,nihrm__GuestroomType__c,
dev_hotel_sales,nihrm__VolumeContractPickup__c,nihrm__GuestroomType__c,
dev_hotel_sales,nihrm__BookingRoomNight__c,nihrm__GuestroomType__c,
dev_hotel_sales,nihrm__Inquiry__c,nihrm__Guests__c,
dev_hotel_sales,nihrm__BookingOtherIncome__c,nihrm__HasInvalidTaxGroup__c,
dev_hotel_sales,nihrm__BookingRoomBlock__c,nihrm__HasInvalidTaxGroup__c,
dev_hotel_sales,nihrm__Inquiry__c,nihrm__HasOptedOutOfEmail__c,
dev_hotel_sales,nihrm__Inquiry__c,nihrm__HasOptedOutOfFax__c,
dev_hotel_sales,nihrm__Location__c,nihrm__HideBookingsFromPortal__c,
dev_hotel_sales,nihrm__Booking__c,nihrm__HideFromPlannerPortal__c,
dev_hotel_sales,nihrm__EventItem__c,nihrm__HidePriceOnBeo__c,
dev_hotel_sales,nihrm__Item__c,nihrm__HidePriceOnBeo__c,
dev_hotel_sales,nihrm__EventItem__c,nihrm__HideQuantityOnBeo__c,
dev_hotel_sales,nihrm__Item__c,nihrm__HideQuantityOnBeo__c,
dev_hotel_sales,nihrm__Site__c,nihrm__HideRFPFlow__c,
dev_hotel_sales,nihrm__Site__c,nihrm__HideServeTimes__c,
dev_hotel_sales,nihrm__VolumeContract__c,nihrm__HousingMethodName__c,
dev_hotel_sales,nihrm__Booking__c,nihrm__HousingMethodName__c,
dev_hotel_sales,nihrm__VolumeContract__c,nihrm__HousingMethod__c,
dev_hotel_sales,nihrm__Booking__c,nihrm__HousingMethod__c,
dev_hotel_sales,nihrm__BookingRoomBlock__c,nihrm__HousingMethod__c,
dev_hotel_sales,nihrm__Inquiry__c,nihrm__IATANumber__c,
dev_hotel_sales,nihrm__Package__c,nihrm__IPlanLocationid__c,
dev_hotel_sales,nihrm__Location__c,nihrm__IPlanLocationid__c,
dev_hotel_sales,nihrm__Reservation__c,nihrm__IataNumber__c,
dev_hotel_sales,nihrm__Package__c,nihrm__ImageUrl__c,
dev_hotel_sales,nihrm__BookingRoomBlock__c,nihrm__IncidentalsBilling__c,
dev_hotel_sales,nihrm__Package__c,nihrm__IncludeGuestroomsInPackagePrice__c,
dev_hotel_sales,nihrm__BookingPackage__c,nihrm__IncludeGuestroomsInPackagePrice__c,
dev_hotel_sales,nihrm__EventItem__c,nihrm__InclusiveAlternateUnitPrice__c,
dev_hotel_sales,nihrm__EventItemRevenueBreakdown__c,nihrm__InclusiveAlternateUnitPrice__c,
dev_hotel_sales,nihrm__Reservation__c,nihrm__InclusiveEstimatedReservationAmount__c,
dev_hotel_sales,nihrm__EventItem__c,nihrm__InclusiveUnitPrice__c,
dev_hotel_sales,nihrm__EventPackageRevenueBreakdown__c,nihrm__InclusiveUnitPrice__c,
dev_hotel_sales,nihrm__PicklistMapping__c,nihrm__InitializedFlag__c,
dev_hotel_sales,nihrm__BookingInquiry__c,nihrm__InquiryIdBookingId__c,
dev_hotel_sales,nihrm__Inquiry__c,nihrm__InquiryRatingName__c,
dev_hotel_sales,nihrm__Inquiry__c,nihrm__InquiryRating__c,
dev_hotel_sales,nihrm__Booking__c,nihrm__Inquiry__c,
dev_hotel_sales,nihrm__BookingInquiry__c,nihrm__Inquiry__c,
dev_hotel_sales,nihrm__GuestroomType__c,nihrm__Inventory__c,
dev_hotel_sales,nihrm__Item__c,nihrm__Inventory__c,
dev_hotel_sales,nihrm__ChannelPackage__c,nihrm__IsActive__c,
dev_hotel_sales,nihrm__PackageItem__c,nihrm__IsActive__c,
dev_hotel_sales,nihrm__ChannelLocationItem__c,nihrm__IsActive__c,
dev_hotel_sales,nihrm__RevenueClassification__c,nihrm__IsActive__c,
dev_hotel_sales,nihrm__Package__c,nihrm__IsActive__c,
dev_hotel_sales,nihrm__GuestroomType__c,nihrm__IsActive__c,
dev_hotel_sales,nihrm__FunctionRoomGroup__c,nihrm__IsActive__c,
dev_hotel_sales,nihrm__EventClassification__c,nihrm__IsActive__c,
dev_hotel_sales,nihrm__Channel__c,nihrm__IsActive__c,
dev_hotel_sales,nihrm__OtherIncome__c,nihrm__IsActive__c,
dev_hotel_sales,nihrm__ChannelLocation__c,nihrm__IsActive__c,
dev_hotel_sales,nihrm__SiteRateCode__c,nihrm__IsActive__c,
dev_hotel_sales,nihrm__Location__c,nihrm__IsActive__c,
dev_hotel_sales,nihrm__RateCode__c,nihrm__IsActive__c,
dev_hotel_sales,nihrm__Item__c,nihrm__IsActive__c,
dev_hotel_sales,nihrm__SetupValue__c,nihrm__IsActive__c,
dev_hotel_sales,nihrm__SiteFunctionRoomSetup__c,nihrm__IsActive__c,
dev_hotel_sales,nihrm__RevenueClassification__c,nihrm__IsAdminChargeRevenue__c,
dev_hotel_sales,nihrm__Booking__c,nihrm__IsCommissionable__c,
dev_hotel_sales,nihrm__BookingTax__c,nihrm__IsCompound__c,
dev_hotel_sales,nihrm__RevenueClassification__c,nihrm__IsFunctionRoomRevenue__c,
dev_hotel_sales,nihrm__BookingOtherIncome__c,nihrm__IsIncludedInPackage__c,
dev_hotel_sales,nihrm__EventItem__c,nihrm__IsIncludedInPackage__c,
dev_hotel_sales,nihrm__Package__c,nihrm__IsInclusive__c,
dev_hotel_sales,nihrm__OtherIncome__c,nihrm__IsInclusive__c,
dev_hotel_sales,nihrm__Item__c,nihrm__IsInclusive__c,
dev_hotel_sales,nihrm__Location__c,nihrm__IsLimitedService__c,
dev_hotel_sales,nihrm__PmsRoomBlock__c,nihrm__IsLinkSent__c,
dev_hotel_sales,nihrm__SalesGoal__c,nihrm__IsMonthly__c,
dev_hotel_sales,nihrm__BookingRoomBlock__c,nihrm__IsOwnerLocked__c,
dev_hotel_sales,nihrm__Booking__c,nihrm__IsPickupComplete__c,
dev_hotel_sales,nihrm__BookingRoomBlock__c,nihrm__IsPickupComplete__c,
dev_hotel_sales,nihrm__Location__c,nihrm__IsPlannerPortalEnabled__c,
dev_hotel_sales,nihrm__Booking__c,nihrm__IsPmsLinked__c,
dev_hotel_sales,nihrm__BookingRoomBlock__c,nihrm__IsPmsLinked__c,
dev_hotel_sales,nihrm__BookingInquiry__c,nihrm__IsPrimary__c,
dev_hotel_sales,nihrm__Reservation__c,nihrm__IsRateSuppressed__c,
dev_hotel_sales,nihrm__Reservation__c,nihrm__IsReservationNightsArchived__c,
dev_hotel_sales,nihrm__RevenueClassification__c,nihrm__IsRootClassification__c,
dev_hotel_sales,nihrm__GuestroomType__c,nihrm__IsRunOfHouse__c,
dev_hotel_sales,nihrm__BookingRoomBlock__c,nihrm__IsStatusLocked__c,
dev_hotel_sales,nihrm__Reservation__c,nihrm__IsStayComplete__c,
dev_hotel_sales,nihrm__RoomBlockRevenue__c,nihrm__IsStayComplete__c,
dev_hotel_sales,nihrm__BookingPostedRevenue__c,nihrm__IsStayComplete__c,
dev_hotel_sales,nihrm__SiteFunctionRoomSetup__c,nihrm__IsSystem__c,
dev_hotel_sales,nihrm__Booking__c,nihrm__IsTaxExempt__c,
dev_hotel_sales,nihrm__Item__c,nihrm__ItemCategoryName__c,
dev_hotel_sales,nihrm__Item__c,nihrm__ItemCategory__c,
dev_hotel_sales,nihrm__EventItem__c,nihrm__ItemReference__c,
dev_hotel_sales,nihrm__EventItem__c,nihrm__ItemType__c,
dev_hotel_sales,nihrm__Item__c,nihrm__ItemType__c,
dev_hotel_sales,nihrm__PackageItem__c,nihrm__Item__c,
dev_hotel_sales,nihrm__ChannelLocationItem__c,nihrm__Item__c,
dev_hotel_sales,nihrm__EventClassificationItem__c,nihrm__Item__c,
dev_hotel_sales,nihrm__Inquiry__c,nihrm__LSBooking__c,
dev_hotel_sales,nihrm__GuestroomType__c,nihrm__LSDefaultBudgetedRate__c,
dev_hotel_sales,nihrm__GuestroomType__c,nihrm__LSDefaultBudgetedRooms__c,
dev_hotel_sales,nihrm__GuestroomType__c,nihrm__LSDefaultMinimumAcceptableRate__c,
dev_hotel_sales,nihrm__GuestroomType__c,nihrm__LSDefaultOutOfService__c,
dev_hotel_sales,nihrm__GuestroomType__c,nihrm__LSDefaultRackRate__c,
dev_hotel_sales,nihrm__GuestroomType__c,nihrm__LSDefaultTransientProtected__c,
dev_hotel_sales,nihrm__GuestroomType__c,nihrm__LSRulesJSON__c,
dev_hotel_sales,nihrm__Inquiry__c,nihrm__LastName__c,
dev_hotel_sales,nihrm__VolumeContract__c,nihrm__LastStatusDate__c,
dev_hotel_sales,nihrm__Booking__c,nihrm__LastStatusDate__c,
dev_hotel_sales,nihrm__VolumeContract__c,nihrm__LeadSourceName__c,
dev_hotel_sales,nihrm__Booking__c,nihrm__LeadSourceName__c,
dev_hotel_sales,nihrm__Inquiry__c,nihrm__LeadSourceName__c,
dev_hotel_sales,nihrm__VolumeContract__c,nihrm__LeadSource__c,
dev_hotel_sales,nihrm__Booking__c,nihrm__LeadSource__c,
dev_hotel_sales,nihrm__Inquiry__c,nihrm__LeadSource__c,
dev_hotel_sales,nihrm__Reservation__c,nihrm__LengthOfStay__c,
dev_hotel_sales,nihrm__Location__c,nihrm__LimitedLicensesInUse__c,
dev_hotel_sales,nihrm__Location__c,nihrm__LimitedLicenses__c,
dev_hotel_sales,nihrm__PicklistMapping__c,nihrm__ListSize__c,
dev_hotel_sales,nihrm__Location__c,nihrm__LocationCode__c,
dev_hotel_sales,nihrm__CustomMapping__c,nihrm__LocationIntegrationSettings__c,
dev_hotel_sales,nihrm__Inquiry__c,nihrm__LocationPreference__c,
dev_hotel_sales,nihrm__Site__c,nihrm__LocationSelectionBy__c,
dev_hotel_sales,nihrm__BookingTax__c,nihrm__Location__c,
dev_hotel_sales,nihrm__PackageItem__c,nihrm__Location__c,
dev_hotel_sales,nihrm__BookingOtherIncome__c,nihrm__Location__c,
dev_hotel_sales,nihrm__ChannelLocationItem__c,nihrm__Location__c,
dev_hotel_sales,nihrm__RevenueClassification__c,nihrm__Location__c,
dev_hotel_sales,nihrm__Package__c,nihrm__Location__c,
dev_hotel_sales,nihrm__VolumeContractPeriod__c,nihrm__Location__c,
dev_hotel_sales,nihrm__GuestroomType__c,nihrm__Location__c,
dev_hotel_sales,nihrm__FunctionRoomGroup__c,nihrm__Location__c,
dev_hotel_sales,nihrm__FunctionRoomGroupComponent__c,nihrm__Location__c,
dev_hotel_sales,nihrm__EventClassification__c,nihrm__Location__c,
dev_hotel_sales,nihrm__VolumeContract__c,nihrm__Location__c,
dev_hotel_sales,nihrm__Booking__c,nihrm__Location__c,
dev_hotel_sales,nihrm__OtherIncome__c,nihrm__Location__c,
dev_hotel_sales,nihrm__Reservation__c,nihrm__Location__c,
dev_hotel_sales,nihrm__Transaction__c,nihrm__Location__c,
dev_hotel_sales,nihrm__VolumeContractPickup__c,nihrm__Location__c,
dev_hotel_sales,nihrm__PackageEvent__c,nihrm__Location__c,
dev_hotel_sales,nihrm__EventItem__c,nihrm__Location__c,
dev_hotel_sales,nihrm__ChannelLocation__c,nihrm__Location__c,
dev_hotel_sales,nihrm__RateCode__c,nihrm__Location__c,
dev_hotel_sales,nihrm__SalesGoal__c,nihrm__Location__c,
dev_hotel_sales,nihrm__Item__c,nihrm__Location__c,
dev_hotel_sales,nihrm__EventPackageRevenueBreakdown__c,nihrm__Location__c,
dev_hotel_sales,nihrm__RevenueClassificationJunction__c,nihrm__Location__c,
dev_hotel_sales,nihrm__EventItemRevenueBreakdown__c,nihrm__Location__c,
dev_hotel_sales,nihrm__Inquiry__c,nihrm__Location__c,
dev_hotel_sales,nihrm__BookingInquiry__c,nihrm__Location__c,
dev_hotel_sales,nihrm__BookingPackage__c,nihrm__Location__c,
dev_hotel_sales,nihrm__SetupValue__c,nihrm__Location__c,
dev_hotel_sales,nihrm__BookingRoomBlock__c,nihrm__Location__c,
dev_hotel_sales,nihrm__EventClassificationItem__c,nihrm__Location__c,
dev_hotel_sales,nihrm__PmsRoomBlock__c,nihrm__Location__c,
dev_hotel_sales,nihrm__Site__c,nihrm__LogoUrl__c,
dev_hotel_sales,nihrm__Location__c,nihrm__Logo__c,
dev_hotel_sales,nihrm__Location__c,nihrm__LongDescription__c,
dev_hotel_sales,nihrm__Inquiry__c,nihrm__LostBusinessReason__c,
dev_hotel_sales,nihrm__Inquiry__c,nihrm__LostBusiness__c,
dev_hotel_sales,nihrm__VolumeContract__c,nihrm__LostComments__c,
dev_hotel_sales,nihrm__Booking__c,nihrm__LostComments__c,
dev_hotel_sales,nihrm__Inquiry__c,nihrm__LostComments__c,
dev_hotel_sales,nihrm__VolumeContract__c,nihrm__LostToCity__c,
dev_hotel_sales,nihrm__Booking__c,nihrm__LostToCity__c,
dev_hotel_sales,nihrm__VolumeContract__c,nihrm__LostToCompetitorName__c,
dev_hotel_sales,nihrm__Booking__c,nihrm__LostToCompetitorName__c,
dev_hotel_sales,nihrm__Inquiry__c,nihrm__LostToCompetitorName__c,
dev_hotel_sales,nihrm__VolumeContract__c,nihrm__LostToCompetitor__c,
dev_hotel_sales,nihrm__Booking__c,nihrm__LostToCompetitor__c,
dev_hotel_sales,nihrm__Inquiry__c,nihrm__LostToCompetitor__c,
dev_hotel_sales,nihrm__VolumeContract__c,nihrm__LostToHotel__c,
dev_hotel_sales,nihrm__Location__c,nihrm__Lunch24hrs__c,
dev_hotel_sales,nihrm__Location__c,nihrm__ManagementAffliation__c,
dev_hotel_sales,nihrm__RevenueClassification__c,nihrm__MapsToCorporate__c,
dev_hotel_sales,nihrm__VolumeContract__c,nihrm__MarketSegmentName__c,
dev_hotel_sales,nihrm__Inquiry__c,nihrm__MarketSegmentName__c,
dev_hotel_sales,nihrm__VolumeContract__c,nihrm__MarketSegment__c,
dev_hotel_sales,nihrm__Reservation__c,nihrm__MarketSegment__c,
dev_hotel_sales,nihrm__Inquiry__c,nihrm__MarketSegment__c,
dev_hotel_sales,nihrm__Location__c,nihrm__MasterId__c,
dev_hotel_sales,nihrm__Reservation__c,nihrm__MasterReservation__c,
dev_hotel_sales,nihrm__SetupValue__c,nihrm__MasterSourceIndexed__c,
dev_hotel_sales,nihrm__RevenueClassification__c,nihrm__MasterSource__c,
dev_hotel_sales,nihrm__EventClassification__c,nihrm__MasterSource__c,
dev_hotel_sales,nihrm__Item__c,nihrm__MasterSource__c,
dev_hotel_sales,nihrm__SetupValue__c,nihrm__MasterSource__c,
dev_hotel_sales,nihrm__Booking__c,nihrm__MaterializationPercentage__c,
dev_hotel_sales,nihrm__Inquiry__c,nihrm__MaxAttendance__c,
dev_hotel_sales,nihrm__Site__c,nihrm__MaxCheckOutDate__c,
dev_hotel_sales,nihrm__SiteRateCode__c,nihrm__MaxEndDate__c,
dev_hotel_sales,nihrm__Site__c,nihrm__MaxEndDate__c,
dev_hotel_sales,nihrm__Site__c,nihrm__MaxEventBookingLength__c,
dev_hotel_sales,nihrm__Site__c,nihrm__MaxGuestroomBookingLength__c,
dev_hotel_sales,nihrm__Site__c,nihrm__MaxNumberOfAttendees__c,
dev_hotel_sales,nihrm__SiteRateCode__c,nihrm__MaxNumberOfRooms__c,
dev_hotel_sales,nihrm__Site__c,nihrm__MaxNumberOfRooms__c,
dev_hotel_sales,nihrm__GuestroomType__c,nihrm__MaxOccupants__c,
dev_hotel_sales,nihrm__Channel__c,nihrm__MbChannelUsername__c,
dev_hotel_sales,nihrm__Location__c,nihrm__MbGuestroomType1__c,
dev_hotel_sales,nihrm__Location__c,nihrm__MbGuestroomType2__c,
dev_hotel_sales,nihrm__Location__c,nihrm__MbGuestroomType3__c,
dev_hotel_sales,nihrm__Location__c,nihrm__MbGuestroomType4__c,
dev_hotel_sales,nihrm__ChannelLocation__c,nihrm__MbLocationId__c,
dev_hotel_sales,nihrm__Booking__c,nihrm__MbReferenceNumber__c,
dev_hotel_sales,nihrm__Inquiry__c,nihrm__MbReferenceNumber__c,
dev_hotel_sales,nihrm__BookingInquiry__c,nihrm__MbReferenceNumber__c,
dev_hotel_sales,nihrm__Booking__c,nihrm__MbRfpId__c,
dev_hotel_sales,nihrm__Inquiry__c,nihrm__MbRfpId__c,
dev_hotel_sales,nihrm__Channel__c,nihrm__MbServiceUrl__c,
dev_hotel_sales,nihrm__BookingRoomBlock__c,nihrm__MealPlanRatePerPerson__c,
dev_hotel_sales,nihrm__BookingRoomBlock__c,nihrm__MealPlanType__c,
dev_hotel_sales,nihrm__Booking__c,nihrm__MeetingClassName__c,
dev_hotel_sales,nihrm__Booking__c,nihrm__MeetingClass__c,
dev_hotel_sales,nihrm__SiteRateCode__c,nihrm__MeetingSpaceIncluded__c,
dev_hotel_sales,nihrm__Reservation__c,nihrm__MembershipLevel__c,
dev_hotel_sales,nihrm__Reservation__c,nihrm__MembershipNumber__c,
dev_hotel_sales,nihrm__Reservation__c,nihrm__MembershipProgramCode__c,
dev_hotel_sales,nihrm__EventItem__c,nihrm__MenuItem__c,
dev_hotel_sales,nihrm__EventItem__c,nihrm__Menu__c,
dev_hotel_sales,nihrm__CustomMapping__c,nihrm__MessageType__c,
dev_hotel_sales,nihrm__Location__c,nihrm__MetroArea__c,
dev_hotel_sales,nihrm__Site__c,nihrm__MinCheckInDate__c,
dev_hotel_sales,nihrm__Site__c,nihrm__MinNumberOfAttendees__c,
dev_hotel_sales,nihrm__SiteRateCode__c,nihrm__MinNumberOfRooms__c,
dev_hotel_sales,nihrm__Site__c,nihrm__MinNumberOfRooms__c,
dev_hotel_sales,nihrm__SiteRateCode__c,nihrm__MinStartDate__c,
dev_hotel_sales,nihrm__Site__c,nihrm__MinStartDate__c,
dev_hotel_sales,nihrm__Inquiry__c,nihrm__MobilePhone__c,
dev_hotel_sales,nihrm__Location__c,nihrm__Morning24hrs__c,
dev_hotel_sales,nihrm__VolumeContract__c,nihrm__NIHRMMigrations_Booking__c,
dev_hotel_sales,nihrm__VolumeContractGuestroomType__c,nihrm__NIHRMMigrations_ExternalID__c,
dev_hotel_sales,nihrm__ChannelPackage__c,nihrm__NIHRMMigrations_ExternalID__c,
dev_hotel_sales,nihrm__BookingTax__c,nihrm__NIHRMMigrations_ExternalID__c,
dev_hotel_sales,nihrm__PackageItem__c,nihrm__NIHRMMigrations_ExternalID__c,
dev_hotel_sales,nihrm__FunctionRoomAlternatePrice__c,nihrm__NIHRMMigrations_ExternalID__c,
dev_hotel_sales,nihrm__BookingOtherIncome__c,nihrm__NIHRMMigrations_ExternalID__c,
dev_hotel_sales,nihrm__ChannelLocationItem__c,nihrm__NIHRMMigrations_ExternalID__c,
dev_hotel_sales,nihrm__RevenueClassification__c,nihrm__NIHRMMigrations_ExternalID__c,
dev_hotel_sales,nihrm__Package__c,nihrm__NIHRMMigrations_ExternalID__c,
dev_hotel_sales,nihrm__VolumeContractPeriod__c,nihrm__NIHRMMigrations_ExternalID__c,
dev_hotel_sales,nihrm__GuestroomType__c,nihrm__NIHRMMigrations_ExternalID__c,
dev_hotel_sales,nihrm__FunctionRoomGroup__c,nihrm__NIHRMMigrations_ExternalID__c,
dev_hotel_sales,nihrm__FunctionRoomGroupComponent__c,nihrm__NIHRMMigrations_ExternalID__c,
dev_hotel_sales,nihrm__EventClassification__c,nihrm__NIHRMMigrations_ExternalID__c,
dev_hotel_sales,nihrm__VolumeContract__c,nihrm__NIHRMMigrations_ExternalID__c,
dev_hotel_sales,nihrm__PmsRoomNight__c,nihrm__NIHRMMigrations_ExternalID__c,
dev_hotel_sales,nihrm__ReservationNight__c,nihrm__NIHRMMigrations_ExternalID__c,
dev_hotel_sales,nihrm__Channel__c,nihrm__NIHRMMigrations_ExternalID__c,
dev_hotel_sales,nihrm__Booking__c,nihrm__NIHRMMigrations_ExternalID__c,
dev_hotel_sales,nihrm__BookingContact__c,nihrm__NIHRMMigrations_ExternalID__c,
dev_hotel_sales,nihrm__OtherIncome__c,nihrm__NIHRMMigrations_ExternalID__c,
dev_hotel_sales,nihrm__Reservation__c,nihrm__NIHRMMigrations_ExternalID__c,
dev_hotel_sales,nihrm__Transaction__c,nihrm__NIHRMMigrations_ExternalID__c,
dev_hotel_sales,nihrm__EventItemAlternatePrice__c,nihrm__NIHRMMigrations_ExternalID__c,
dev_hotel_sales,nihrm__VolumeContractPickup__c,nihrm__NIHRMMigrations_ExternalID__c,
dev_hotel_sales,nihrm__PackageEvent__c,nihrm__NIHRMMigrations_ExternalID__c,
dev_hotel_sales,nihrm__EventItem__c,nihrm__NIHRMMigrations_ExternalID__c,
dev_hotel_sales,nihrm__ChannelLocation__c,nihrm__NIHRMMigrations_ExternalID__c,
dev_hotel_sales,nihrm__EventPackageItem__c,nihrm__NIHRMMigrations_ExternalID__c,
dev_hotel_sales,nihrm__RoomBlockRevenue__c,nihrm__NIHRMMigrations_ExternalID__c,
dev_hotel_sales,nihrm__Site__c,nihrm__NIHRMMigrations_ExternalID__c,
dev_hotel_sales,nihrm__Location__c,nihrm__NIHRMMigrations_ExternalID__c,
dev_hotel_sales,nihrm__RateCode__c,nihrm__NIHRMMigrations_ExternalID__c,
dev_hotel_sales,nihrm__SalesGoal__c,nihrm__NIHRMMigrations_ExternalID__c,
dev_hotel_sales,nihrm__VolumeContractContact__c,nihrm__NIHRMMigrations_ExternalID__c,
dev_hotel_sales,nihrm__Item__c,nihrm__NIHRMMigrations_ExternalID__c,
dev_hotel_sales,nihrm__EventPackageRevenueBreakdown__c,nihrm__NIHRMMigrations_ExternalID__c,
dev_hotel_sales,nihrm__RevenueClassificationJunction__c,nihrm__NIHRMMigrations_ExternalID__c,
dev_hotel_sales,nihrm__RoomblockPackage__c,nihrm__NIHRMMigrations_ExternalID__c,
dev_hotel_sales,nihrm__EventItemRevenueBreakdown__c,nihrm__NIHRMMigrations_ExternalID__c,
dev_hotel_sales,nihrm__Inquiry__c,nihrm__NIHRMMigrations_ExternalID__c,
dev_hotel_sales,nihrm__BookingPostedRevenue__c,nihrm__NIHRMMigrations_ExternalID__c,
dev_hotel_sales,nihrm__ReservationOtherIncomeDay__c,nihrm__NIHRMMigrations_ExternalID__c,
dev_hotel_sales,nihrm__BookingRoomNight__c,nihrm__NIHRMMigrations_ExternalID__c,
dev_hotel_sales,nihrm__BookingInquiry__c,nihrm__NIHRMMigrations_ExternalID__c,
dev_hotel_sales,nihrm__EventFunctionroomDate__c,nihrm__NIHRMMigrations_ExternalID__c,
dev_hotel_sales,nihrm__BookingPackage__c,nihrm__NIHRMMigrations_ExternalID__c,
dev_hotel_sales,nihrm__SetupValue__c,nihrm__NIHRMMigrations_ExternalID__c,
dev_hotel_sales,nihrm__EIRevBreakdownAlternatePrice__c,nihrm__NIHRMMigrations_ExternalID__c,
dev_hotel_sales,nihrm__BookingRoomBlock__c,nihrm__NIHRMMigrations_ExternalID__c,
dev_hotel_sales,nihrm__EventClassificationItem__c,nihrm__NIHRMMigrations_ExternalID__c,
dev_hotel_sales,nihrm__SiteFunctionRoomSetup__c,nihrm__NIHRMMigrations_ExternalID__c,
dev_hotel_sales,nihrm__PmsRoomBlock__c,nihrm__NIHRMMigrations_ExternalID__c,
dev_hotel_sales,nihrm__Booking__c,nihrm__NIHRMMigrations_OriginalAdditionalSalesM__c,
dev_hotel_sales,nihrm__Booking__c,nihrm__NIHRMMigrations_OriginalCateringManager__c,
dev_hotel_sales,nihrm__Booking__c,nihrm__NIHRMMigrations_OriginalOtherManager__c,
dev_hotel_sales,nihrm__Booking__c,nihrm__NIHRMMigrations_OriginalOtherSource1__c,
dev_hotel_sales,nihrm__Booking__c,nihrm__NIHRMMigrations_OriginalOtherSource2__c,
dev_hotel_sales,nihrm__Booking__c,nihrm__NIHRMMigrations_OriginalOtherSource3__c,
dev_hotel_sales,nihrm__Booking__c,nihrm__NIHRMMigrations_OriginalOtherSource4__c,
dev_hotel_sales,nihrm__VolumeContract__c,nihrm__NIHRMMigrations_OriginalOwner__c,
dev_hotel_sales,nihrm__Booking__c,nihrm__NIHRMMigrations_OriginalOwner__c,
dev_hotel_sales,nihrm__Inquiry__c,nihrm__NIHRMMigrations_OriginalOwner__c,
dev_hotel_sales,nihrm__EventItem__c,nihrm__NIHRMMigrations_OriginalQuantity__c,
dev_hotel_sales,nihrm__Booking__c,nihrm__NIHRMMigrations_OriginalServiceAssistant__c,
dev_hotel_sales,nihrm__Booking__c,nihrm__NIHRMMigrations_OriginalServiceManager__c,
dev_hotel_sales,nihrm__Location__c,nihrm__NearestAirportCode__c,
dev_hotel_sales,nihrm__Inquiry__c,nihrm__Nights__c,
dev_hotel_sales,nihrm__Reservation__c,nihrm__Notes__c,
dev_hotel_sales,nihrm__BookingOtherIncome__c,nihrm__NumberActualRevenue10__c,
dev_hotel_sales,nihrm__EventItem__c,nihrm__NumberActualRevenue10__c,
dev_hotel_sales,nihrm__BookingOtherIncome__c,nihrm__NumberActualRevenue11__c,
dev_hotel_sales,nihrm__EventItem__c,nihrm__NumberActualRevenue11__c,
dev_hotel_sales,nihrm__BookingOtherIncome__c,nihrm__NumberActualRevenue12__c,
dev_hotel_sales,nihrm__EventItem__c,nihrm__NumberActualRevenue12__c,
dev_hotel_sales,nihrm__BookingOtherIncome__c,nihrm__NumberActualRevenue13__c,
dev_hotel_sales,nihrm__EventItem__c,nihrm__NumberActualRevenue13__c,
dev_hotel_sales,nihrm__BookingOtherIncome__c,nihrm__NumberActualRevenue14__c,
dev_hotel_sales,nihrm__EventItem__c,nihrm__NumberActualRevenue14__c,
dev_hotel_sales,nihrm__BookingOtherIncome__c,nihrm__NumberActualRevenue15__c,
dev_hotel_sales,nihrm__EventItem__c,nihrm__NumberActualRevenue15__c,
dev_hotel_sales,nihrm__BookingOtherIncome__c,nihrm__NumberActualRevenue1__c,
dev_hotel_sales,nihrm__EventItem__c,nihrm__NumberActualRevenue1__c,
dev_hotel_sales,nihrm__BookingOtherIncome__c,nihrm__NumberActualRevenue2__c,
dev_hotel_sales,nihrm__EventItem__c,nihrm__NumberActualRevenue2__c,
dev_hotel_sales,nihrm__BookingOtherIncome__c,nihrm__NumberActualRevenue3__c,
dev_hotel_sales,nihrm__EventItem__c,nihrm__NumberActualRevenue3__c,
dev_hotel_sales,nihrm__BookingOtherIncome__c,nihrm__NumberActualRevenue4__c,
dev_hotel_sales,nihrm__EventItem__c,nihrm__NumberActualRevenue4__c,
dev_hotel_sales,nihrm__BookingOtherIncome__c,nihrm__NumberActualRevenue5__c,
dev_hotel_sales,nihrm__EventItem__c,nihrm__NumberActualRevenue5__c,
dev_hotel_sales,nihrm__BookingOtherIncome__c,nihrm__NumberActualRevenue6__c,
dev_hotel_sales,nihrm__EventItem__c,nihrm__NumberActualRevenue6__c,
dev_hotel_sales,nihrm__BookingOtherIncome__c,nihrm__NumberActualRevenue7__c,
dev_hotel_sales,nihrm__EventItem__c,nihrm__NumberActualRevenue7__c,
dev_hotel_sales,nihrm__BookingOtherIncome__c,nihrm__NumberActualRevenue8__c,
dev_hotel_sales,nihrm__EventItem__c,nihrm__NumberActualRevenue8__c,
dev_hotel_sales,nihrm__BookingOtherIncome__c,nihrm__NumberActualRevenue9__c,
dev_hotel_sales,nihrm__EventItem__c,nihrm__NumberActualRevenue9__c,
dev_hotel_sales,nihrm__BookingRoomBlock__c,nihrm__NumberActualRevenueTotal__c,
dev_hotel_sales,nihrm__BookingRoomBlock__c,nihrm__NumberAgreedRevenueTotal__c,
dev_hotel_sales,nihrm__BookingRoomNight__c,nihrm__NumberAgreedRevenue__c,
dev_hotel_sales,nihrm__BookingRoomBlock__c,nihrm__NumberBlockedRevenueTotal__c,
dev_hotel_sales,nihrm__BookingRoomNight__c,nihrm__NumberBlockedRevenue__c,
dev_hotel_sales,nihrm__BookingOtherIncome__c,nihrm__NumberBookedRevenue10__c,
dev_hotel_sales,nihrm__EventItem__c,nihrm__NumberBookedRevenue10__c,
dev_hotel_sales,nihrm__BookingOtherIncome__c,nihrm__NumberBookedRevenue11__c,
dev_hotel_sales,nihrm__EventItem__c,nihrm__NumberBookedRevenue11__c,
dev_hotel_sales,nihrm__BookingOtherIncome__c,nihrm__NumberBookedRevenue12__c,
dev_hotel_sales,nihrm__EventItem__c,nihrm__NumberBookedRevenue12__c,
dev_hotel_sales,nihrm__BookingOtherIncome__c,nihrm__NumberBookedRevenue13__c,
dev_hotel_sales,nihrm__EventItem__c,nihrm__NumberBookedRevenue13__c,
dev_hotel_sales,nihrm__BookingOtherIncome__c,nihrm__NumberBookedRevenue14__c,
dev_hotel_sales,nihrm__EventItem__c,nihrm__NumberBookedRevenue14__c,
dev_hotel_sales,nihrm__BookingOtherIncome__c,nihrm__NumberBookedRevenue15__c,
dev_hotel_sales,nihrm__EventItem__c,nihrm__NumberBookedRevenue15__c,
dev_hotel_sales,nihrm__BookingOtherIncome__c,nihrm__NumberBookedRevenue1__c,
dev_hotel_sales,nihrm__EventItem__c,nihrm__NumberBookedRevenue1__c,
dev_hotel_sales,nihrm__BookingOtherIncome__c,nihrm__NumberBookedRevenue2__c,
dev_hotel_sales,nihrm__EventItem__c,nihrm__NumberBookedRevenue2__c,
dev_hotel_sales,nihrm__BookingOtherIncome__c,nihrm__NumberBookedRevenue3__c,
dev_hotel_sales,nihrm__EventItem__c,nihrm__NumberBookedRevenue3__c,
dev_hotel_sales,nihrm__BookingOtherIncome__c,nihrm__NumberBookedRevenue4__c,
dev_hotel_sales,nihrm__EventItem__c,nihrm__NumberBookedRevenue4__c,
dev_hotel_sales,nihrm__BookingOtherIncome__c,nihrm__NumberBookedRevenue5__c,
dev_hotel_sales,nihrm__EventItem__c,nihrm__NumberBookedRevenue5__c,
dev_hotel_sales,nihrm__BookingOtherIncome__c,nihrm__NumberBookedRevenue6__c,
dev_hotel_sales,nihrm__EventItem__c,nihrm__NumberBookedRevenue6__c,
dev_hotel_sales,nihrm__BookingOtherIncome__c,nihrm__NumberBookedRevenue7__c,
dev_hotel_sales,nihrm__EventItem__c,nihrm__NumberBookedRevenue7__c,
dev_hotel_sales,nihrm__BookingOtherIncome__c,nihrm__NumberBookedRevenue8__c,
dev_hotel_sales,nihrm__EventItem__c,nihrm__NumberBookedRevenue8__c,
dev_hotel_sales,nihrm__BookingOtherIncome__c,nihrm__NumberBookedRevenue9__c,
dev_hotel_sales,nihrm__EventItem__c,nihrm__NumberBookedRevenue9__c,
dev_hotel_sales,nihrm__Transaction__c,nihrm__NumberChargeAmount__c,
dev_hotel_sales,nihrm__BookingOtherIncome__c,nihrm__NumberCurrentBlendedRevenue10__c,
dev_hotel_sales,nihrm__BookingOtherIncome__c,nihrm__NumberCurrentBlendedRevenue11__c,
dev_hotel_sales,nihrm__BookingOtherIncome__c,nihrm__NumberCurrentBlendedRevenue12__c,
dev_hotel_sales,nihrm__BookingOtherIncome__c,nihrm__NumberCurrentBlendedRevenue13__c,
dev_hotel_sales,nihrm__BookingOtherIncome__c,nihrm__NumberCurrentBlendedRevenue14__c,
dev_hotel_sales,nihrm__BookingOtherIncome__c,nihrm__NumberCurrentBlendedRevenue15__c,
dev_hotel_sales,nihrm__BookingOtherIncome__c,nihrm__NumberCurrentBlendedRevenue1__c,
dev_hotel_sales,nihrm__BookingOtherIncome__c,nihrm__NumberCurrentBlendedRevenue2__c,
dev_hotel_sales,nihrm__BookingOtherIncome__c,nihrm__NumberCurrentBlendedRevenue3__c,
dev_hotel_sales,nihrm__BookingOtherIncome__c,nihrm__NumberCurrentBlendedRevenue4__c,
dev_hotel_sales,nihrm__BookingOtherIncome__c,nihrm__NumberCurrentBlendedRevenue5__c,
dev_hotel_sales,nihrm__BookingOtherIncome__c,nihrm__NumberCurrentBlendedRevenue6__c,
dev_hotel_sales,nihrm__BookingOtherIncome__c,nihrm__NumberCurrentBlendedRevenue7__c,
dev_hotel_sales,nihrm__BookingOtherIncome__c,nihrm__NumberCurrentBlendedRevenue8__c,
dev_hotel_sales,nihrm__BookingOtherIncome__c,nihrm__NumberCurrentBlendedRevenue9__c,
dev_hotel_sales,nihrm__BookingRoomBlock__c,nihrm__NumberCurrentBlendedRevenueTotal__c,
dev_hotel_sales,nihrm__BookingRoomBlock__c,nihrm__NumberForecastRevenueTotal__c,
dev_hotel_sales,nihrm__BookingRoomNight__c,nihrm__NumberForecastRevenue__c,
dev_hotel_sales,nihrm__BookingRoomBlock__c,nihrm__NumberIsPickupComplete__c,
dev_hotel_sales,nihrm__GuestroomType__c,nihrm__NumberOfBeds__c,
dev_hotel_sales,nihrm__BookingRoomBlock__c,nihrm__NumberOfDays__c,
dev_hotel_sales,nihrm__Inquiry__c,nihrm__NumberOfEmployees__c,
dev_hotel_sales,nihrm__ReservationNight__c,nihrm__NumberOfRooms__c,
dev_hotel_sales,nihrm__Reservation__c,nihrm__NumberOfRooms__c,
dev_hotel_sales,nihrm__Transaction__c,nihrm__NumberPaymentAmount__c,
dev_hotel_sales,nihrm__BookingRoomBlock__c,nihrm__NumberPickupRevenueTotal__c,
dev_hotel_sales,nihrm__BookingRoomNight__c,nihrm__NumberPickupRevenue__c,
dev_hotel_sales,nihrm__BookingRoomBlock__c,nihrm__NumberPostedRevenue10__c,
dev_hotel_sales,nihrm__BookingRoomBlock__c,nihrm__NumberPostedRevenue11__c,
dev_hotel_sales,nihrm__BookingRoomBlock__c,nihrm__NumberPostedRevenue12__c,
dev_hotel_sales,nihrm__BookingRoomBlock__c,nihrm__NumberPostedRevenue13__c,
dev_hotel_sales,nihrm__BookingRoomBlock__c,nihrm__NumberPostedRevenue14__c,
dev_hotel_sales,nihrm__BookingRoomBlock__c,nihrm__NumberPostedRevenue15__c,
dev_hotel_sales,nihrm__BookingRoomBlock__c,nihrm__NumberPostedRevenue1__c,
dev_hotel_sales,nihrm__BookingRoomBlock__c,nihrm__NumberPostedRevenue2__c,
dev_hotel_sales,nihrm__BookingRoomBlock__c,nihrm__NumberPostedRevenue3__c,
dev_hotel_sales,nihrm__BookingRoomBlock__c,nihrm__NumberPostedRevenue4__c,
dev_hotel_sales,nihrm__BookingRoomBlock__c,nihrm__NumberPostedRevenue5__c,
dev_hotel_sales,nihrm__BookingRoomBlock__c,nihrm__NumberPostedRevenue6__c,
dev_hotel_sales,nihrm__BookingRoomBlock__c,nihrm__NumberPostedRevenue7__c,
dev_hotel_sales,nihrm__BookingRoomBlock__c,nihrm__NumberPostedRevenue8__c,
dev_hotel_sales,nihrm__BookingRoomBlock__c,nihrm__NumberPostedRevenue9__c,
dev_hotel_sales,nihrm__CustomMapping__c,nihrm__ObjectFieldName__c,
dev_hotel_sales,nihrm__PicklistMapping__c,nihrm__ObjectName__c,
dev_hotel_sales,nihrm__CustomMapping__c,nihrm__ObjectName__c,
dev_hotel_sales,nihrm__Location__c,nihrm__OnlineBookingDefaultAccount__c,
dev_hotel_sales,nihrm__Booking__c,nihrm__OnsiteContact__c,
dev_hotel_sales,nihrm__OtherIncome__c,nihrm__OtherIncomeCategoryId__c,
dev_hotel_sales,nihrm__OtherIncome__c,nihrm__OtherIncomeCategory__c,
dev_hotel_sales,nihrm__ReservationOtherIncomeDay__c,nihrm__OtherIncomeCodePatternDate__c,
dev_hotel_sales,nihrm__ReservationOtherIncomeDay__c,nihrm__OtherIncomeCode__c,
dev_hotel_sales,nihrm__BookingOtherIncome__c,nihrm__OtherIncome__c,
dev_hotel_sales,nihrm__Booking__c,nihrm__OtherManager__c,
dev_hotel_sales,nihrm__Booking__c,nihrm__OtherSource1__c,
dev_hotel_sales,nihrm__Booking__c,nihrm__OtherSource2__c,
dev_hotel_sales,nihrm__Booking__c,nihrm__OtherSource3__c,
dev_hotel_sales,nihrm__Booking__c,nihrm__OtherSource4__c,
dev_hotel_sales,nihrm__VolumeContract__c,nihrm__Other__c,
dev_hotel_sales,nihrm__Booking__c,nihrm__Other__c,
dev_hotel_sales,nihrm__Inquiry__c,nihrm__Other__c,
dev_hotel_sales,nihrm__Location__c,nihrm__OwnershipAffiliation__c,
dev_hotel_sales,nihrm__VolumeContract__c,nihrm__OwningUser__c,
dev_hotel_sales,nihrm__Booking__c,nihrm__OwningUser__c,
dev_hotel_sales,nihrm__Inquiry__c,nihrm__OwningUser__c,
dev_hotel_sales,nihrm__BookingRoomBlock__c,nihrm__OwningUser__c,
dev_hotel_sales,nihrm__BookingRoomBlock__c,nihrm__PMSBlockType__c,
dev_hotel_sales,nihrm__VolumeContractPeriod__c,nihrm__PMSGroupId__c,
dev_hotel_sales,nihrm__Booking__c,nihrm__PMSGroupId__c,
dev_hotel_sales,nihrm__ReservationOtherIncomeDay__c,nihrm__PMSGroupId__c,
dev_hotel_sales,nihrm__BookingRoomBlock__c,nihrm__PMSGroupId__c,
dev_hotel_sales,nihrm__Booking__c,nihrm__PMSIdIndexed__c,
dev_hotel_sales,nihrm__BookingRoomBlock__c,nihrm__PMSIdIndexed__c,
dev_hotel_sales,nihrm__Package__c,nihrm__PackageCategory__c,
dev_hotel_sales,nihrm__BookingRoomBlock__c,nihrm__PackageCode__c,
dev_hotel_sales,nihrm__EventItem__c,nihrm__PackageCovers__c,
dev_hotel_sales,nihrm__EventPackageItem__c,nihrm__PackageCovers__c,
dev_hotel_sales,nihrm__EventPackageItem__c,nihrm__PackageEventBookedPackageCovers__c,
dev_hotel_sales,nihrm__Package__c,nihrm__PackageEventOtherIncomePriceTotal__c,
dev_hotel_sales,nihrm__EventPackageItem__c,nihrm__PackageEventPackageCovers__c,
dev_hotel_sales,nihrm__Package__c,nihrm__PackageEventPrice10__c,
dev_hotel_sales,nihrm__PackageEvent__c,nihrm__PackageEventPrice10__c,
dev_hotel_sales,nihrm__Package__c,nihrm__PackageEventPrice11__c,
dev_hotel_sales,nihrm__PackageEvent__c,nihrm__PackageEventPrice11__c,
dev_hotel_sales,nihrm__Package__c,nihrm__PackageEventPrice12__c,
dev_hotel_sales,nihrm__PackageEvent__c,nihrm__PackageEventPrice12__c,
dev_hotel_sales,nihrm__Package__c,nihrm__PackageEventPrice13__c,
dev_hotel_sales,nihrm__PackageEvent__c,nihrm__PackageEventPrice13__c,
dev_hotel_sales,nihrm__Package__c,nihrm__PackageEventPrice14__c,
dev_hotel_sales,nihrm__PackageEvent__c,nihrm__PackageEventPrice14__c,
dev_hotel_sales,nihrm__Package__c,nihrm__PackageEventPrice15__c,
dev_hotel_sales,nihrm__PackageEvent__c,nihrm__PackageEventPrice15__c,
dev_hotel_sales,nihrm__Package__c,nihrm__PackageEventPrice1__c,
dev_hotel_sales,nihrm__PackageEvent__c,nihrm__PackageEventPrice1__c,
dev_hotel_sales,nihrm__Package__c,nihrm__PackageEventPrice2__c,
dev_hotel_sales,nihrm__PackageEvent__c,nihrm__PackageEventPrice2__c,
dev_hotel_sales,nihrm__Package__c,nihrm__PackageEventPrice3__c,
dev_hotel_sales,nihrm__PackageEvent__c,nihrm__PackageEventPrice3__c,
dev_hotel_sales,nihrm__Package__c,nihrm__PackageEventPrice4__c,
dev_hotel_sales,nihrm__PackageEvent__c,nihrm__PackageEventPrice4__c,
dev_hotel_sales,nihrm__Package__c,nihrm__PackageEventPrice5__c,
dev_hotel_sales,nihrm__PackageEvent__c,nihrm__PackageEventPrice5__c,
dev_hotel_sales,nihrm__Package__c,nihrm__PackageEventPrice6__c,
dev_hotel_sales,nihrm__PackageEvent__c,nihrm__PackageEventPrice6__c,
dev_hotel_sales,nihrm__Package__c,nihrm__PackageEventPrice7__c,
dev_hotel_sales,nihrm__PackageEvent__c,nihrm__PackageEventPrice7__c,
dev_hotel_sales,nihrm__Package__c,nihrm__PackageEventPrice8__c,
dev_hotel_sales,nihrm__PackageEvent__c,nihrm__PackageEventPrice8__c,
dev_hotel_sales,nihrm__Package__c,nihrm__PackageEventPrice9__c,
dev_hotel_sales,nihrm__PackageEvent__c,nihrm__PackageEventPrice9__c,
dev_hotel_sales,nihrm__Package__c,nihrm__PackageEventPriceTotal__c,
dev_hotel_sales,nihrm__PackageEvent__c,nihrm__PackageEventPriceTotal__c,
dev_hotel_sales,nihrm__PackageEvent__c,nihrm__PackageIdEventClassificationIdString__c,
dev_hotel_sales,nihrm__Package__c,nihrm__PackageIncludes__c,
dev_hotel_sales,nihrm__Package__c,nihrm__PackageOtherIncomePrice10__c,
dev_hotel_sales,nihrm__Package__c,nihrm__PackageOtherIncomePrice11__c,
dev_hotel_sales,nihrm__Package__c,nihrm__PackageOtherIncomePrice12__c,
dev_hotel_sales,nihrm__Package__c,nihrm__PackageOtherIncomePrice13__c,
dev_hotel_sales,nihrm__Package__c,nihrm__PackageOtherIncomePrice14__c,
dev_hotel_sales,nihrm__Package__c,nihrm__PackageOtherIncomePrice15__c,
dev_hotel_sales,nihrm__Package__c,nihrm__PackageOtherIncomePrice1__c,
dev_hotel_sales,nihrm__Package__c,nihrm__PackageOtherIncomePrice2__c,
dev_hotel_sales,nihrm__Package__c,nihrm__PackageOtherIncomePrice3__c,
dev_hotel_sales,nihrm__Package__c,nihrm__PackageOtherIncomePrice4__c,
dev_hotel_sales,nihrm__Package__c,nihrm__PackageOtherIncomePrice5__c,
dev_hotel_sales,nihrm__Package__c,nihrm__PackageOtherIncomePrice6__c,
dev_hotel_sales,nihrm__Package__c,nihrm__PackageOtherIncomePrice7__c,
dev_hotel_sales,nihrm__Package__c,nihrm__PackageOtherIncomePrice8__c,
dev_hotel_sales,nihrm__Package__c,nihrm__PackageOtherIncomePrice9__c,
dev_hotel_sales,nihrm__Package__c,nihrm__PackageOtherIncomePriceTotal__c,
dev_hotel_sales,nihrm__Package__c,nihrm__PackageSubcategory__c,
dev_hotel_sales,nihrm__Site__c,nihrm__Package_Selection_Filter__c,
dev_hotel_sales,nihrm__ChannelPackage__c,nihrm__Package__c,
dev_hotel_sales,nihrm__PackageItem__c,nihrm__Package__c,
dev_hotel_sales,nihrm__PackageEvent__c,nihrm__Package__c,
dev_hotel_sales,nihrm__BookingPackage__c,nihrm__Package__c,
dev_hotel_sales,nihrm__Site__c,nihrm__PageTitle__c,
dev_hotel_sales,nihrm__RevenueClassification__c,nihrm__ParentClassification__c,
dev_hotel_sales,nihrm__PmsRoomNight__c,nihrm__PatternDateString__c,
dev_hotel_sales,nihrm__ReservationNight__c,nihrm__PatternDateString__c,
dev_hotel_sales,nihrm__BookingPostedRevenue__c,nihrm__PatternDateString__c,
dev_hotel_sales,nihrm__ReservationOtherIncomeDay__c,nihrm__PatternDateString__c,
dev_hotel_sales,nihrm__BookingRoomNight__c,nihrm__PatternDateString__c,
dev_hotel_sales,nihrm__PmsRoomNight__c,nihrm__PatternDate__c,
dev_hotel_sales,nihrm__ReservationNight__c,nihrm__PatternDate__c,
dev_hotel_sales,nihrm__BookingPostedRevenue__c,nihrm__PatternDate__c,
dev_hotel_sales,nihrm__ReservationOtherIncomeDay__c,nihrm__PatternDate__c,
dev_hotel_sales,nihrm__BookingRoomNight__c,nihrm__PatternDate__c,
dev_hotel_sales,nihrm__Transaction__c,nihrm__PaymentAmount__c,
dev_hotel_sales,nihrm__Transaction__c,nihrm__PaymentGatewayResponse__c,
dev_hotel_sales,nihrm__Transaction__c,nihrm__PaymentGatewayToken__c,
dev_hotel_sales,nihrm__Reservation__c,nihrm__PaymentMethod__c,
dev_hotel_sales,nihrm__Transaction__c,nihrm__PaymentTypeName__c,
dev_hotel_sales,nihrm__Transaction__c,nihrm__PaymentType__c,
dev_hotel_sales,nihrm__Booking__c,nihrm__PeakRoomnightsAgreed__c,
dev_hotel_sales,nihrm__BookingRoomBlock__c,nihrm__PeakRoomnightsAgreed__c,
dev_hotel_sales,nihrm__Booking__c,nihrm__PeakRoomnightsBlocked__c,
dev_hotel_sales,nihrm__BookingRoomBlock__c,nihrm__PeakRoomnightsBlocked__c,
dev_hotel_sales,nihrm__Booking__c,nihrm__PeakRoomnightsForecast__c,
dev_hotel_sales,nihrm__BookingRoomBlock__c,nihrm__PeakRoomnightsForecast__c,
dev_hotel_sales,nihrm__Inquiry__c,nihrm__PeakRoomnights__c,
dev_hotel_sales,nihrm__VolumeContractPeriod__c,nihrm__PeriodEndDate__c,
dev_hotel_sales,nihrm__VolumeContractPeriod__c,nihrm__PeriodNumber__c,
dev_hotel_sales,nihrm__VolumeContractPeriod__c,nihrm__PeriodStartDate__c,
dev_hotel_sales,nihrm__Inquiry__c,nihrm__PhoneExtension__c,
dev_hotel_sales,nihrm__Location__c,nihrm__Phone__c,
dev_hotel_sales,nihrm__Inquiry__c,nihrm__Phone__c,
dev_hotel_sales,nihrm__Booking__c,nihrm__PickupAverageDailyRate__c,
dev_hotel_sales,nihrm__BookingRoomBlock__c,nihrm__PickupAverageDailyRate__c,
dev_hotel_sales,nihrm__PmsRoomBlock__c,nihrm__PickupAverageDailyRate__c,
dev_hotel_sales,nihrm__PmsRoomNight__c,nihrm__PickupAverageRate__c,
dev_hotel_sales,nihrm__BookingRoomNight__c,nihrm__PickupAverageRate__c,
dev_hotel_sales,nihrm__VolumeContractPickup__c,nihrm__PickupDate__c,
dev_hotel_sales,nihrm__Booking__c,nihrm__PickupGuestroomRevenueTotal__c,
dev_hotel_sales,nihrm__PmsRoomNight__c,nihrm__PickupRate1__c,
dev_hotel_sales,nihrm__BookingRoomNight__c,nihrm__PickupRate1__c,
dev_hotel_sales,nihrm__PmsRoomNight__c,nihrm__PickupRate2__c,
dev_hotel_sales,nihrm__BookingRoomNight__c,nihrm__PickupRate2__c,
dev_hotel_sales,nihrm__PmsRoomNight__c,nihrm__PickupRate3__c,
dev_hotel_sales,nihrm__BookingRoomNight__c,nihrm__PickupRate3__c,
dev_hotel_sales,nihrm__PmsRoomNight__c,nihrm__PickupRate4__c,
dev_hotel_sales,nihrm__BookingRoomNight__c,nihrm__PickupRate4__c,
dev_hotel_sales,nihrm__VolumeContractPickup__c,nihrm__PickupRate__c,
dev_hotel_sales,nihrm__BookingRoomBlock__c,nihrm__PickupRevenueTotal__c,
dev_hotel_sales,nihrm__PmsRoomBlock__c,nihrm__PickupRevenueTotal__c,
dev_hotel_sales,nihrm__PmsRoomNight__c,nihrm__PickupRevenue__c,
dev_hotel_sales,nihrm__BookingRoomNight__c,nihrm__PickupRevenue__c,
dev_hotel_sales,nihrm__Booking__c,nihrm__PickupRoomnightsTotal__c,
dev_hotel_sales,nihrm__BookingRoomBlock__c,nihrm__PickupRoomnightsTotal__c,
dev_hotel_sales,nihrm__PmsRoomBlock__c,nihrm__PickupRoomnightsTotal__c,
dev_hotel_sales,nihrm__PmsRoomNight__c,nihrm__PickupRooms1__c,
dev_hotel_sales,nihrm__BookingRoomNight__c,nihrm__PickupRooms1__c,
dev_hotel_sales,nihrm__PmsRoomNight__c,nihrm__PickupRooms2__c,
dev_hotel_sales,nihrm__BookingRoomNight__c,nihrm__PickupRooms2__c,
dev_hotel_sales,nihrm__PmsRoomNight__c,nihrm__PickupRooms3__c,
dev_hotel_sales,nihrm__BookingRoomNight__c,nihrm__PickupRooms3__c,
dev_hotel_sales,nihrm__PmsRoomNight__c,nihrm__PickupRooms4__c,
dev_hotel_sales,nihrm__BookingRoomNight__c,nihrm__PickupRooms4__c,
dev_hotel_sales,nihrm__PmsRoomNight__c,nihrm__PickupRoomsTotal__c,
dev_hotel_sales,nihrm__BookingRoomNight__c,nihrm__PickupRoomsTotal__c,
dev_hotel_sales,nihrm__VolumeContractPickup__c,nihrm__PickupRooms__c,
dev_hotel_sales,nihrm__EventClassification__c,nihrm__PlannerPortalClassification__c,
dev_hotel_sales,nihrm__Reservation__c,nihrm__PmsCheckInClerk__c,
dev_hotel_sales,nihrm__Reservation__c,nihrm__PmsCheckOutClerk__c,
dev_hotel_sales,nihrm__EventClassification__c,nihrm__PmsCode__c,
dev_hotel_sales,nihrm__OtherIncome__c,nihrm__PmsCode__c,
dev_hotel_sales,nihrm__BookingRoomBlock__c,nihrm__PmsGroupIdText__c,
dev_hotel_sales,nihrm__ReservationNight__c,nihrm__PmsGroupId__c,
dev_hotel_sales,nihrm__Reservation__c,nihrm__PmsGroupId__c,
dev_hotel_sales,nihrm__PmsRoomBlock__c,nihrm__PmsGroupId__c,
dev_hotel_sales,nihrm__Reservation__c,nihrm__PmsLastModifiedClerk__c,
dev_hotel_sales,nihrm__Reservation__c,nihrm__PmsReservedByClerk__c,
dev_hotel_sales,nihrm__Reservation__c,nihrm__PmsReservedDate__c,
dev_hotel_sales,nihrm__Reservation__c,nihrm__PmsRoomBlockId__c,
dev_hotel_sales,nihrm__PmsRoomNight__c,nihrm__PmsRoomBlock__c,
dev_hotel_sales,nihrm__ReservationNight__c,nihrm__PmsRoomBlock__c,
dev_hotel_sales,nihrm__Reservation__c,nihrm__PmsRoomBlock__c,
dev_hotel_sales,nihrm__Location__c,nihrm__PostalCode__c,
dev_hotel_sales,nihrm__Inquiry__c,nihrm__PostalCode__c,
dev_hotel_sales,nihrm__Reservation__c,nihrm__PostedAverageRate__c,
dev_hotel_sales,nihrm__VolumeContractPeriod__c,nihrm__PostedRevenue10__c,
dev_hotel_sales,nihrm__VolumeContract__c,nihrm__PostedRevenue10__c,
dev_hotel_sales,nihrm__Booking__c,nihrm__PostedRevenue10__c,
dev_hotel_sales,nihrm__Reservation__c,nihrm__PostedRevenue10__c,
dev_hotel_sales,nihrm__RoomBlockRevenue__c,nihrm__PostedRevenue10__c,
dev_hotel_sales,nihrm__BookingPostedRevenue__c,nihrm__PostedRevenue10__c,
dev_hotel_sales,nihrm__BookingRoomBlock__c,nihrm__PostedRevenue10__c,
dev_hotel_sales,nihrm__VolumeContractPeriod__c,nihrm__PostedRevenue11__c,
dev_hotel_sales,nihrm__VolumeContract__c,nihrm__PostedRevenue11__c,
dev_hotel_sales,nihrm__Booking__c,nihrm__PostedRevenue11__c,
dev_hotel_sales,nihrm__Reservation__c,nihrm__PostedRevenue11__c,
dev_hotel_sales,nihrm__RoomBlockRevenue__c,nihrm__PostedRevenue11__c,
dev_hotel_sales,nihrm__BookingPostedRevenue__c,nihrm__PostedRevenue11__c,
dev_hotel_sales,nihrm__BookingRoomBlock__c,nihrm__PostedRevenue11__c,
dev_hotel_sales,nihrm__VolumeContractPeriod__c,nihrm__PostedRevenue12__c,
dev_hotel_sales,nihrm__VolumeContract__c,nihrm__PostedRevenue12__c,
dev_hotel_sales,nihrm__Booking__c,nihrm__PostedRevenue12__c,
dev_hotel_sales,nihrm__Reservation__c,nihrm__PostedRevenue12__c,
dev_hotel_sales,nihrm__RoomBlockRevenue__c,nihrm__PostedRevenue12__c,
dev_hotel_sales,nihrm__BookingPostedRevenue__c,nihrm__PostedRevenue12__c,
dev_hotel_sales,nihrm__BookingRoomBlock__c,nihrm__PostedRevenue12__c,
dev_hotel_sales,nihrm__VolumeContractPeriod__c,nihrm__PostedRevenue13__c,
dev_hotel_sales,nihrm__VolumeContract__c,nihrm__PostedRevenue13__c,
dev_hotel_sales,nihrm__Booking__c,nihrm__PostedRevenue13__c,
dev_hotel_sales,nihrm__Reservation__c,nihrm__PostedRevenue13__c,
dev_hotel_sales,nihrm__RoomBlockRevenue__c,nihrm__PostedRevenue13__c,
dev_hotel_sales,nihrm__BookingPostedRevenue__c,nihrm__PostedRevenue13__c,
dev_hotel_sales,nihrm__BookingRoomBlock__c,nihrm__PostedRevenue13__c,
dev_hotel_sales,nihrm__VolumeContractPeriod__c,nihrm__PostedRevenue14__c,
dev_hotel_sales,nihrm__VolumeContract__c,nihrm__PostedRevenue14__c,
dev_hotel_sales,nihrm__Booking__c,nihrm__PostedRevenue14__c,
dev_hotel_sales,nihrm__Reservation__c,nihrm__PostedRevenue14__c,
dev_hotel_sales,nihrm__RoomBlockRevenue__c,nihrm__PostedRevenue14__c,
dev_hotel_sales,nihrm__BookingPostedRevenue__c,nihrm__PostedRevenue14__c,
dev_hotel_sales,nihrm__BookingRoomBlock__c,nihrm__PostedRevenue14__c,
dev_hotel_sales,nihrm__VolumeContractPeriod__c,nihrm__PostedRevenue15__c,
dev_hotel_sales,nihrm__VolumeContract__c,nihrm__PostedRevenue15__c,
dev_hotel_sales,nihrm__Booking__c,nihrm__PostedRevenue15__c,
dev_hotel_sales,nihrm__Reservation__c,nihrm__PostedRevenue15__c,
dev_hotel_sales,nihrm__RoomBlockRevenue__c,nihrm__PostedRevenue15__c,
dev_hotel_sales,nihrm__BookingPostedRevenue__c,nihrm__PostedRevenue15__c,
dev_hotel_sales,nihrm__BookingRoomBlock__c,nihrm__PostedRevenue15__c,
dev_hotel_sales,nihrm__VolumeContractPeriod__c,nihrm__PostedRevenue1__c,
dev_hotel_sales,nihrm__VolumeContract__c,nihrm__PostedRevenue1__c,
dev_hotel_sales,nihrm__Booking__c,nihrm__PostedRevenue1__c,
dev_hotel_sales,nihrm__Reservation__c,nihrm__PostedRevenue1__c,
dev_hotel_sales,nihrm__RoomBlockRevenue__c,nihrm__PostedRevenue1__c,
dev_hotel_sales,nihrm__BookingPostedRevenue__c,nihrm__PostedRevenue1__c,
dev_hotel_sales,nihrm__BookingRoomBlock__c,nihrm__PostedRevenue1__c,
dev_hotel_sales,nihrm__VolumeContractPeriod__c,nihrm__PostedRevenue2__c,
dev_hotel_sales,nihrm__VolumeContract__c,nihrm__PostedRevenue2__c,
dev_hotel_sales,nihrm__Booking__c,nihrm__PostedRevenue2__c,
dev_hotel_sales,nihrm__Reservation__c,nihrm__PostedRevenue2__c,
dev_hotel_sales,nihrm__RoomBlockRevenue__c,nihrm__PostedRevenue2__c,
dev_hotel_sales,nihrm__BookingPostedRevenue__c,nihrm__PostedRevenue2__c,
dev_hotel_sales,nihrm__BookingRoomBlock__c,nihrm__PostedRevenue2__c,
dev_hotel_sales,nihrm__VolumeContractPeriod__c,nihrm__PostedRevenue3__c,
dev_hotel_sales,nihrm__VolumeContract__c,nihrm__PostedRevenue3__c,
dev_hotel_sales,nihrm__Booking__c,nihrm__PostedRevenue3__c,
dev_hotel_sales,nihrm__Reservation__c,nihrm__PostedRevenue3__c,
dev_hotel_sales,nihrm__RoomBlockRevenue__c,nihrm__PostedRevenue3__c,
dev_hotel_sales,nihrm__BookingPostedRevenue__c,nihrm__PostedRevenue3__c,
dev_hotel_sales,nihrm__BookingRoomBlock__c,nihrm__PostedRevenue3__c,
dev_hotel_sales,nihrm__VolumeContractPeriod__c,nihrm__PostedRevenue4__c,
dev_hotel_sales,nihrm__VolumeContract__c,nihrm__PostedRevenue4__c,
dev_hotel_sales,nihrm__Booking__c,nihrm__PostedRevenue4__c,
dev_hotel_sales,nihrm__Reservation__c,nihrm__PostedRevenue4__c,
dev_hotel_sales,nihrm__RoomBlockRevenue__c,nihrm__PostedRevenue4__c,
dev_hotel_sales,nihrm__BookingPostedRevenue__c,nihrm__PostedRevenue4__c,
dev_hotel_sales,nihrm__BookingRoomBlock__c,nihrm__PostedRevenue4__c,
dev_hotel_sales,nihrm__VolumeContractPeriod__c,nihrm__PostedRevenue5__c,
dev_hotel_sales,nihrm__VolumeContract__c,nihrm__PostedRevenue5__c,
dev_hotel_sales,nihrm__Booking__c,nihrm__PostedRevenue5__c,
dev_hotel_sales,nihrm__Reservation__c,nihrm__PostedRevenue5__c,
dev_hotel_sales,nihrm__RoomBlockRevenue__c,nihrm__PostedRevenue5__c,
dev_hotel_sales,nihrm__BookingPostedRevenue__c,nihrm__PostedRevenue5__c,
dev_hotel_sales,nihrm__BookingRoomBlock__c,nihrm__PostedRevenue5__c,
dev_hotel_sales,nihrm__VolumeContractPeriod__c,nihrm__PostedRevenue6__c,
dev_hotel_sales,nihrm__VolumeContract__c,nihrm__PostedRevenue6__c,
dev_hotel_sales,nihrm__Booking__c,nihrm__PostedRevenue6__c,
dev_hotel_sales,nihrm__Reservation__c,nihrm__PostedRevenue6__c,
dev_hotel_sales,nihrm__RoomBlockRevenue__c,nihrm__PostedRevenue6__c,
dev_hotel_sales,nihrm__BookingPostedRevenue__c,nihrm__PostedRevenue6__c,
dev_hotel_sales,nihrm__BookingRoomBlock__c,nihrm__PostedRevenue6__c,
dev_hotel_sales,nihrm__VolumeContractPeriod__c,nihrm__PostedRevenue7__c,
dev_hotel_sales,nihrm__VolumeContract__c,nihrm__PostedRevenue7__c,
dev_hotel_sales,nihrm__Booking__c,nihrm__PostedRevenue7__c,
dev_hotel_sales,nihrm__Reservation__c,nihrm__PostedRevenue7__c,
dev_hotel_sales,nihrm__RoomBlockRevenue__c,nihrm__PostedRevenue7__c,
dev_hotel_sales,nihrm__BookingPostedRevenue__c,nihrm__PostedRevenue7__c,
dev_hotel_sales,nihrm__BookingRoomBlock__c,nihrm__PostedRevenue7__c,
dev_hotel_sales,nihrm__VolumeContractPeriod__c,nihrm__PostedRevenue8__c,
dev_hotel_sales,nihrm__VolumeContract__c,nihrm__PostedRevenue8__c,
dev_hotel_sales,nihrm__Booking__c,nihrm__PostedRevenue8__c,
dev_hotel_sales,nihrm__Reservation__c,nihrm__PostedRevenue8__c,
dev_hotel_sales,nihrm__RoomBlockRevenue__c,nihrm__PostedRevenue8__c,
dev_hotel_sales,nihrm__BookingPostedRevenue__c,nihrm__PostedRevenue8__c,
dev_hotel_sales,nihrm__BookingRoomBlock__c,nihrm__PostedRevenue8__c,
dev_hotel_sales,nihrm__VolumeContractPeriod__c,nihrm__PostedRevenue9__c,
dev_hotel_sales,nihrm__VolumeContract__c,nihrm__PostedRevenue9__c,
dev_hotel_sales,nihrm__Booking__c,nihrm__PostedRevenue9__c,
dev_hotel_sales,nihrm__Reservation__c,nihrm__PostedRevenue9__c,
dev_hotel_sales,nihrm__RoomBlockRevenue__c,nihrm__PostedRevenue9__c,
dev_hotel_sales,nihrm__BookingPostedRevenue__c,nihrm__PostedRevenue9__c,
dev_hotel_sales,nihrm__BookingRoomBlock__c,nihrm__PostedRevenue9__c,
dev_hotel_sales,nihrm__BookingRoomNight__c,nihrm__PreDiscountBlockedRate1__c,
dev_hotel_sales,nihrm__BookingRoomNight__c,nihrm__PreDiscountBlockedRate2__c,
dev_hotel_sales,nihrm__BookingRoomNight__c,nihrm__PreDiscountBlockedRate3__c,
dev_hotel_sales,nihrm__BookingRoomNight__c,nihrm__PreDiscountBlockedRate4__c,
dev_hotel_sales,nihrm__BookingRoomBlock__c,nihrm__PreDiscountBlockedRevenueTotal__c,
dev_hotel_sales,nihrm__BookingRoomNight__c,nihrm__PreDiscountBlockedRevenue__c,
dev_hotel_sales,nihrm__BookingRoomNight__c,nihrm__PreDiscountPickupRate1__c,
dev_hotel_sales,nihrm__BookingRoomNight__c,nihrm__PreDiscountPickupRate2__c,
dev_hotel_sales,nihrm__BookingRoomNight__c,nihrm__PreDiscountPickupRate3__c,
dev_hotel_sales,nihrm__BookingRoomNight__c,nihrm__PreDiscountPickupRate4__c,
dev_hotel_sales,nihrm__BookingRoomBlock__c,nihrm__PreDiscountPickupRevenueTotal__c,
dev_hotel_sales,nihrm__BookingRoomNight__c,nihrm__PreDiscountPickupRevenue__c,
dev_hotel_sales,nihrm__EventPackageRevenueBreakdown__c,nihrm__PreDiscountUnitPrice__c,
dev_hotel_sales,nihrm__PackageItem__c,nihrm__PreventQtyAdjustment__c,
dev_hotel_sales,nihrm__ChannelLocationItem__c,nihrm__PreventQtyAdjustment__c,
dev_hotel_sales,nihrm__BookingRoomBlock__c,nihrm__PricePrintable__c,
dev_hotel_sales,nihrm__BookingRoomBlock__c,nihrm__PriceViewable__c,
dev_hotel_sales,nihrm__EventItem__c,nihrm__PriceWithMenu__c,
dev_hotel_sales,nihrm__OtherIncome__c,nihrm__Price__c,
dev_hotel_sales,nihrm__ReservationOtherIncomeDay__c,nihrm__Price__c,
dev_hotel_sales,nihrm__Booking__c,nihrm__ProjectedEventRevenue10__c,
dev_hotel_sales,nihrm__Booking__c,nihrm__ProjectedEventRevenue11__c,
dev_hotel_sales,nihrm__Booking__c,nihrm__ProjectedEventRevenue12__c,
dev_hotel_sales,nihrm__Booking__c,nihrm__ProjectedEventRevenue13__c,
dev_hotel_sales,nihrm__Booking__c,nihrm__ProjectedEventRevenue14__c,
dev_hotel_sales,nihrm__Booking__c,nihrm__ProjectedEventRevenue15__c,
dev_hotel_sales,nihrm__Booking__c,nihrm__ProjectedEventRevenue1__c,
dev_hotel_sales,nihrm__Booking__c,nihrm__ProjectedEventRevenue2__c,
dev_hotel_sales,nihrm__Booking__c,nihrm__ProjectedEventRevenue3__c,
dev_hotel_sales,nihrm__Booking__c,nihrm__ProjectedEventRevenue4__c,
dev_hotel_sales,nihrm__Booking__c,nihrm__ProjectedEventRevenue5__c,
dev_hotel_sales,nihrm__Booking__c,nihrm__ProjectedEventRevenue6__c,
dev_hotel_sales,nihrm__Booking__c,nihrm__ProjectedEventRevenue7__c,
dev_hotel_sales,nihrm__Booking__c,nihrm__ProjectedEventRevenue8__c,
dev_hotel_sales,nihrm__Booking__c,nihrm__ProjectedEventRevenue9__c,
dev_hotel_sales,nihrm__Booking__c,nihrm__ProjectedEventRevenueTotal__c,
dev_hotel_sales,nihrm__Booking__c,nihrm__ProjectedRevenueTotal__c,
dev_hotel_sales,nihrm__Location__c,nihrm__PropertyCode__c,
dev_hotel_sales,nihrm__Location__c,nihrm__PropertyKey__c,
dev_hotel_sales,nihrm__Location__c,nihrm__PropertyType__c,
dev_hotel_sales,nihrm__GuestroomType__c,nihrm__Property__c,
dev_hotel_sales,nihrm__VolumeContract__c,nihrm__Property__c,
dev_hotel_sales,nihrm__Booking__c,nihrm__Property__c,
dev_hotel_sales,nihrm__OtherIncome__c,nihrm__Property__c,
dev_hotel_sales,nihrm__Transaction__c,nihrm__Property__c,
dev_hotel_sales,nihrm__SalesGoal__c,nihrm__Property__c,
dev_hotel_sales,nihrm__Item__c,nihrm__Property__c,
dev_hotel_sales,nihrm__Inquiry__c,nihrm__Property__c,
dev_hotel_sales,nihrm__BookingInquiry__c,nihrm__ProposalCreatedDateDisplay__c,
dev_hotel_sales,nihrm__Booking__c,nihrm__ProposalCreatedDate__c,
dev_hotel_sales,nihrm__BookingInquiry__c,nihrm__ProposalCreatedDate__c,
dev_hotel_sales,nihrm__BookingRoomBlock__c,nihrm__ProspectSendToOpera__c,
dev_hotel_sales,nihrm__GuestroomType__c,nihrm__QuadAllocation__c,
dev_hotel_sales,nihrm__Location__c,nihrm__QuadUpchargeRate__c,
dev_hotel_sales,nihrm__EventItem__c,nihrm__QuantityCalculation__c,
dev_hotel_sales,nihrm__Item__c,nihrm__QuantityCalculation__c,
dev_hotel_sales,nihrm__ReservationOtherIncomeDay__c,nihrm__Quantity__c,
dev_hotel_sales,nihrm__ChannelLocation__c,nihrm__RackRateDiscountPercentage__c,
dev_hotel_sales,nihrm__Reservation__c,nihrm__RateAmountDisplayed__c,
dev_hotel_sales,nihrm__RateCode__c,nihrm__RateCodeUnique__c,
dev_hotel_sales,nihrm__Package__c,nihrm__RateCode__c,
dev_hotel_sales,nihrm__VolumeContract__c,nihrm__RateCode__c,
dev_hotel_sales,nihrm__ReservationNight__c,nihrm__RateCode__c,
dev_hotel_sales,nihrm__Reservation__c,nihrm__RateCode__c,
dev_hotel_sales,nihrm__SiteRateCode__c,nihrm__RateCode__c,
dev_hotel_sales,nihrm__BookingRoomBlock__c,nihrm__RateCode__c,
dev_hotel_sales,nihrm__VolumeContract__c,nihrm__RateInformation__c,
dev_hotel_sales,nihrm__BookingTax__c,nihrm__Rate__c,
dev_hotel_sales,nihrm__ReservationNight__c,nihrm__Rate__c,
dev_hotel_sales,nihrm__Reservation__c,nihrm__Rate__c,
dev_hotel_sales,nihrm__EventItem__c,nihrm__RecalculateTaxes__c,
dev_hotel_sales,nihrm__PicklistMapping__c,nihrm__RecordTypes__c,
dev_hotel_sales,nihrm__Site__c,nihrm__RedirectSmallGroupsURL__c,
dev_hotel_sales,nihrm__Site__c,nihrm__RedirectSmallGroups__c,
dev_hotel_sales,nihrm__Transaction__c,nihrm__ReferenceNumber__c,
dev_hotel_sales,nihrm__Location__c,nihrm__RegionName__c,
dev_hotel_sales,nihrm__Location__c,nihrm__Region__c,
dev_hotel_sales,nihrm__Booking__c,nihrm__ResId__c,
dev_hotel_sales,nihrm__ReservationNight__c,nihrm__Reservation__c,
dev_hotel_sales,nihrm__ReservationOtherIncomeDay__c,nihrm__Reservation__c,
dev_hotel_sales,nihrm__VolumeContract__c,nihrm__ResponseByDate__c,
dev_hotel_sales,nihrm__Location__c,nihrm__RestrictBookingMoveWithPickup__c,
dev_hotel_sales,nihrm__OtherIncome__c,nihrm__RevenueAssociation__c,
dev_hotel_sales,nihrm__EventItem__c,nihrm__RevenueBreakdownUnitPriceTotal__c,
dev_hotel_sales,nihrm__Item__c,nihrm__RevenueBreakdownUnitPriceTotal__c,
dev_hotel_sales,nihrm__EventItem__c,nihrm__RevenueBreakdownUnitPrice__c,
dev_hotel_sales,nihrm__BookingOtherIncome__c,nihrm__RevenueClassification__c,
dev_hotel_sales,nihrm__OtherIncome__c,nihrm__RevenueClassification__c,
dev_hotel_sales,nihrm__EventItem__c,nihrm__RevenueClassification__c,
dev_hotel_sales,nihrm__Item__c,nihrm__RevenueClassification__c,
dev_hotel_sales,nihrm__EventPackageRevenueBreakdown__c,nihrm__RevenueClassification__c,
dev_hotel_sales,nihrm__RevenueClassificationJunction__c,nihrm__RevenueClassification__c,
dev_hotel_sales,nihrm__EventItemRevenueBreakdown__c,nihrm__RevenueClassification__c,
dev_hotel_sales,nihrm__Booking__c,nihrm__RevenueType__c,
dev_hotel_sales,nihrm__Inquiry__c,nihrm__RevenueType__c,
dev_hotel_sales,nihrm__BookingPostedRevenue__c,nihrm__RevenueType__c,
dev_hotel_sales,nihrm__Booking__c,nihrm__RfpChannel__c,
dev_hotel_sales,nihrm__Inquiry__c,nihrm__RfpChannel__c,
dev_hotel_sales,nihrm__BookingInquiry__c,nihrm__RfpChannel__c,
dev_hotel_sales,nihrm__BookingInquiry__c,nihrm__RfpGuid__c,
dev_hotel_sales,nihrm__BookingInquiry__c,nihrm__RfpId__c,
dev_hotel_sales,nihrm__Booking__c,nihrm__RfpMilestone__c,
dev_hotel_sales,nihrm__Inquiry__c,nihrm__RfpMilestone__c,
dev_hotel_sales,nihrm__BookingInquiry__c,nihrm__RfpMilestone__c,
dev_hotel_sales,nihrm__Booking__c,nihrm__RfpStatus__c,
dev_hotel_sales,nihrm__Inquiry__c,nihrm__RfpStatus__c,
dev_hotel_sales,nihrm__BookingInquiry__c,nihrm__RfpStatus__c,
dev_hotel_sales,nihrm__EventItem__c,nihrm__RichDescription__c,
dev_hotel_sales,nihrm__Item__c,nihrm__RichDescription__c,
dev_hotel_sales,nihrm__Location__c,nihrm__RohAllowedStatuses__c,
dev_hotel_sales,nihrm__Location__c,nihrm__RohGuestroomType__c,
dev_hotel_sales,nihrm__BookingRoomBlock__c,nihrm__RoomBlockStatus__c,
dev_hotel_sales,nihrm__BookingTax__c,nihrm__RoomBlock__c,
dev_hotel_sales,nihrm__ReservationNight__c,nihrm__RoomBlock__c,
dev_hotel_sales,nihrm__Reservation__c,nihrm__RoomBlock__c,
dev_hotel_sales,nihrm__RoomBlockRevenue__c,nihrm__RoomBlock__c,
dev_hotel_sales,nihrm__BookingPostedRevenue__c,nihrm__RoomBlock__c,
dev_hotel_sales,nihrm__ReservationOtherIncomeDay__c,nihrm__RoomBlock__c,
dev_hotel_sales,nihrm__BookingRoomNight__c,nihrm__RoomBlock__c,
dev_hotel_sales,nihrm__PmsRoomBlock__c,nihrm__RoomBlock__c,
dev_hotel_sales,nihrm__BookingTax__c,nihrm__RoomNight__c,
dev_hotel_sales,nihrm__RoomblockPackage__c,nihrm__Roomblock__c,
dev_hotel_sales,nihrm__EventItem__c,nihrm__SalesDiscount__c,
dev_hotel_sales,nihrm__Inquiry__c,nihrm__Salutation__c,
dev_hotel_sales,nihrm__Inquiry__c,nihrm__Sender__c,
dev_hotel_sales,nihrm__Inquiry__c,nihrm__SendingLocation__c,
dev_hotel_sales,nihrm__EventItem__c,nihrm__ServFactor__c,
dev_hotel_sales,nihrm__Booking__c,nihrm__ServiceAssistant__c,
dev_hotel_sales,nihrm__EventItem__c,nihrm__ServiceEndDateTime__c,
dev_hotel_sales,nihrm__EventItem__c,nihrm__ServiceEndDate__c,
dev_hotel_sales,nihrm__EventItem__c,nihrm__ServiceEndTime12Hour__c,
dev_hotel_sales,nihrm__EventItem__c,nihrm__ServiceEndTime24Hour__c,
dev_hotel_sales,nihrm__Booking__c,nihrm__ServiceManager__c,
dev_hotel_sales,nihrm__EventItem__c,nihrm__ServiceStartDateTime__c,
dev_hotel_sales,nihrm__EventItem__c,nihrm__ServiceStartDate__c,
dev_hotel_sales,nihrm__EventItem__c,nihrm__ServiceStartTime12Hour__c,
dev_hotel_sales,nihrm__EventItem__c,nihrm__ServiceStartTime24Hour__c,
dev_hotel_sales,nihrm__Item__c,nihrm__Service_Factor__c,
dev_hotel_sales,nihrm__EventItem__c,nihrm__ServingUnit__c,
dev_hotel_sales,nihrm__Item__c,nihrm__ServingUnit__c,
dev_hotel_sales,nihrm__Location__c,nihrm__SetupValueTemplate__c,
dev_hotel_sales,nihrm__SetupValue__c,nihrm__SetupValueTypeIndexed__c,
dev_hotel_sales,nihrm__PicklistMapping__c,nihrm__SetupValueType__c,
dev_hotel_sales,nihrm__SetupValue__c,nihrm__SetupValueType__c,
dev_hotel_sales,nihrm__Transaction__c,nihrm__SignedAmount__c,
dev_hotel_sales,nihrm__GuestroomType__c,nihrm__SingleAllocation__c,
dev_hotel_sales,nihrm__Site__c,nihrm__SiteType__c,
dev_hotel_sales,nihrm__Site__c,nihrm__SiteUrl__c,
dev_hotel_sales,nihrm__SiteRateCode__c,nihrm__Site__c,
dev_hotel_sales,nihrm__SiteFunctionRoomSetup__c,nihrm__Site__c,
dev_hotel_sales,nihrm__EventItem__c,nihrm__SoldByUnit__c,
dev_hotel_sales,nihrm__Item__c,nihrm__SoldByUnit__c,
dev_hotel_sales,nihrm__ChannelPackage__c,nihrm__SortOrder__c,
dev_hotel_sales,nihrm__BookingTax__c,nihrm__SortOrder__c,
dev_hotel_sales,nihrm__Package__c,nihrm__SortOrder__c,
dev_hotel_sales,nihrm__GuestroomType__c,nihrm__SortOrder__c,
dev_hotel_sales,nihrm__FunctionRoomGroup__c,nihrm__SortOrder__c,
dev_hotel_sales,nihrm__FunctionRoomGroupComponent__c,nihrm__SortOrder__c,
dev_hotel_sales,nihrm__EventItem__c,nihrm__SortOrder__c,
dev_hotel_sales,nihrm__SiteRateCode__c,nihrm__SortOrder__c,
dev_hotel_sales,nihrm__SetupValue__c,nihrm__SortOrder__c,
dev_hotel_sales,nihrm__Reservation__c,nihrm__SourceMessage1__c,
dev_hotel_sales,nihrm__Reservation__c,nihrm__SourceMessage2__c,
dev_hotel_sales,nihrm__Reservation__c,nihrm__SourceMessage3__c,
dev_hotel_sales,nihrm__Reservation__c,nihrm__SourceMessage4__c,
dev_hotel_sales,nihrm__Reservation__c,nihrm__SourceMessage5__c,
dev_hotel_sales,nihrm__VolumeContractGuestroomType__c,nihrm__SourceSystemExternalId__c,
dev_hotel_sales,nihrm__BookingTax__c,nihrm__SourceSystemExternalId__c,
dev_hotel_sales,nihrm__RevenueClassification__c,nihrm__SourceSystemExternalId__c,
dev_hotel_sales,nihrm__VolumeContractPeriod__c,nihrm__SourceSystemExternalId__c,
dev_hotel_sales,nihrm__GuestroomType__c,nihrm__SourceSystemExternalId__c,
dev_hotel_sales,nihrm__FunctionRoomGroup__c,nihrm__SourceSystemExternalId__c,
dev_hotel_sales,nihrm__FunctionRoomGroupComponent__c,nihrm__SourceSystemExternalId__c,
dev_hotel_sales,nihrm__EventClassification__c,nihrm__SourceSystemExternalId__c,
dev_hotel_sales,nihrm__VolumeContract__c,nihrm__SourceSystemExternalId__c,
dev_hotel_sales,nihrm__Booking__c,nihrm__SourceSystemExternalId__c,
dev_hotel_sales,nihrm__BookingContact__c,nihrm__SourceSystemExternalId__c,
dev_hotel_sales,nihrm__Reservation__c,nihrm__SourceSystemExternalId__c,
dev_hotel_sales,nihrm__Transaction__c,nihrm__SourceSystemExternalId__c,
dev_hotel_sales,nihrm__VolumeContractPickup__c,nihrm__SourceSystemExternalId__c,
dev_hotel_sales,nihrm__EventItem__c,nihrm__SourceSystemExternalId__c,
dev_hotel_sales,nihrm__Location__c,nihrm__SourceSystemExternalId__c,
dev_hotel_sales,nihrm__SalesGoal__c,nihrm__SourceSystemExternalId__c,
dev_hotel_sales,nihrm__VolumeContractContact__c,nihrm__SourceSystemExternalId__c,
dev_hotel_sales,nihrm__Item__c,nihrm__SourceSystemExternalId__c,
dev_hotel_sales,nihrm__RevenueClassificationJunction__c,nihrm__SourceSystemExternalId__c,
dev_hotel_sales,nihrm__EventItemRevenueBreakdown__c,nihrm__SourceSystemExternalId__c,
dev_hotel_sales,nihrm__Inquiry__c,nihrm__SourceSystemExternalId__c,
dev_hotel_sales,nihrm__BookingRoomNight__c,nihrm__SourceSystemExternalId__c,
dev_hotel_sales,nihrm__SetupValue__c,nihrm__SourceSystemExternalId__c,
dev_hotel_sales,nihrm__BookingRoomBlock__c,nihrm__SourceSystemExternalId__c,
dev_hotel_sales,nihrm__EventClassificationItem__c,nihrm__SourceSystemExternalId__c,
dev_hotel_sales,nihrm__PmsRoomBlock__c,nihrm__SourceSystemExternalId__c,
dev_hotel_sales,nihrm__Reservation__c,nihrm__Source__c,
dev_hotel_sales,nihrm__Package__c,nihrm__StartDate__c,
dev_hotel_sales,nihrm__BookingRoomBlock__c,nihrm__StartDate__c,
dev_hotel_sales,nihrm__PmsRoomBlock__c,nihrm__StartDate__c,
dev_hotel_sales,nihrm__PackageEvent__c,nihrm__StartEvents__c,
dev_hotel_sales,nihrm__Location__c,nihrm__StateProvince__c,
dev_hotel_sales,nihrm__Inquiry__c,nihrm__State__c,
dev_hotel_sales,nihrm__VolumeContract__c,nihrm__StatusReasonName__c,
dev_hotel_sales,nihrm__Booking__c,nihrm__StatusReasonName__c,
dev_hotel_sales,nihrm__VolumeContract__c,nihrm__StatusReason__c,
dev_hotel_sales,nihrm__Booking__c,nihrm__StatusReason__c,
dev_hotel_sales,nihrm__Reservation__c,nihrm__Status__c,
dev_hotel_sales,nihrm__Inquiry__c,nihrm__Status__c,
dev_hotel_sales,nihrm__PmsRoomBlock__c,nihrm__Status__c,
dev_hotel_sales,nihrm__Inquiry__c,nihrm__Street2__c,
dev_hotel_sales,nihrm__Inquiry__c,nihrm__Street3__c,
dev_hotel_sales,nihrm__Inquiry__c,nihrm__Street__c,
dev_hotel_sales,nihrm__Inquiry__c,nihrm__Suffix__c,
dev_hotel_sales,nihrm__Location__c,nihrm__SystemOfMeasurement__c,
dev_hotel_sales,nihrm__BookingOtherIncome__c,nihrm__TaxGroup__c,
dev_hotel_sales,nihrm__BookingRoomBlock__c,nihrm__TaxGroup__c,
dev_hotel_sales,nihrm__Site__c,nihrm__TermsAndConditions__c,
dev_hotel_sales,nihrm__Site__c,nihrm__ThemeUrl__c,
dev_hotel_sales,nihrm__Location__c,nihrm__TimeZone__c,
dev_hotel_sales,nihrm__Inquiry__c,nihrm__Title__c,
dev_hotel_sales,nihrm__EventItem__c,nihrm__TotalBookedPackageCovers__c,
dev_hotel_sales,nihrm__Booking__c,nihrm__TotalCharges__c,
dev_hotel_sales,nihrm__Location__c,nihrm__TotalLicensesInUse__c,
dev_hotel_sales,nihrm__Location__c,nihrm__TotalLicenses__c,
dev_hotel_sales,nihrm__EventItem__c,nihrm__TotalPackageCovers__c,
dev_hotel_sales,nihrm__Booking__c,nihrm__TotalPayments__c,
dev_hotel_sales,nihrm__VolumeContractPeriod__c,nihrm__TotalPostedRevenue__c,
dev_hotel_sales,nihrm__Booking__c,nihrm__TotalPostedRevenue__c,
dev_hotel_sales,nihrm__Reservation__c,nihrm__TotalPostedRevenue__c,
dev_hotel_sales,nihrm__BookingPostedRevenue__c,nihrm__TotalPostedRevenue__c,
dev_hotel_sales,nihrm__BookingRoomBlock__c,nihrm__TotalPostedRevenue__c,
dev_hotel_sales,nihrm__RoomBlockRevenue__c,nihrm__TotalPostedRevenue_c__c,
dev_hotel_sales,nihrm__Inquiry__c,nihrm__TotalRooms__c,
dev_hotel_sales,nihrm__Item__c,nihrm__TrackInventory__c,
dev_hotel_sales,nihrm__Transaction__c,nihrm__TransactionDate__c,
dev_hotel_sales,nihrm__Transaction__c,nihrm__TransactionType__c,
dev_hotel_sales,nihrm__Reservation__c,nihrm__TravelAgencyCity__c,
dev_hotel_sales,nihrm__Reservation__c,nihrm__TravelAgencyCountryCode__c,
dev_hotel_sales,nihrm__Reservation__c,nihrm__TravelAgencyCountry__c,
dev_hotel_sales,nihrm__Reservation__c,nihrm__TravelAgencyName__c,
dev_hotel_sales,nihrm__Reservation__c,nihrm__TravelAgencyPostalCode__c,
dev_hotel_sales,nihrm__Reservation__c,nihrm__TravelAgencyState__c,
dev_hotel_sales,nihrm__Reservation__c,nihrm__TravelAgencyStreet1__c,
dev_hotel_sales,nihrm__Reservation__c,nihrm__TravelAgencyStreet2__c,
dev_hotel_sales,nihrm__Reservation__c,nihrm__TravelAgencyStreet3__c,
dev_hotel_sales,nihrm__GuestroomType__c,nihrm__TripleAllocation__c,
dev_hotel_sales,nihrm__Location__c,nihrm__TripleUpchargeRate__c,
dev_hotel_sales,nihrm__Location__c,nihrm__TwitterUsername__c,
dev_hotel_sales,nihrm__Inquiry__c,nihrm__Type__c,
dev_hotel_sales,nihrm__Location__c,nihrm__UnassignedFunctionRoom__c,
dev_hotel_sales,nihrm__VolumeContractGuestroomType__c,nihrm__UniqueExternalId__c,
dev_hotel_sales,nihrm__BookingTax__c,nihrm__UniqueExternalId__c,
dev_hotel_sales,nihrm__RevenueClassification__c,nihrm__UniqueExternalId__c,
dev_hotel_sales,nihrm__VolumeContractPeriod__c,nihrm__UniqueExternalId__c,
dev_hotel_sales,nihrm__GuestroomType__c,nihrm__UniqueExternalId__c,
dev_hotel_sales,nihrm__FunctionRoomGroup__c,nihrm__UniqueExternalId__c,
dev_hotel_sales,nihrm__FunctionRoomGroupComponent__c,nihrm__UniqueExternalId__c,
dev_hotel_sales,nihrm__EventClassification__c,nihrm__UniqueExternalId__c,
dev_hotel_sales,nihrm__VolumeContract__c,nihrm__UniqueExternalId__c,
dev_hotel_sales,nihrm__Booking__c,nihrm__UniqueExternalId__c,
dev_hotel_sales,nihrm__BookingContact__c,nihrm__UniqueExternalId__c,
dev_hotel_sales,nihrm__Reservation__c,nihrm__UniqueExternalId__c,
dev_hotel_sales,nihrm__Transaction__c,nihrm__UniqueExternalId__c,
dev_hotel_sales,nihrm__VolumeContractPickup__c,nihrm__UniqueExternalId__c,
dev_hotel_sales,nihrm__EventItem__c,nihrm__UniqueExternalId__c,
dev_hotel_sales,nihrm__Location__c,nihrm__UniqueExternalId__c,
dev_hotel_sales,nihrm__SalesGoal__c,nihrm__UniqueExternalId__c,
dev_hotel_sales,nihrm__VolumeContractContact__c,nihrm__UniqueExternalId__c,
dev_hotel_sales,nihrm__Item__c,nihrm__UniqueExternalId__c,
dev_hotel_sales,nihrm__RevenueClassificationJunction__c,nihrm__UniqueExternalId__c,
dev_hotel_sales,nihrm__EventItemRevenueBreakdown__c,nihrm__UniqueExternalId__c,
dev_hotel_sales,nihrm__Inquiry__c,nihrm__UniqueExternalId__c,
dev_hotel_sales,nihrm__BookingRoomNight__c,nihrm__UniqueExternalId__c,
dev_hotel_sales,nihrm__SetupValue__c,nihrm__UniqueExternalId__c,
dev_hotel_sales,nihrm__BookingRoomBlock__c,nihrm__UniqueExternalId__c,
dev_hotel_sales,nihrm__EventClassificationItem__c,nihrm__UniqueExternalId__c,
dev_hotel_sales,nihrm__PmsRoomBlock__c,nihrm__UniqueExternalId__c,
dev_hotel_sales,nihrm__BookingInquiry__c,nihrm__UniqueInquiryId__c,
dev_hotel_sales,nihrm__FunctionRoomAlternatePrice__c,nihrm__UniqueRecordID__c,
dev_hotel_sales,nihrm__EventItemAlternatePrice__c,nihrm__UniqueRecordID__c,
dev_hotel_sales,nihrm__EIRevBreakdownAlternatePrice__c,nihrm__UniqueRecordID__c,
dev_hotel_sales,nihrm__EventItemAlternatePrice__c,nihrm__UnitPrice__c,
dev_hotel_sales,nihrm__EventItem__c,nihrm__UnitPrice__c,
dev_hotel_sales,nihrm__Item__c,nihrm__UnitPrice__c,
dev_hotel_sales,nihrm__EventPackageRevenueBreakdown__c,nihrm__UnitPrice__c,
dev_hotel_sales,nihrm__EventItemRevenueBreakdown__c,nihrm__UnitPrice__c,
dev_hotel_sales,nihrm__EIRevBreakdownAlternatePrice__c,nihrm__UnitPrice__c,
dev_hotel_sales,nihrm__BookingPostedRevenue__c,nihrm__UnknownMappingCodes__c,
dev_hotel_sales,nihrm__Location__c,nihrm__UpdateBookingEventAverageChecks__c,
dev_hotel_sales,nihrm__PmsRoomBlock__c,nihrm__UpdatesTransientSold__c,
dev_hotel_sales,nihrm__Location__c,nihrm__UseAlternateLanguage__c,
dev_hotel_sales,nihrm__Site__c,nihrm__UseCurrencySymbols__c,
dev_hotel_sales,nihrm__SalesGoal__c,nihrm__User__c,
dev_hotel_sales,nihrm__Reservation__c,nihrm__Vip__c,
dev_hotel_sales,nihrm__PicklistMapping__c,nihrm__VisibleLines__c,
dev_hotel_sales,nihrm__VolumeContractGuestroomType__c,nihrm__VolumeContract__c,
dev_hotel_sales,nihrm__VolumeContractPeriod__c,nihrm__VolumeContract__c,
dev_hotel_sales,nihrm__ReservationNight__c,nihrm__VolumeContract__c,
dev_hotel_sales,nihrm__Reservation__c,nihrm__VolumeContract__c,
dev_hotel_sales,nihrm__VolumeContractPickup__c,nihrm__VolumeContract__c,
dev_hotel_sales,nihrm__VolumeContractContact__c,nihrm__VolumeContract__c,
dev_hotel_sales,nihrm__Location__c,nihrm__Website__c,
dev_hotel_sales,nihrm__Inquiry__c,nihrm__Website__c,
dev_hotel_sales,nihrm__EventFunctionroomDate__c,nihrm__eventDateIndexed__c,
dev_hotel_sales,nihrm__EventFunctionroomDate__c,nihrm__eventDate__c,
dev_hotel_sales,nihrm__EventFunctionroomDate__c,nihrm__event__c,
dev_hotel_sales,nihrm__Location__c,nihrm__isRemoveCancelledEventsFromBEOs__c,
dev_hotel_sales,nihrm__Location__c,nihrm__totalRooms__c,
dev_hotel_sales,nihrm__Booking__c,nisc_Arrivals__c,
dev_hotel_sales,nihrm__Booking__c,nisc_Attrition__c,
dev_hotel_sales,nihrm__VolumeContract__c,nisc_Availabilty__c,
dev_hotel_sales,nihrm__Booking__c,nisc_BILLMETHOD__c,
dev_hotel_sales,nihrm__Booking__c,nisc_Billing_Method__c,
dev_hotel_sales,nihrm__VolumeContract__c,nisc_Blackout_Dates__c,
dev_hotel_sales,nihrm__Location__c,nisc_Blackout_Dates__c,
dev_hotel_sales,nihrm__Booking__c,nisc_Boxes_Packages__c,
dev_hotel_sales,nihrm__Booking__c,nisc_Boxes__c,
dev_hotel_sales,nihrm__Booking__c,nisc_Breakfast_Coupons__c,
dev_hotel_sales,nihrm__Booking__c,nisc_Breakfast__c,
dev_hotel_sales,nihrm__Booking__c,nisc_Bus_Perm__c,
dev_hotel_sales,nihrm__Booking__c,nisc_Bus_Permit__c,
dev_hotel_sales,nihrm__Booking__c,nisc_COMP__c,
dev_hotel_sales,nihrm__Booking__c,nisc_Cancellation__c,
dev_hotel_sales,nihrm__Booking__c,nisc_Comp_Policy__c,
dev_hotel_sales,nihrm__Booking__c,nisc_Cxl__c,
dev_hotel_sales,nihrm__Booking__c,nisc_Departures__c,
dev_hotel_sales,nihrm__EventItem__c,nisc_Display_on_BEO__c,
dev_hotel_sales,nihrm__Booking__c,nisc_INT__c,
dev_hotel_sales,nihrm__Booking__c,nisc_Incidentals_Billing__c,
dev_hotel_sales,nihrm__Booking__c,nisc_Internet__c,
dev_hotel_sales,nihrm__Inquiry__c,nisc_Lost_Business_Comments__c,
dev_hotel_sales,nihrm__Booking__c,nisc_Market_Description__c,
dev_hotel_sales,nihrm__Booking__c,nisc_Number_of_Staff_Rooms__c,
dev_hotel_sales,nihrm__Booking__c,nisc_PAYMETHOD__c,
dev_hotel_sales,nihrm__Booking__c,nisc_Payment_Method__c,
dev_hotel_sales,nihrm__VolumeContract__c,nisc_Percent_Off_Bar__c,
dev_hotel_sales,nihrm__Booking__c,nisc_Posting_Master__c,
dev_hotel_sales,nihrm__Booking__c,nisc_REBATE__c,
dev_hotel_sales,nihrm__Booking__c,nisc_RMRENTAL__c,
dev_hotel_sales,nihrm__Booking__c,nisc_Room_Rental__c,
dev_hotel_sales,nihrm__Booking__c,nisc_Staff_Room_Rate__c,
dev_hotel_sales,nihrm__Booking__c,nisc_Staff_Room__c,
dev_hotel_sales,nihrm__Booking__c,nisc_Tax_Exempt_Number__c,
dev_hotel_sales,nihrm__Booking__c,nisc_Welcome_Packet__c,
dev_hotel_sales,nihrm__Booking__c,nisc_Welcome__c,
dev_hotel_sales,nihrm__Booking__c,nisc_ssr__c,
dev_hotel_costar,DayStar,no_days,Number of Days
dev_hotel_costar,DayStar,no_days_py,Number of Days
dev_hotel_analytics,fact_competitor_rates,no_guests,
dev_hotel_analytics,vw_pace_segment_change_by_period,noshow_rooms,The number of rooms for which guests did not arrive.
dev_hotel_analytics,snap_pace_segment,noshow_rooms,The number of rooms that were no-shows for the stay date.
dev_hotel_analytics,vw_pace_roomtype,noshow_rooms,The number of rooms for which guests did not arrive.
dev_hotel_analytics,snap_pace_roomtype,noshow_rooms,The number of rooms for which guests did not arrive.
dev_hotel_analytics,vw_pace_roomtype_current,noshow_rooms,
dev_hotel_analytics,vw_pace_segment,noshow_rooms,
dev_hotel_analytics,vw_pace_segment_current,noshow_rooms,
dev_hotel_analytics,vw_pace_segment_monthly,noshow_rooms__complimentary,The number of no-show complimentary rooms.
dev_hotel_analytics,vw_pace_segment_monthly,noshow_rooms__group_association,The number of no-show group association rooms.
dev_hotel_analytics,vw_pace_segment_monthly,noshow_rooms__group_citywide,The number of no-show group citywide rooms.
dev_hotel_analytics,vw_pace_segment_monthly,noshow_rooms__group_corporate,The number of no-show group corporate rooms.
dev_hotel_analytics,vw_pace_segment_monthly,noshow_rooms__group_entertainment,The number of no-show group entertainment rooms.
dev_hotel_analytics,vw_pace_segment_monthly,noshow_rooms__group_government,The number of no-show group government rooms.
dev_hotel_analytics,vw_pace_segment_monthly,noshow_rooms__group_smerf,The number of no-show group SMERF rooms.
dev_hotel_analytics,vw_pace_segment_monthly,noshow_rooms__group_social,The number of no-show group social rooms.
dev_hotel_analytics,vw_pace_segment_monthly,noshow_rooms__group_tour,The number of no-show group tour rooms.
dev_hotel_analytics,vw_pace_segment_monthly,noshow_rooms__group_wedding,The number of no-show group wedding rooms.
dev_hotel_analytics,vw_pace_segment_monthly,noshow_rooms__transient_consortia,The number of no-show transient consortia rooms.
dev_hotel_analytics,vw_pace_segment_monthly,noshow_rooms__transient_government,The number of no-show transient government rooms.
dev_hotel_analytics,vw_pace_segment_monthly,noshow_rooms__transient_negotiated,The number of no-show transient negotiated rooms.
dev_hotel_analytics,vw_pace_segment_monthly,noshow_rooms__transient_opaque,The number of no-show transient opaque rooms.
dev_hotel_analytics,vw_pace_segment_monthly,noshow_rooms__transient_package,The number of no-show transient package rooms.
dev_hotel_analytics,vw_pace_segment_monthly,noshow_rooms__transient_packages,The number of no-show transient packages rooms.
dev_hotel_analytics,vw_pace_segment_monthly,noshow_rooms__transient_promotion,The number of no-show transient promotion rooms.
dev_hotel_analytics,vw_pace_segment_monthly,noshow_rooms__transient_qualified,The number of no-show transient qualified rooms.
dev_hotel_analytics,vw_pace_segment_monthly,noshow_rooms__transient_retail,The number of no-show transient retail rooms.
dev_hotel_analytics,vw_pace_segment_monthly,noshow_rooms__transient_unqualified,The number of no-show transient unqualified rooms.
dev_hotel_analytics,vw_pace_segment_change_by_period,noshow_rooms_ly_actual,The actual number of no-show rooms for the same period last year.
dev_hotel_analytics,snap_pace_segment,noshow_rooms_ly_actual,The actual number of no-show rooms for the stay date in the previous year.
dev_hotel_analytics,vw_pace_roomtype,noshow_rooms_ly_actual,The actual number of no-show rooms for the same stay date last year.
dev_hotel_analytics,snap_pace_roomtype,noshow_rooms_ly_actual,The actual number of no-show rooms for the same stay date last year.
dev_hotel_analytics,vw_pace_roomtype_current,noshow_rooms_ly_actual,
dev_hotel_analytics,vw_pace_segment,noshow_rooms_ly_actual,
dev_hotel_analytics,vw_pace_segment_current,noshow_rooms_ly_actual,
dev_hotel_analytics,vw_pace_segment_monthly,noshow_rooms_ly_actual__complimentary,The actual number of no-show complimentary rooms from last year.
dev_hotel_analytics,vw_pace_segment_monthly,noshow_rooms_ly_actual__group_association,The actual number of no-show group association rooms from last year.
dev_hotel_analytics,vw_pace_segment_monthly,noshow_rooms_ly_actual__group_citywide,The actual number of no-show group citywide rooms from last year.
dev_hotel_analytics,vw_pace_segment_monthly,noshow_rooms_ly_actual__group_corporate,The actual number of no-show group corporate rooms from last year.
dev_hotel_analytics,vw_pace_segment_monthly,noshow_rooms_ly_actual__group_entertainment,The actual number of no-show group entertainment rooms from last year.
dev_hotel_analytics,vw_pace_segment_monthly,noshow_rooms_ly_actual__group_government,The actual number of no-show group government rooms from last year.
dev_hotel_analytics,vw_pace_segment_monthly,noshow_rooms_ly_actual__group_smerf,The actual number of no-show group SMERF rooms from last year.
dev_hotel_analytics,vw_pace_segment_monthly,noshow_rooms_ly_actual__group_social,The actual number of no-show group social rooms from last year.
dev_hotel_analytics,vw_pace_segment_monthly,noshow_rooms_ly_actual__group_tour,The actual number of no-show group tour rooms from last year.
dev_hotel_analytics,vw_pace_segment_monthly,noshow_rooms_ly_actual__group_wedding,The actual number of no-show group wedding rooms from last year.
dev_hotel_analytics,vw_pace_segment_monthly,noshow_rooms_ly_actual__transient_consortia,The actual number of no-show transient consortia rooms from last year.
dev_hotel_analytics,vw_pace_segment_monthly,noshow_rooms_ly_actual__transient_government,The actual number of no-show transient government rooms from last year.
dev_hotel_analytics,vw_pace_segment_monthly,noshow_rooms_ly_actual__transient_negotiated,The actual number of no-show transient negotiated rooms from last year.
dev_hotel_analytics,vw_pace_segment_monthly,noshow_rooms_ly_actual__transient_opaque,The actual number of no-show transient opaque rooms from last year.
dev_hotel_analytics,vw_pace_segment_monthly,noshow_rooms_ly_actual__transient_package,The actual number of no-show transient package rooms from last year.
dev_hotel_analytics,vw_pace_segment_monthly,noshow_rooms_ly_actual__transient_packages,The actual number of no-show transient packages rooms from last year.
dev_hotel_analytics,vw_pace_segment_monthly,noshow_rooms_ly_actual__transient_promotion,The actual number of no-show transient promotion rooms from last year.
dev_hotel_analytics,vw_pace_segment_monthly,noshow_rooms_ly_actual__transient_qualified,The actual number of no-show transient qualified rooms from last year.
dev_hotel_analytics,vw_pace_segment_monthly,noshow_rooms_ly_actual__transient_retail,The actual number of no-show transient retail rooms from last year.
dev_hotel_analytics,vw_pace_segment_monthly,noshow_rooms_ly_actual__transient_unqualified,The actual number of no-show transient unqualified rooms from last year.
dev_hotel_costar,MonthlyStar,occ,Occupancy
dev_hotel_costar,DayStar,occ,"Total Occupancy, showing the percentage of available rooms that have been sold during a specific timeframe."
dev_hotel_analytics,demand_channel_mix_daily,occ,
dev_hotel_analytics,demand_segment_mix_daily,occ,
dev_hotel_costar,MonthlyStar,occ_index,Occupancy Index
dev_hotel_costar,DayStar,occ_index,Occupancy index measures a hotel's occupancy performance relative to its competitive set. It shows whether a hotel is achieving a higher or lower average rate compared to its peers.
dev_hotel_analytics,demand_channel_mix_daily,occ_index,
dev_hotel_analytics,demand_total_hotel_daily,occ_index,
dev_hotel_analytics,demand_segment_mix_daily,occ_index,
dev_hotel_analytics,demand_channel_mix_daily,occ_index_chg_vs_prior_week_pct,
dev_hotel_analytics,demand_segment_mix_daily,occ_index_chg_vs_prior_week_pct,
dev_hotel_costar,MonthlyStar,occ_index_pct_chg,Occupancy Index Percentage Change
dev_hotel_costar,DayStar,occ_index_pct_chg,"Occupancy Index Percenage Change, shows the percentage change in the hotel's occupancy index which measures a occupancy performance relative to its competitive set. It shows whether a hotel is achieving a higher or lower average rate compared to its peers."
dev_hotel_costar,MonthlyStar,occ_index_pct_chg_py,Occupancy Index Percentage Change Prior Year
dev_hotel_costar,DayStar,occ_index_pct_chg_py,"Occupancy Index Percenage Change, shows the percentage change in the hotel's occupancy index which measures a occupancy performance relative to its competitive set. It shows whether a hotel is achieving a higher or lower average rate compared to its peers."
dev_hotel_costar,MonthlyStar,occ_index_pct_chg_ytd,Occupancy Index Percentage Change Year to Date
dev_hotel_costar,MonthlyStar,occ_index_pct_chg_ytd_py,Occupancy Index Percentage Change Year to Date Prior Year
dev_hotel_costar,MonthlyStar,occ_index_py,Occupancy Index Prior Year
dev_hotel_costar,DayStar,occ_index_py,Occupancy index measures a hotel's occupancy performance relative to its competitive set. It shows whether a hotel is achieving a higher or lower average rate compared to its peers.
dev_hotel_analytics,demand_channel_mix_daily,occ_index_vs_prior_year_pct,
dev_hotel_analytics,demand_segment_mix_daily,occ_index_vs_prior_year_pct,
dev_hotel_analytics,demand_total_hotel_daily,occ_index_yoy,
dev_hotel_costar,MonthlyStar,occ_index_ytd,Occupancy Index Year to Date Prior Year
dev_hotel_costar,MonthlyStar,occ_index_ytd_py,Occupancy Year to Date
dev_hotel_costar,MonthlyStar,occ_pct_chg,Occupancy Percentage Change
dev_hotel_costar,DayStar,occ_pct_chg,"Occupancy Percentage Change, showing the percentage change in occupancy during a specific timeframe."
dev_hotel_costar,MonthlyStar,occ_pct_chg_py,Occupancy Percentage Change Prior Year
dev_hotel_costar,DayStar,occ_pct_chg_py,"Occupancy Percentage Change, showing the percentage change in occupancy during a specific timeframe."
dev_hotel_costar,DayStar,occ_pct_chg_rank,"Occupancy Percentage Change for Rank, show the percentage change for the hotel's ranking position for Occupancy compared to its competitive set. A lower number (e.g., 1) indicates a higher ADR than peers."
dev_hotel_costar,DayStar,occ_pct_chg_rank_py,"Occupancy Percentage Change for Rank, show the percentage change for the hotel's ranking position for Occupancy compared to its competitive set. A lower number (e.g., 1) indicates a higher ADR than peers."
dev_hotel_costar,MonthlyStar,occ_pct_chg_ytd,Occupancy Percentage Change Year to Date
dev_hotel_costar,MonthlyStar,occ_pct_chg_ytd_py,Occupancy Percentage Change Year to Date Prior Year
dev_hotel_costar,MonthlyStar,occ_py,Occupancy Prior Year
dev_hotel_costar,DayStar,occ_py,"Total Occupancy, showing the percentage of available rooms that have been sold during a specific timeframe."
dev_hotel_costar,MonthlyStar,occ_rank,Occupancy Rank
dev_hotel_costar,DayStar,occ_rank,"Occupancy Rank, show the hotel's ranking position for Occupancy compared to its competitive set. A lower number (e.g., 1) indicates a higher ADR than peers."
dev_hotel_analytics,vw_demand_segment,occ_rank,
dev_hotel_analytics,snap_demand_property,occ_rank,Occupancy Rank.
dev_hotel_analytics,snap_demand_segment,occ_rank,Occupancy Rank.
dev_hotel_analytics,snap_demand_channel,occ_rank,Occupancy Rank.
dev_hotel_analytics,demand_channel_mix_daily,occ_rank,
dev_hotel_analytics,demand_total_hotel_daily,occ_rank,
dev_hotel_analytics,snap_demand_property_totals,occ_rank,
dev_hotel_analytics,demand_segment_mix_daily,occ_rank,
dev_hotel_analytics,vw_demand_channel,occ_rank,
dev_hotel_costar,MonthlyStar,occ_rank_pct_chg,Occupancy Percentage Change Rank
dev_hotel_costar,MonthlyStar,occ_rank_pct_chg_py,Occupancy Percentage Change Rank Prior Year
dev_hotel_costar,MonthlyStar,occ_rank_pct_chg_ytd,Occupancy Percentage Change Rank Year to Date
dev_hotel_costar,MonthlyStar,occ_rank_pct_chg_ytd_py,Occupancy Percentage Change Rank Year to Date Prior Year
dev_hotel_costar,MonthlyStar,occ_rank_py,Occupancy Rank Prior Year
dev_hotel_costar,DayStar,occ_rank_py,"Occupancy Rank, show the hotel's ranking position for Occupancy compared to its competitive set. A lower number (e.g., 1) indicates a higher ADR than peers."
dev_hotel_costar,MonthlyStar,occ_rank_ytd,Occupancy Rank Year to Date
dev_hotel_costar,MonthlyStar,occ_rank_ytd_py,Occupancy Rank Year to Date Prior Year
dev_hotel_costar,MonthlyStar,occ_ytd,Occupancy Year to Date
dev_hotel_costar,MonthlyStar,occ_ytd_py,Occupancy Year to Date Prior Year
dev_hotel_costar,CompsetData,open_date,
dev_hotel_costar,metrics_fact_costar,open_date,The date when the property opened.
dev_hotel_g4a,ga4_TechDetails_281286275,operatingSystem,
dev_hotel_g4a,p_ga4_TechDetails_281286275,operatingSystem,The operating systems used by visitors to your app or website. Includes desktop and mobile operating systems such as Windows and Android.
dev_hotel_g4a,ga4_TechDetails_281286275,operatingSystemVersion,
dev_hotel_g4a,p_ga4_TechDetails_281286275,operatingSystemVersion,"The operating system versions used by visitors to your website or app. For example, Android 10's version is 10, and iOS 13.5.1's version is 13.5.1."
dev_hotel_g4a,ga4_TechDetails_281286275,operatingSystemWithVersion,
dev_hotel_g4a,p_ga4_TechDetails_281286275,operatingSystemWithVersion,"The operating system and version. For example, Android 10 or Windows 7."
dev_hotel_forecast,stg_pms_import,other_revenue,
dev_hotel_analytics,vw_ml_feature_90d,pace_vs_ly_actual,Ratio of current OTB vs. what actually materialized last year.
dev_hotel_forecast,dim_hotel_config,physical_capacity,
dev_hotel_costar,DayStar,physical_capacity,The total number of rooms available for sale represents the property's fixed maximum inventory. This count excludes any rooms that are out of order.
dev_hotel_analytics,vw_ml_feature_90d,pickup_7d,Net change in rooms OTB over the last 7 days (Momentum indicator).
dev_hotel_g4a,ga4_TechDetails_281286275,platform,
dev_hotel_g4a,p_ga4_TechDetails_281286275,platform,"The platform on which your app or website ran; for example, web, iOS, or Android. To determine a stream's type in a report, use both platform and streamId."
dev_hotel_g4a,ga4_TechDetails_281286275,platformDeviceCategory,
dev_hotel_g4a,p_ga4_TechDetails_281286275,platformDeviceCategory,The platform and type of device on which your website or mobile app ran. (example: Android / mobile)
dev_hotel_analytics,dim_property,pms_id,
dev_hotel_forecast,stg_pms_import,pms_market_code,
dev_hotel_forecast,dim_segment_mapping,pms_market_code,
dev_hotel_analytics,demand_total_hotel_daily,property_adr,
dev_hotel_analytics,demand_total_hotel_daily,property_adr_yoy,
dev_hotel_analytics,dim_property_demand,property_available_rooms,
dev_hotel_analytics,vw_demand_segment,property_available_rooms,
dev_hotel_analytics,snap_demand_property,property_available_rooms,Total available rooms for the hotel for the given date.
dev_hotel_analytics,snap_demand_segment,property_available_rooms,Total available rooms for the hotel for the given date.
dev_hotel_analytics,snap_demand_channel,property_available_rooms,Total available rooms for the hotel for the given date.
dev_hotel_analytics,dim_property,property_available_rooms,
dev_hotel_analytics,snap_demand_property_totals,property_available_rooms,
dev_hotel_analytics,vw_demand_channel,property_available_rooms,
dev_hotel_costar,MonthlyStar,property_code,Internal Property Identifier
dev_hotel_costar,CompsetData,property_code,
dev_hotel_costar,DayStar,property_code,Property code
dev_hotel_costar,Property_RPI_Fairshare_Goals,property_code,Internal Property Identifier
dev_hotel_costar,metrics_fact_costar,property_code,A unique identifier for a specific property.
dev_hotel_analytics,fct_pacing_all_windows,property_code,
dev_hotel_analytics,dim_property_demand,property_code,
dev_hotel_analytics,vw_demand_segment,property_code,
dev_hotel_analytics,vw_pace_segment_change_by_period,property_code,The unique identifier for a specific hotel property.
dev_hotel_analytics,vw_pace_segment_monthly_current,property_code,
dev_hotel_analytics,snap_pace_segment,property_code,A unique identifier for the hotel property.
dev_hotel_analytics,snap_demand_property,property_code,Unique code for the hotel property.
dev_hotel_analytics,snap_demand_segment,property_code,Unique code for the hotel property.
dev_hotel_analytics,vw_pace_roomtype,property_code,The unique identifier for a specific hotel property.
dev_hotel_analytics,snap_pace_roomtype,property_code,The unique identifier for a specific hotel property.
dev_hotel_analytics,snap_demand_channel,property_code,Unique code for the hotel property.
dev_hotel_analytics,dim_compset_demand,property_code,
dev_hotel_analytics,vw_pace_roomtype_change_by_period_current,property_code,A unique identifier for the hotel property.
dev_hotel_analytics,demand_channel_mix_daily,property_code,
dev_hotel_analytics,vw_pace_roomtype_current,property_code,
dev_hotel_analytics,fact_competitor_rates,property_code,
dev_hotel_analytics,stg_pace_segment,property_code,
dev_hotel_analytics,dim_events,property_code,Hotel ID or 'ALL'
dev_hotel_analytics,vw_pace_segment_change_by_period_current,property_code,
dev_hotel_analytics,demand_total_hotel_daily,property_code,
dev_hotel_analytics,fact_market_insights,property_code,
dev_hotel_analytics,vw_pace_segment,property_code,
dev_hotel_analytics,dim_property,property_code,
dev_hotel_analytics,vw_pace_segment_current,property_code,
dev_hotel_analytics,snap_demand_property_totals,property_code,
dev_hotel_analytics,demand_segment_mix_daily,property_code,
dev_hotel_analytics,vw_ml_feature_90d,property_code,Unique identifier for the hotel.
dev_hotel_analytics,snap_pace_property,property_code,
dev_hotel_analytics,vw_pace_property,property_code,A unique identifier for a specific hotel property.
dev_hotel_analytics,vw_pace_segment_monthly,property_code,A unique identifier for the hotel property.
dev_hotel_analytics,vw_pace_property_current,property_code,The unique identifier for a specific hotel property.
dev_hotel_analytics,vw_pace_segment_change_by_period_monthly_current,property_code,
dev_hotel_analytics,dim_roomtype,property_code,
dev_hotel_analytics,vw_demand_channel,property_code,
dev_hotel_costar,MonthlyStar,property_name,Property Name
dev_hotel_costar,CompsetData,property_name,
dev_hotel_costar,DayStar,property_name,Property name
dev_hotel_costar,metrics_fact_costar,property_name,The name of the property.
dev_hotel_analytics,fct_pacing_all_windows,property_name,
dev_hotel_analytics,dim_property_demand,property_name,
dev_hotel_analytics,vw_pace_segment_change_by_period,property_name,The name of the hotel property.
dev_hotel_analytics,vw_pace_segment_monthly_current,property_name,
dev_hotel_analytics,snap_pace_segment,property_name,The name of the hotel property.
dev_hotel_analytics,vw_pace_roomtype,property_name,The name of the hotel property.
dev_hotel_analytics,snap_pace_roomtype,property_name,The name of the hotel property.
dev_hotel_analytics,vw_pace_roomtype_change_by_period_current,property_name,The name of the hotel property.
dev_hotel_analytics,vw_pace_roomtype_current,property_name,
dev_hotel_analytics,fact_competitor_rates,property_name,
dev_hotel_analytics,stg_pace_segment,property_name,
dev_hotel_analytics,vw_pace_segment_change_by_period_current,property_name,
dev_hotel_analytics,fact_market_insights,property_name,"The main property being shopped, derived from filename"
dev_hotel_analytics,vw_pace_segment,property_name,
dev_hotel_analytics,dim_property,property_name,
dev_hotel_analytics,vw_pace_segment_current,property_name,
dev_hotel_analytics,snap_pace_property,property_name,
dev_hotel_analytics,vw_pace_property,property_name,The name of the hotel property.
dev_hotel_analytics,vw_pace_segment_monthly,property_name,The name of the hotel property.
dev_hotel_analytics,vw_pace_property_current,property_name,The name of the hotel property.
dev_hotel_analytics,vw_pace_segment_change_by_period_monthly_current,property_name,
dev_hotel_analytics,demand_total_hotel_daily,property_occ_yoy,
dev_hotel_analytics,snap_demand_property,property_rev,Total room revenue for the hotel.
dev_hotel_analytics,snap_demand_segment,property_rev,Total room revenue for the hotel.
dev_hotel_analytics,snap_demand_channel,property_rev,Total room revenue for the hotel.
dev_hotel_analytics,snap_demand_property_totals,property_rev,
dev_hotel_analytics,vw_demand_segment,property_room_rev,
dev_hotel_analytics,vw_demand_channel,property_room_rev,
dev_hotel_analytics,snap_demand_property,property_rooms,Number of rooms sold for the hotel.
dev_hotel_analytics,snap_demand_segment,property_rooms,Number of rooms sold for the hotel.
dev_hotel_analytics,snap_demand_channel,property_rooms,Number of rooms sold for the hotel.
dev_hotel_analytics,vw_demand_segment,property_rooms_sold,
dev_hotel_analytics,snap_demand_property_totals,property_rooms_sold,
dev_hotel_analytics,vw_demand_channel,property_rooms_sold,
dev_hotel_analytics,vw_demand_segment,property_rooms_sold_wow,
dev_hotel_analytics,vw_demand_channel,property_rooms_sold_wow,
dev_hotel_analytics,vw_demand_segment,property_rooms_sold_yoy,
dev_hotel_analytics,vw_demand_channel,property_rooms_sold_yoy,
dev_hotel_analytics,snap_demand_segment,property_rooms_wow,Property rooms sold Week-over-Week.
dev_hotel_analytics,snap_demand_channel,property_rooms_wow,Property rooms sold Week-over-Week.
dev_hotel_analytics,snap_demand_segment,property_rooms_yoy,Property rooms sold Year-over-Year.
dev_hotel_analytics,snap_demand_channel,property_rooms_yoy,Property rooms sold Year-over-Year.
dev_hotel_costar,DayStar,property_shortname,Property names abbreviated within charts and graphs when space constraints prevent the display of longer names.
dev_hotel_costar,metrics_fact_costar,property_shortname,The short name of the  property.
dev_hotel_analytics,dim_property,property_shortname,
dev_hotel_costar,MonthlyStar,py,Prior Year
dev_hotel_costar,DayStar,py,Prior Year
dev_hotel_analytics,fct_pacing_all_windows,r_chg_14_complimentary,
dev_hotel_analytics,fct_pacing_all_windows,r_chg_14_group_association,
dev_hotel_analytics,fct_pacing_all_windows,r_chg_14_group_citywide,
dev_hotel_analytics,fct_pacing_all_windows,r_chg_14_group_corporate,
dev_hotel_analytics,fct_pacing_all_windows,r_chg_14_group_entertainment,
dev_hotel_analytics,fct_pacing_all_windows,r_chg_14_group_government,
dev_hotel_analytics,fct_pacing_all_windows,r_chg_14_group_smerf,
dev_hotel_analytics,fct_pacing_all_windows,r_chg_14_group_social,
dev_hotel_analytics,fct_pacing_all_windows,r_chg_14_group_tour,
dev_hotel_analytics,fct_pacing_all_windows,r_chg_14_group_wedding,
dev_hotel_analytics,fct_pacing_all_windows,r_chg_14_transient_consortia,
dev_hotel_analytics,fct_pacing_all_windows,r_chg_14_transient_government,
dev_hotel_analytics,fct_pacing_all_windows,r_chg_14_transient_negotiated,
dev_hotel_analytics,fct_pacing_all_windows,r_chg_14_transient_opaque,
dev_hotel_analytics,fct_pacing_all_windows,r_chg_14_transient_package,
dev_hotel_analytics,fct_pacing_all_windows,r_chg_14_transient_packages,
dev_hotel_analytics,fct_pacing_all_windows,r_chg_14_transient_promotion,
dev_hotel_analytics,fct_pacing_all_windows,r_chg_14_transient_qualified,
dev_hotel_analytics,fct_pacing_all_windows,r_chg_14_transient_retail,
dev_hotel_analytics,fct_pacing_all_windows,r_chg_14_transient_unqualified,
dev_hotel_analytics,fct_pacing_all_windows,r_chg_1_complimentary,
dev_hotel_analytics,fct_pacing_all_windows,r_chg_1_group_association,
dev_hotel_analytics,fct_pacing_all_windows,r_chg_1_group_citywide,
dev_hotel_analytics,fct_pacing_all_windows,r_chg_1_group_corporate,
dev_hotel_analytics,fct_pacing_all_windows,r_chg_1_group_entertainment,
dev_hotel_analytics,fct_pacing_all_windows,r_chg_1_group_government,
dev_hotel_analytics,fct_pacing_all_windows,r_chg_1_group_smerf,
dev_hotel_analytics,fct_pacing_all_windows,r_chg_1_group_social,
dev_hotel_analytics,fct_pacing_all_windows,r_chg_1_group_tour,
dev_hotel_analytics,fct_pacing_all_windows,r_chg_1_group_wedding,
dev_hotel_analytics,fct_pacing_all_windows,r_chg_1_transient_consortia,
dev_hotel_analytics,fct_pacing_all_windows,r_chg_1_transient_government,
dev_hotel_analytics,fct_pacing_all_windows,r_chg_1_transient_negotiated,
dev_hotel_analytics,fct_pacing_all_windows,r_chg_1_transient_opaque,
dev_hotel_analytics,fct_pacing_all_windows,r_chg_1_transient_package,
dev_hotel_analytics,fct_pacing_all_windows,r_chg_1_transient_packages,
dev_hotel_analytics,fct_pacing_all_windows,r_chg_1_transient_promotion,
dev_hotel_analytics,fct_pacing_all_windows,r_chg_1_transient_qualified,
dev_hotel_analytics,fct_pacing_all_windows,r_chg_1_transient_retail,
dev_hotel_analytics,fct_pacing_all_windows,r_chg_1_transient_unqualified,
dev_hotel_analytics,fct_pacing_all_windows,r_chg_21_complimentary,
dev_hotel_analytics,fct_pacing_all_windows,r_chg_21_group_association,
dev_hotel_analytics,fct_pacing_all_windows,r_chg_21_group_citywide,
dev_hotel_analytics,fct_pacing_all_windows,r_chg_21_group_corporate,
dev_hotel_analytics,fct_pacing_all_windows,r_chg_21_group_entertainment,
dev_hotel_analytics,fct_pacing_all_windows,r_chg_21_group_government,
dev_hotel_analytics,fct_pacing_all_windows,r_chg_21_group_smerf,
dev_hotel_analytics,fct_pacing_all_windows,r_chg_21_group_social,
dev_hotel_analytics,fct_pacing_all_windows,r_chg_21_group_tour,
dev_hotel_analytics,fct_pacing_all_windows,r_chg_21_group_wedding,
dev_hotel_analytics,fct_pacing_all_windows,r_chg_21_transient_consortia,
dev_hotel_analytics,fct_pacing_all_windows,r_chg_21_transient_government,
dev_hotel_analytics,fct_pacing_all_windows,r_chg_21_transient_negotiated,
dev_hotel_analytics,fct_pacing_all_windows,r_chg_21_transient_opaque,
dev_hotel_analytics,fct_pacing_all_windows,r_chg_21_transient_package,
dev_hotel_analytics,fct_pacing_all_windows,r_chg_21_transient_packages,
dev_hotel_analytics,fct_pacing_all_windows,r_chg_21_transient_promotion,
dev_hotel_analytics,fct_pacing_all_windows,r_chg_21_transient_qualified,
dev_hotel_analytics,fct_pacing_all_windows,r_chg_21_transient_retail,
dev_hotel_analytics,fct_pacing_all_windows,r_chg_21_transient_unqualified,
dev_hotel_analytics,fct_pacing_all_windows,r_chg_30_complimentary,
dev_hotel_analytics,fct_pacing_all_windows,r_chg_30_group_association,
dev_hotel_analytics,fct_pacing_all_windows,r_chg_30_group_citywide,
dev_hotel_analytics,fct_pacing_all_windows,r_chg_30_group_corporate,
dev_hotel_analytics,fct_pacing_all_windows,r_chg_30_group_entertainment,
dev_hotel_analytics,fct_pacing_all_windows,r_chg_30_group_government,
dev_hotel_analytics,fct_pacing_all_windows,r_chg_30_group_smerf,
dev_hotel_analytics,fct_pacing_all_windows,r_chg_30_group_social,
dev_hotel_analytics,fct_pacing_all_windows,r_chg_30_group_tour,
dev_hotel_analytics,fct_pacing_all_windows,r_chg_30_group_wedding,
dev_hotel_analytics,fct_pacing_all_windows,r_chg_30_transient_consortia,
dev_hotel_analytics,fct_pacing_all_windows,r_chg_30_transient_government,
dev_hotel_analytics,fct_pacing_all_windows,r_chg_30_transient_negotiated,
dev_hotel_analytics,fct_pacing_all_windows,r_chg_30_transient_opaque,
dev_hotel_analytics,fct_pacing_all_windows,r_chg_30_transient_package,
dev_hotel_analytics,fct_pacing_all_windows,r_chg_30_transient_packages,
dev_hotel_analytics,fct_pacing_all_windows,r_chg_30_transient_promotion,
dev_hotel_analytics,fct_pacing_all_windows,r_chg_30_transient_qualified,
dev_hotel_analytics,fct_pacing_all_windows,r_chg_30_transient_retail,
dev_hotel_analytics,fct_pacing_all_windows,r_chg_30_transient_unqualified,
dev_hotel_analytics,fct_pacing_all_windows,r_chg_3_complimentary,
dev_hotel_analytics,fct_pacing_all_windows,r_chg_3_group_association,
dev_hotel_analytics,fct_pacing_all_windows,r_chg_3_group_citywide,
dev_hotel_analytics,fct_pacing_all_windows,r_chg_3_group_corporate,
dev_hotel_analytics,fct_pacing_all_windows,r_chg_3_group_entertainment,
dev_hotel_analytics,fct_pacing_all_windows,r_chg_3_group_government,
dev_hotel_analytics,fct_pacing_all_windows,r_chg_3_group_smerf,
dev_hotel_analytics,fct_pacing_all_windows,r_chg_3_group_social,
dev_hotel_analytics,fct_pacing_all_windows,r_chg_3_group_tour,
dev_hotel_analytics,fct_pacing_all_windows,r_chg_3_group_wedding,
dev_hotel_analytics,fct_pacing_all_windows,r_chg_3_transient_consortia,
dev_hotel_analytics,fct_pacing_all_windows,r_chg_3_transient_government,
dev_hotel_analytics,fct_pacing_all_windows,r_chg_3_transient_negotiated,
dev_hotel_analytics,fct_pacing_all_windows,r_chg_3_transient_opaque,
dev_hotel_analytics,fct_pacing_all_windows,r_chg_3_transient_package,
dev_hotel_analytics,fct_pacing_all_windows,r_chg_3_transient_packages,
dev_hotel_analytics,fct_pacing_all_windows,r_chg_3_transient_promotion,
dev_hotel_analytics,fct_pacing_all_windows,r_chg_3_transient_qualified,
dev_hotel_analytics,fct_pacing_all_windows,r_chg_3_transient_retail,
dev_hotel_analytics,fct_pacing_all_windows,r_chg_3_transient_unqualified,
dev_hotel_analytics,fct_pacing_all_windows,r_chg_60_complimentary,
dev_hotel_analytics,fct_pacing_all_windows,r_chg_60_group_association,
dev_hotel_analytics,fct_pacing_all_windows,r_chg_60_group_citywide,
dev_hotel_analytics,fct_pacing_all_windows,r_chg_60_group_corporate,
dev_hotel_analytics,fct_pacing_all_windows,r_chg_60_group_entertainment,
dev_hotel_analytics,fct_pacing_all_windows,r_chg_60_group_government,
dev_hotel_analytics,fct_pacing_all_windows,r_chg_60_group_smerf,
dev_hotel_analytics,fct_pacing_all_windows,r_chg_60_group_social,
dev_hotel_analytics,fct_pacing_all_windows,r_chg_60_group_tour,
dev_hotel_analytics,fct_pacing_all_windows,r_chg_60_group_wedding,
dev_hotel_analytics,fct_pacing_all_windows,r_chg_60_transient_consortia,
dev_hotel_analytics,fct_pacing_all_windows,r_chg_60_transient_government,
dev_hotel_analytics,fct_pacing_all_windows,r_chg_60_transient_negotiated,
dev_hotel_analytics,fct_pacing_all_windows,r_chg_60_transient_opaque,
dev_hotel_analytics,fct_pacing_all_windows,r_chg_60_transient_package,
dev_hotel_analytics,fct_pacing_all_windows,r_chg_60_transient_packages,
dev_hotel_analytics,fct_pacing_all_windows,r_chg_60_transient_promotion,
dev_hotel_analytics,fct_pacing_all_windows,r_chg_60_transient_qualified,
dev_hotel_analytics,fct_pacing_all_windows,r_chg_60_transient_retail,
dev_hotel_analytics,fct_pacing_all_windows,r_chg_60_transient_unqualified,
dev_hotel_analytics,fct_pacing_all_windows,r_chg_7_complimentary,
dev_hotel_analytics,fct_pacing_all_windows,r_chg_7_group_association,
dev_hotel_analytics,fct_pacing_all_windows,r_chg_7_group_citywide,
dev_hotel_analytics,fct_pacing_all_windows,r_chg_7_group_corporate,
dev_hotel_analytics,fct_pacing_all_windows,r_chg_7_group_entertainment,
dev_hotel_analytics,fct_pacing_all_windows,r_chg_7_group_government,
dev_hotel_analytics,fct_pacing_all_windows,r_chg_7_group_smerf,
dev_hotel_analytics,fct_pacing_all_windows,r_chg_7_group_social,
dev_hotel_analytics,fct_pacing_all_windows,r_chg_7_group_tour,
dev_hotel_analytics,fct_pacing_all_windows,r_chg_7_group_wedding,
dev_hotel_analytics,fct_pacing_all_windows,r_chg_7_transient_consortia,
dev_hotel_analytics,fct_pacing_all_windows,r_chg_7_transient_government,
dev_hotel_analytics,fct_pacing_all_windows,r_chg_7_transient_negotiated,
dev_hotel_analytics,fct_pacing_all_windows,r_chg_7_transient_opaque,
dev_hotel_analytics,fct_pacing_all_windows,r_chg_7_transient_package,
dev_hotel_analytics,fct_pacing_all_windows,r_chg_7_transient_packages,
dev_hotel_analytics,fct_pacing_all_windows,r_chg_7_transient_promotion,
dev_hotel_analytics,fct_pacing_all_windows,r_chg_7_transient_qualified,
dev_hotel_analytics,fct_pacing_all_windows,r_chg_7_transient_retail,
dev_hotel_analytics,fct_pacing_all_windows,r_chg_7_transient_unqualified,
dev_hotel_analytics,fct_pacing_all_windows,r_chg_90_complimentary,
dev_hotel_analytics,fct_pacing_all_windows,r_chg_90_group_association,
dev_hotel_analytics,fct_pacing_all_windows,r_chg_90_group_citywide,
dev_hotel_analytics,fct_pacing_all_windows,r_chg_90_group_corporate,
dev_hotel_analytics,fct_pacing_all_windows,r_chg_90_group_entertainment,
dev_hotel_analytics,fct_pacing_all_windows,r_chg_90_group_government,
dev_hotel_analytics,fct_pacing_all_windows,r_chg_90_group_smerf,
dev_hotel_analytics,fct_pacing_all_windows,r_chg_90_group_social,
dev_hotel_analytics,fct_pacing_all_windows,r_chg_90_group_tour,
dev_hotel_analytics,fct_pacing_all_windows,r_chg_90_group_wedding,
dev_hotel_analytics,fct_pacing_all_windows,r_chg_90_transient_consortia,
dev_hotel_analytics,fct_pacing_all_windows,r_chg_90_transient_government,
dev_hotel_analytics,fct_pacing_all_windows,r_chg_90_transient_negotiated,
dev_hotel_analytics,fct_pacing_all_windows,r_chg_90_transient_opaque,
dev_hotel_analytics,fct_pacing_all_windows,r_chg_90_transient_package,
dev_hotel_analytics,fct_pacing_all_windows,r_chg_90_transient_packages,
dev_hotel_analytics,fct_pacing_all_windows,r_chg_90_transient_promotion,
dev_hotel_analytics,fct_pacing_all_windows,r_chg_90_transient_qualified,
dev_hotel_analytics,fct_pacing_all_windows,r_chg_90_transient_retail,
dev_hotel_analytics,fct_pacing_all_windows,r_chg_90_transient_unqualified,
dev_hotel_analytics,fact_competitor_rates,rate,The numeric price (NULL if Sold Out)
dev_hotel_analytics,fact_competitor_rates,rateshop_date,The date the data was pulled/shopped
dev_hotel_analytics,fact_market_insights,rateshop_date,The date the data was pulled/shopped
dev_hotel_analytics,dim_property,rateshop_id,
dev_hotel_analytics,fact_competitor_rates,raw_rate_remark,
dev_hotel_g4a,p_ga4_DemographicDetails_281286275,region,"The geographic region from which the user activity originated, derived from their IP address."
dev_hotel_g4a,ga4_DemographicDetails_281286275,region,
dev_hotel_analytics,fact_competitor_rates,requested_ratetype,
dev_hotel_costar,MonthlyStar,rev,Room Revenue
dev_hotel_costar,DayStar,rev,Total room revenue
dev_hotel_analytics,vw_pace_segment_change_by_period,rev_budget,The budgeted revenue.
dev_hotel_analytics,snap_pace_segment,rev_budget,The budgeted revenue for the stay date.
dev_hotel_analytics,vw_pace_segment,rev_budget,
dev_hotel_analytics,vw_pace_segment_current,rev_budget,
dev_hotel_analytics,vw_pace_segment_monthly,rev_budget__complimentary,The budgeted revenue from complimentary rooms.
dev_hotel_analytics,vw_pace_segment_monthly,rev_budget__group_association,The budgeted revenue from group association rooms.
dev_hotel_analytics,vw_pace_segment_monthly,rev_budget__group_citywide,The budgeted revenue from group citywide rooms.
dev_hotel_analytics,vw_pace_segment_monthly,rev_budget__group_corporate,The budgeted revenue from group corporate rooms.
dev_hotel_analytics,vw_pace_segment_monthly,rev_budget__group_entertainment,The budgeted revenue from group entertainment rooms.
dev_hotel_analytics,vw_pace_segment_monthly,rev_budget__group_government,The budgeted revenue from group government rooms.
dev_hotel_analytics,vw_pace_segment_monthly,rev_budget__group_smerf,The budgeted revenue from group SMERF rooms.
dev_hotel_analytics,vw_pace_segment_monthly,rev_budget__group_social,The budgeted revenue from group social rooms.
dev_hotel_analytics,vw_pace_segment_monthly,rev_budget__group_tour,The budgeted revenue from group tour rooms.
dev_hotel_analytics,vw_pace_segment_monthly,rev_budget__group_wedding,The budgeted revenue from group wedding rooms.
dev_hotel_analytics,vw_pace_segment_monthly,rev_budget__transient_consortia,The budgeted revenue from transient consortia rooms.
dev_hotel_analytics,vw_pace_segment_monthly,rev_budget__transient_government,The budgeted revenue from transient government rooms.
dev_hotel_analytics,vw_pace_segment_monthly,rev_budget__transient_negotiated,The budgeted revenue from transient negotiated rooms.
dev_hotel_analytics,vw_pace_segment_monthly,rev_budget__transient_opaque,The budgeted revenue from transient opaque rooms.
dev_hotel_analytics,vw_pace_segment_monthly,rev_budget__transient_package,The budgeted revenue from transient package rooms.
dev_hotel_analytics,vw_pace_segment_monthly,rev_budget__transient_packages,The budgeted revenue from transient packages rooms.
dev_hotel_analytics,vw_pace_segment_monthly,rev_budget__transient_promotion,The budgeted revenue from transient promotion rooms.
dev_hotel_analytics,vw_pace_segment_monthly,rev_budget__transient_qualified,The budgeted revenue from transient qualified rooms.
dev_hotel_analytics,vw_pace_segment_monthly,rev_budget__transient_retail,The budgeted revenue from transient retail rooms.
dev_hotel_analytics,vw_pace_segment_monthly,rev_budget__transient_unqualified,The budgeted revenue from transient unqualified rooms.
dev_hotel_analytics,vw_pace_segment_monthly_current,rev_chg_14__complimentary,
dev_hotel_analytics,vw_pace_segment_monthly_current,rev_chg_14__group_association,
dev_hotel_analytics,vw_pace_segment_monthly_current,rev_chg_14__group_citywide,
dev_hotel_analytics,vw_pace_segment_monthly_current,rev_chg_14__group_corporate,
dev_hotel_analytics,vw_pace_segment_monthly_current,rev_chg_14__group_entertainment,
dev_hotel_analytics,vw_pace_segment_monthly_current,rev_chg_14__group_government,
dev_hotel_analytics,vw_pace_segment_monthly_current,rev_chg_14__group_smerf,
dev_hotel_analytics,vw_pace_segment_monthly_current,rev_chg_14__group_social,
dev_hotel_analytics,vw_pace_segment_monthly_current,rev_chg_14__group_tour,
dev_hotel_analytics,vw_pace_segment_monthly_current,rev_chg_14__group_wedding,
dev_hotel_analytics,vw_pace_segment_monthly_current,rev_chg_14__transient_consortia,
dev_hotel_analytics,vw_pace_segment_monthly_current,rev_chg_14__transient_government,
dev_hotel_analytics,vw_pace_segment_monthly_current,rev_chg_14__transient_negotiated,
dev_hotel_analytics,vw_pace_segment_monthly_current,rev_chg_14__transient_opaque,
dev_hotel_analytics,vw_pace_segment_monthly_current,rev_chg_14__transient_package,
dev_hotel_analytics,vw_pace_segment_monthly_current,rev_chg_14__transient_packages,
dev_hotel_analytics,vw_pace_segment_monthly_current,rev_chg_14__transient_promotion,
dev_hotel_analytics,vw_pace_segment_monthly_current,rev_chg_14__transient_qualified,
dev_hotel_analytics,vw_pace_segment_monthly_current,rev_chg_14__transient_retail,
dev_hotel_analytics,vw_pace_segment_monthly_current,rev_chg_14__transient_unqualified,
dev_hotel_analytics,vw_pace_segment_monthly_current,rev_chg_1__complimentary,
dev_hotel_analytics,vw_pace_segment_monthly_current,rev_chg_1__group_association,
dev_hotel_analytics,vw_pace_segment_monthly_current,rev_chg_1__group_citywide,
dev_hotel_analytics,vw_pace_segment_monthly_current,rev_chg_1__group_corporate,
dev_hotel_analytics,vw_pace_segment_monthly_current,rev_chg_1__group_entertainment,
dev_hotel_analytics,vw_pace_segment_monthly_current,rev_chg_1__group_government,
dev_hotel_analytics,vw_pace_segment_monthly_current,rev_chg_1__group_smerf,
dev_hotel_analytics,vw_pace_segment_monthly_current,rev_chg_1__group_social,
dev_hotel_analytics,vw_pace_segment_monthly_current,rev_chg_1__group_tour,
dev_hotel_analytics,vw_pace_segment_monthly_current,rev_chg_1__group_wedding,
dev_hotel_analytics,vw_pace_segment_monthly_current,rev_chg_1__transient_consortia,
dev_hotel_analytics,vw_pace_segment_monthly_current,rev_chg_1__transient_government,
dev_hotel_analytics,vw_pace_segment_monthly_current,rev_chg_1__transient_negotiated,
dev_hotel_analytics,vw_pace_segment_monthly_current,rev_chg_1__transient_opaque,
dev_hotel_analytics,vw_pace_segment_monthly_current,rev_chg_1__transient_package,
dev_hotel_analytics,vw_pace_segment_monthly_current,rev_chg_1__transient_packages,
dev_hotel_analytics,vw_pace_segment_monthly_current,rev_chg_1__transient_promotion,
dev_hotel_analytics,vw_pace_segment_monthly_current,rev_chg_1__transient_qualified,
dev_hotel_analytics,vw_pace_segment_monthly_current,rev_chg_1__transient_retail,
dev_hotel_analytics,vw_pace_segment_monthly_current,rev_chg_1__transient_unqualified,
dev_hotel_analytics,vw_pace_segment_monthly_current,rev_chg_21__complimentary,
dev_hotel_analytics,vw_pace_segment_monthly_current,rev_chg_21__group_association,
dev_hotel_analytics,vw_pace_segment_monthly_current,rev_chg_21__group_citywide,
dev_hotel_analytics,vw_pace_segment_monthly_current,rev_chg_21__group_corporate,
dev_hotel_analytics,vw_pace_segment_monthly_current,rev_chg_21__group_entertainment,
dev_hotel_analytics,vw_pace_segment_monthly_current,rev_chg_21__group_government,
dev_hotel_analytics,vw_pace_segment_monthly_current,rev_chg_21__group_smerf,
dev_hotel_analytics,vw_pace_segment_monthly_current,rev_chg_21__group_social,
dev_hotel_analytics,vw_pace_segment_monthly_current,rev_chg_21__group_tour,
dev_hotel_analytics,vw_pace_segment_monthly_current,rev_chg_21__group_wedding,
dev_hotel_analytics,vw_pace_segment_monthly_current,rev_chg_21__transient_consortia,
dev_hotel_analytics,vw_pace_segment_monthly_current,rev_chg_21__transient_government,
dev_hotel_analytics,vw_pace_segment_monthly_current,rev_chg_21__transient_negotiated,
dev_hotel_analytics,vw_pace_segment_monthly_current,rev_chg_21__transient_opaque,
dev_hotel_analytics,vw_pace_segment_monthly_current,rev_chg_21__transient_package,
dev_hotel_analytics,vw_pace_segment_monthly_current,rev_chg_21__transient_packages,
dev_hotel_analytics,vw_pace_segment_monthly_current,rev_chg_21__transient_promotion,
dev_hotel_analytics,vw_pace_segment_monthly_current,rev_chg_21__transient_qualified,
dev_hotel_analytics,vw_pace_segment_monthly_current,rev_chg_21__transient_retail,
dev_hotel_analytics,vw_pace_segment_monthly_current,rev_chg_21__transient_unqualified,
dev_hotel_analytics,vw_pace_segment_monthly_current,rev_chg_30__complimentary,
dev_hotel_analytics,vw_pace_segment_monthly_current,rev_chg_30__group_association,
dev_hotel_analytics,vw_pace_segment_monthly_current,rev_chg_30__group_citywide,
dev_hotel_analytics,vw_pace_segment_monthly_current,rev_chg_30__group_corporate,
dev_hotel_analytics,vw_pace_segment_monthly_current,rev_chg_30__group_entertainment,
dev_hotel_analytics,vw_pace_segment_monthly_current,rev_chg_30__group_government,
dev_hotel_analytics,vw_pace_segment_monthly_current,rev_chg_30__group_smerf,
dev_hotel_analytics,vw_pace_segment_monthly_current,rev_chg_30__group_social,
dev_hotel_analytics,vw_pace_segment_monthly_current,rev_chg_30__group_tour,
dev_hotel_analytics,vw_pace_segment_monthly_current,rev_chg_30__group_wedding,
dev_hotel_analytics,vw_pace_segment_monthly_current,rev_chg_30__transient_consortia,
dev_hotel_analytics,vw_pace_segment_monthly_current,rev_chg_30__transient_government,
dev_hotel_analytics,vw_pace_segment_monthly_current,rev_chg_30__transient_negotiated,
dev_hotel_analytics,vw_pace_segment_monthly_current,rev_chg_30__transient_opaque,
dev_hotel_analytics,vw_pace_segment_monthly_current,rev_chg_30__transient_package,
dev_hotel_analytics,vw_pace_segment_monthly_current,rev_chg_30__transient_packages,
dev_hotel_analytics,vw_pace_segment_monthly_current,rev_chg_30__transient_promotion,
dev_hotel_analytics,vw_pace_segment_monthly_current,rev_chg_30__transient_qualified,
dev_hotel_analytics,vw_pace_segment_monthly_current,rev_chg_30__transient_retail,
dev_hotel_analytics,vw_pace_segment_monthly_current,rev_chg_30__transient_unqualified,
dev_hotel_analytics,vw_pace_segment_monthly_current,rev_chg_3__complimentary,
dev_hotel_analytics,vw_pace_segment_monthly_current,rev_chg_3__group_association,
dev_hotel_analytics,vw_pace_segment_monthly_current,rev_chg_3__group_citywide,
dev_hotel_analytics,vw_pace_segment_monthly_current,rev_chg_3__group_corporate,
dev_hotel_analytics,vw_pace_segment_monthly_current,rev_chg_3__group_entertainment,
dev_hotel_analytics,vw_pace_segment_monthly_current,rev_chg_3__group_government,
dev_hotel_analytics,vw_pace_segment_monthly_current,rev_chg_3__group_smerf,
dev_hotel_analytics,vw_pace_segment_monthly_current,rev_chg_3__group_social,
dev_hotel_analytics,vw_pace_segment_monthly_current,rev_chg_3__group_tour,
dev_hotel_analytics,vw_pace_segment_monthly_current,rev_chg_3__group_wedding,
dev_hotel_analytics,vw_pace_segment_monthly_current,rev_chg_3__transient_consortia,
dev_hotel_analytics,vw_pace_segment_monthly_current,rev_chg_3__transient_government,
dev_hotel_analytics,vw_pace_segment_monthly_current,rev_chg_3__transient_negotiated,
dev_hotel_analytics,vw_pace_segment_monthly_current,rev_chg_3__transient_opaque,
dev_hotel_analytics,vw_pace_segment_monthly_current,rev_chg_3__transient_package,
dev_hotel_analytics,vw_pace_segment_monthly_current,rev_chg_3__transient_packages,
dev_hotel_analytics,vw_pace_segment_monthly_current,rev_chg_3__transient_promotion,
dev_hotel_analytics,vw_pace_segment_monthly_current,rev_chg_3__transient_qualified,
dev_hotel_analytics,vw_pace_segment_monthly_current,rev_chg_3__transient_retail,
dev_hotel_analytics,vw_pace_segment_monthly_current,rev_chg_3__transient_unqualified,
dev_hotel_analytics,vw_pace_segment_monthly_current,rev_chg_60__complimentary,
dev_hotel_analytics,vw_pace_segment_monthly_current,rev_chg_60__group_association,
dev_hotel_analytics,vw_pace_segment_monthly_current,rev_chg_60__group_citywide,
dev_hotel_analytics,vw_pace_segment_monthly_current,rev_chg_60__group_corporate,
dev_hotel_analytics,vw_pace_segment_monthly_current,rev_chg_60__group_entertainment,
dev_hotel_analytics,vw_pace_segment_monthly_current,rev_chg_60__group_government,
dev_hotel_analytics,vw_pace_segment_monthly_current,rev_chg_60__group_smerf,
dev_hotel_analytics,vw_pace_segment_monthly_current,rev_chg_60__group_social,
dev_hotel_analytics,vw_pace_segment_monthly_current,rev_chg_60__group_tour,
dev_hotel_analytics,vw_pace_segment_monthly_current,rev_chg_60__group_wedding,
dev_hotel_analytics,vw_pace_segment_monthly_current,rev_chg_60__transient_consortia,
dev_hotel_analytics,vw_pace_segment_monthly_current,rev_chg_60__transient_government,
dev_hotel_analytics,vw_pace_segment_monthly_current,rev_chg_60__transient_negotiated,
dev_hotel_analytics,vw_pace_segment_monthly_current,rev_chg_60__transient_opaque,
dev_hotel_analytics,vw_pace_segment_monthly_current,rev_chg_60__transient_package,
dev_hotel_analytics,vw_pace_segment_monthly_current,rev_chg_60__transient_packages,
dev_hotel_analytics,vw_pace_segment_monthly_current,rev_chg_60__transient_promotion,
dev_hotel_analytics,vw_pace_segment_monthly_current,rev_chg_60__transient_qualified,
dev_hotel_analytics,vw_pace_segment_monthly_current,rev_chg_60__transient_retail,
dev_hotel_analytics,vw_pace_segment_monthly_current,rev_chg_60__transient_unqualified,
dev_hotel_analytics,vw_pace_segment_monthly_current,rev_chg_7__complimentary,
dev_hotel_analytics,vw_pace_segment_monthly_current,rev_chg_7__group_association,
dev_hotel_analytics,vw_pace_segment_monthly_current,rev_chg_7__group_citywide,
dev_hotel_analytics,vw_pace_segment_monthly_current,rev_chg_7__group_corporate,
dev_hotel_analytics,vw_pace_segment_monthly_current,rev_chg_7__group_entertainment,
dev_hotel_analytics,vw_pace_segment_monthly_current,rev_chg_7__group_government,
dev_hotel_analytics,vw_pace_segment_monthly_current,rev_chg_7__group_smerf,
dev_hotel_analytics,vw_pace_segment_monthly_current,rev_chg_7__group_social,
dev_hotel_analytics,vw_pace_segment_monthly_current,rev_chg_7__group_tour,
dev_hotel_analytics,vw_pace_segment_monthly_current,rev_chg_7__group_wedding,
dev_hotel_analytics,vw_pace_segment_monthly_current,rev_chg_7__transient_consortia,
dev_hotel_analytics,vw_pace_segment_monthly_current,rev_chg_7__transient_government,
dev_hotel_analytics,vw_pace_segment_monthly_current,rev_chg_7__transient_negotiated,
dev_hotel_analytics,vw_pace_segment_monthly_current,rev_chg_7__transient_opaque,
dev_hotel_analytics,vw_pace_segment_monthly_current,rev_chg_7__transient_package,
dev_hotel_analytics,vw_pace_segment_monthly_current,rev_chg_7__transient_packages,
dev_hotel_analytics,vw_pace_segment_monthly_current,rev_chg_7__transient_promotion,
dev_hotel_analytics,vw_pace_segment_monthly_current,rev_chg_7__transient_qualified,
dev_hotel_analytics,vw_pace_segment_monthly_current,rev_chg_7__transient_retail,
dev_hotel_analytics,vw_pace_segment_monthly_current,rev_chg_7__transient_unqualified,
dev_hotel_analytics,vw_pace_segment_monthly_current,rev_chg_90__complimentary,
dev_hotel_analytics,vw_pace_segment_monthly_current,rev_chg_90__group_association,
dev_hotel_analytics,vw_pace_segment_monthly_current,rev_chg_90__group_citywide,
dev_hotel_analytics,vw_pace_segment_monthly_current,rev_chg_90__group_corporate,
dev_hotel_analytics,vw_pace_segment_monthly_current,rev_chg_90__group_entertainment,
dev_hotel_analytics,vw_pace_segment_monthly_current,rev_chg_90__group_government,
dev_hotel_analytics,vw_pace_segment_monthly_current,rev_chg_90__group_smerf,
dev_hotel_analytics,vw_pace_segment_monthly_current,rev_chg_90__group_social,
dev_hotel_analytics,vw_pace_segment_monthly_current,rev_chg_90__group_tour,
dev_hotel_analytics,vw_pace_segment_monthly_current,rev_chg_90__group_wedding,
dev_hotel_analytics,vw_pace_segment_monthly_current,rev_chg_90__transient_consortia,
dev_hotel_analytics,vw_pace_segment_monthly_current,rev_chg_90__transient_government,
dev_hotel_analytics,vw_pace_segment_monthly_current,rev_chg_90__transient_negotiated,
dev_hotel_analytics,vw_pace_segment_monthly_current,rev_chg_90__transient_opaque,
dev_hotel_analytics,vw_pace_segment_monthly_current,rev_chg_90__transient_package,
dev_hotel_analytics,vw_pace_segment_monthly_current,rev_chg_90__transient_packages,
dev_hotel_analytics,vw_pace_segment_monthly_current,rev_chg_90__transient_promotion,
dev_hotel_analytics,vw_pace_segment_monthly_current,rev_chg_90__transient_qualified,
dev_hotel_analytics,vw_pace_segment_monthly_current,rev_chg_90__transient_retail,
dev_hotel_analytics,vw_pace_segment_monthly_current,rev_chg_90__transient_unqualified,
dev_hotel_analytics,vw_pace_segment_change_by_period,rev_forecast,The projected revenue expected.
dev_hotel_analytics,snap_pace_segment,rev_forecast,The overall revenue forecast for the stay date.
dev_hotel_analytics,vw_pace_roomtype,rev_forecast,The forecasted revenue expected to be generated.
dev_hotel_analytics,snap_pace_roomtype,rev_forecast,The forecasted revenue expected.
dev_hotel_analytics,vw_pace_roomtype_current,rev_forecast,
dev_hotel_analytics,vw_pace_segment,rev_forecast,
dev_hotel_analytics,vw_pace_segment_current,rev_forecast,
dev_hotel_analytics,vw_pace_segment_monthly,rev_forecast__complimentary,The forecast for revenue from complimentary rooms.
dev_hotel_analytics,vw_pace_segment_monthly,rev_forecast__group_association,The forecast for revenue from group association rooms.
dev_hotel_analytics,vw_pace_segment_monthly,rev_forecast__group_citywide,The forecast for revenue from group citywide rooms.
dev_hotel_analytics,vw_pace_segment_monthly,rev_forecast__group_corporate,The forecast for revenue from group corporate rooms.
dev_hotel_analytics,vw_pace_segment_monthly,rev_forecast__group_entertainment,The forecast for revenue from group entertainment rooms.
dev_hotel_analytics,vw_pace_segment_monthly,rev_forecast__group_government,The forecast for revenue from group government rooms.
dev_hotel_analytics,vw_pace_segment_monthly,rev_forecast__group_smerf,The forecast for revenue from group SMERF rooms.
dev_hotel_analytics,vw_pace_segment_monthly,rev_forecast__group_social,The forecast for revenue from group social rooms.
dev_hotel_analytics,vw_pace_segment_monthly,rev_forecast__group_tour,The forecast for revenue from group tour rooms.
dev_hotel_analytics,vw_pace_segment_monthly,rev_forecast__group_wedding,The forecast for revenue from group wedding rooms.
dev_hotel_analytics,vw_pace_segment_monthly,rev_forecast__transient_consortia,The forecast for revenue from transient consortia rooms.
dev_hotel_analytics,vw_pace_segment_monthly,rev_forecast__transient_government,The forecast for revenue from transient government rooms.
dev_hotel_analytics,vw_pace_segment_monthly,rev_forecast__transient_negotiated,The forecast for revenue from transient negotiated rooms.
dev_hotel_analytics,vw_pace_segment_monthly,rev_forecast__transient_opaque,The forecast for revenue from transient opaque rooms.
dev_hotel_analytics,vw_pace_segment_monthly,rev_forecast__transient_package,The forecast for revenue from transient package rooms.
dev_hotel_analytics,vw_pace_segment_monthly,rev_forecast__transient_packages,The forecast for revenue from transient packages rooms.
dev_hotel_analytics,vw_pace_segment_monthly,rev_forecast__transient_promotion,The forecast for revenue from transient promotion rooms.
dev_hotel_analytics,vw_pace_segment_monthly,rev_forecast__transient_qualified,The forecast for revenue from transient qualified rooms.
dev_hotel_analytics,vw_pace_segment_monthly,rev_forecast__transient_retail,The forecast for revenue from transient retail rooms.
dev_hotel_analytics,vw_pace_segment_monthly,rev_forecast__transient_unqualified,The forecast for revenue from transient unqualified rooms.
dev_hotel_analytics,vw_pace_segment_change_by_period,rev_forecast_change_120_day,The change in forecasted revenue over 120 days.
dev_hotel_analytics,vw_pace_segment_change_by_period,rev_forecast_change_14_day,The change in forecasted revenue over 14 days.
dev_hotel_analytics,vw_pace_segment_change_by_period,rev_forecast_change_1_day,The change in forecasted revenue over 1 day.
dev_hotel_analytics,vw_pace_segment_change_by_period,rev_forecast_change_21_day,The change in forecasted revenue over 21 days.
dev_hotel_analytics,vw_pace_segment_change_by_period,rev_forecast_change_30_day,The change in forecasted revenue over 30 days.
dev_hotel_analytics,vw_pace_segment_change_by_period,rev_forecast_change_3_day,The change in forecasted revenue over 3 days.
dev_hotel_analytics,vw_pace_segment_change_by_period,rev_forecast_change_60_day,The change in forecasted revenue over 60 days.
dev_hotel_analytics,vw_pace_segment_change_by_period,rev_forecast_change_7_day,The change in forecasted revenue over 7 days.
dev_hotel_analytics,vw_pace_segment_change_by_period,rev_forecast_change_90_day,The change in forecasted revenue over 90 days.
dev_hotel_analytics,vw_pace_segment_change_by_period,rev_ly_actual,The actual revenue for the same period last year.
dev_hotel_analytics,snap_pace_segment,rev_ly_actual,The actual revenue generated for the stay date in the previous year.
dev_hotel_analytics,vw_pace_roomtype,rev_ly_actual,The actual revenue generated for the same stay date last year.
dev_hotel_analytics,snap_pace_roomtype,rev_ly_actual,The actual revenue booked for the same stay date last year.
dev_hotel_analytics,vw_pace_roomtype_current,rev_ly_actual,
dev_hotel_analytics,vw_pace_segment,rev_ly_actual,
dev_hotel_analytics,vw_pace_segment_current,rev_ly_actual,
dev_hotel_analytics,vw_pace_segment_monthly,rev_ly_actual__complimentary,The actual revenue from complimentary rooms from last year.
dev_hotel_analytics,vw_pace_segment_monthly,rev_ly_actual__group_association,The actual revenue from group association rooms from last year.
dev_hotel_analytics,vw_pace_segment_monthly,rev_ly_actual__group_citywide,The actual revenue from group citywide rooms from last year.
dev_hotel_analytics,vw_pace_segment_monthly,rev_ly_actual__group_corporate,The actual revenue from group corporate rooms from last year.
dev_hotel_analytics,vw_pace_segment_monthly,rev_ly_actual__group_entertainment,The actual revenue from group entertainment rooms from last year.
dev_hotel_analytics,vw_pace_segment_monthly,rev_ly_actual__group_government,The actual revenue from group government rooms from last year.
dev_hotel_analytics,vw_pace_segment_monthly,rev_ly_actual__group_smerf,The actual revenue from group SMERF rooms from last year.
dev_hotel_analytics,vw_pace_segment_monthly,rev_ly_actual__group_social,The actual revenue from group social rooms from last year.
dev_hotel_analytics,vw_pace_segment_monthly,rev_ly_actual__group_tour,The actual revenue from group tour rooms from last year.
dev_hotel_analytics,vw_pace_segment_monthly,rev_ly_actual__group_wedding,The actual revenue from group wedding rooms from last year.
dev_hotel_analytics,vw_pace_segment_monthly,rev_ly_actual__transient_consortia,The actual revenue from transient consortia rooms from last year.
dev_hotel_analytics,vw_pace_segment_monthly,rev_ly_actual__transient_government,The actual revenue from transient government rooms from last year.
dev_hotel_analytics,vw_pace_segment_monthly,rev_ly_actual__transient_negotiated,The actual revenue from transient negotiated rooms from last year.
dev_hotel_analytics,vw_pace_segment_monthly,rev_ly_actual__transient_opaque,The actual revenue from transient opaque rooms from last year.
dev_hotel_analytics,vw_pace_segment_monthly,rev_ly_actual__transient_package,The actual revenue from transient package rooms from last year.
dev_hotel_analytics,vw_pace_segment_monthly,rev_ly_actual__transient_packages,The actual revenue from transient packages rooms from last year.
dev_hotel_analytics,vw_pace_segment_monthly,rev_ly_actual__transient_promotion,The actual revenue from transient promotion rooms from last year.
dev_hotel_analytics,vw_pace_segment_monthly,rev_ly_actual__transient_qualified,The actual revenue from transient qualified rooms from last year.
dev_hotel_analytics,vw_pace_segment_monthly,rev_ly_actual__transient_retail,The actual revenue from transient retail rooms from last year.
dev_hotel_analytics,vw_pace_segment_monthly,rev_ly_actual__transient_unqualified,The actual revenue from transient unqualified rooms from last year.
dev_hotel_analytics,vw_pace_segment_change_by_period,rev_ly_actual_change_120_day,The change in actual revenue last year over 120 days.
dev_hotel_analytics,vw_pace_segment_change_by_period,rev_ly_actual_change_14_day,The change in actual revenue last year over 14 days.
dev_hotel_analytics,vw_pace_segment_change_by_period,rev_ly_actual_change_1_day,The change in actual revenue last year over 1 day.
dev_hotel_analytics,vw_pace_segment_change_by_period,rev_ly_actual_change_21_day,The change in actual revenue last year over 21 days.
dev_hotel_analytics,vw_pace_segment_change_by_period,rev_ly_actual_change_30_day,The change in actual revenue last year over 30 days.
dev_hotel_analytics,vw_pace_segment_change_by_period,rev_ly_actual_change_3_day,The change in actual revenue last year over 3 days.
dev_hotel_analytics,vw_pace_segment_change_by_period,rev_ly_actual_change_60_day,The change in actual revenue last year over 60 days.
dev_hotel_analytics,vw_pace_segment_change_by_period,rev_ly_actual_change_7_day,The change in actual revenue last year over 7 days.
dev_hotel_analytics,vw_pace_segment_change_by_period,rev_ly_actual_change_90_day,The change in actual revenue last year over 90 days.
dev_hotel_analytics,vw_pace_segment_change_by_period,rev_otb,"The revenue ""on the books"" or currently booked."
dev_hotel_analytics,snap_pace_segment,rev_otb,The revenue on the books for the stay date.
dev_hotel_analytics,vw_pace_roomtype,rev_otb,The revenue on the books (booked revenue) for the stay date.
dev_hotel_analytics,snap_pace_roomtype,rev_otb,The revenue On The Books (booked) for the stay date.
dev_hotel_analytics,vw_pace_roomtype_current,rev_otb,
dev_hotel_analytics,stg_pace_segment,rev_otb,
dev_hotel_analytics,vw_pace_segment,rev_otb,
dev_hotel_analytics,vw_pace_segment_current,rev_otb,
dev_hotel_analytics,vw_ml_feature_90d,rev_otb,Current revenue booked for this stay date and segment.
dev_hotel_analytics,vw_pace_roomtype_change_by_period_current,rev_otb__commissioner_suite,The revenue from Commissioner Suite rooms on the books for the current period.
dev_hotel_analytics,vw_pace_segment_monthly_current,rev_otb__complimentary,
dev_hotel_analytics,vw_pace_segment_change_by_period_current,rev_otb__complimentary,
dev_hotel_analytics,vw_pace_segment_monthly,rev_otb__complimentary,The revenue from complimentary rooms On The Books for the current period.
dev_hotel_analytics,vw_pace_segment_change_by_period_monthly_current,rev_otb__complimentary,
dev_hotel_analytics,vw_pace_roomtype_change_by_period_current,rev_otb__deluxe_king,The revenue from Deluxe King rooms on the books for the current period.
dev_hotel_analytics,vw_pace_roomtype_change_by_period_current,rev_otb__foundation_king,The revenue from Foundation King rooms on the books for the current period.
dev_hotel_analytics,vw_pace_roomtype_change_by_period_current,rev_otb__foundation_king_ada,The revenue from ADA-compliant Foundation King rooms on the books for the current period.
dev_hotel_analytics,vw_pace_roomtype_change_by_period_current,rev_otb__foundation_two_queen,The revenue from Foundation Two Queen rooms on the books for the current period.
dev_hotel_analytics,vw_pace_segment_monthly_current,rev_otb__group_association,
dev_hotel_analytics,vw_pace_segment_change_by_period_current,rev_otb__group_association,
dev_hotel_analytics,vw_pace_segment_monthly,rev_otb__group_association,The revenue from group association rooms On The Books for the current period.
dev_hotel_analytics,vw_pace_segment_change_by_period_monthly_current,rev_otb__group_association,
dev_hotel_analytics,vw_pace_segment_monthly_current,rev_otb__group_citywide,
dev_hotel_analytics,vw_pace_segment_change_by_period_current,rev_otb__group_citywide,
dev_hotel_analytics,vw_pace_segment_monthly,rev_otb__group_citywide,The revenue from group citywide rooms On The Books for the current period.
dev_hotel_analytics,vw_pace_segment_change_by_period_monthly_current,rev_otb__group_citywide,
dev_hotel_analytics,vw_pace_segment_monthly_current,rev_otb__group_corporate,
dev_hotel_analytics,vw_pace_segment_change_by_period_current,rev_otb__group_corporate,
dev_hotel_analytics,vw_pace_segment_monthly,rev_otb__group_corporate,The revenue from group corporate rooms On The Books for the current period.
dev_hotel_analytics,vw_pace_segment_change_by_period_monthly_current,rev_otb__group_corporate,
dev_hotel_analytics,vw_pace_segment_monthly_current,rev_otb__group_entertainment,
dev_hotel_analytics,vw_pace_segment_change_by_period_current,rev_otb__group_entertainment,
dev_hotel_analytics,vw_pace_segment_monthly,rev_otb__group_entertainment,The revenue from group entertainment rooms On The Books for the current period.
dev_hotel_analytics,vw_pace_segment_change_by_period_monthly_current,rev_otb__group_entertainment,
dev_hotel_analytics,vw_pace_segment_monthly_current,rev_otb__group_government,
dev_hotel_analytics,vw_pace_segment_change_by_period_current,rev_otb__group_government,
dev_hotel_analytics,vw_pace_segment_monthly,rev_otb__group_government,The revenue from group government rooms On The Books for the current period.
dev_hotel_analytics,vw_pace_segment_change_by_period_monthly_current,rev_otb__group_government,
dev_hotel_analytics,vw_pace_segment_monthly_current,rev_otb__group_smerf,
dev_hotel_analytics,vw_pace_segment_change_by_period_current,rev_otb__group_smerf,
dev_hotel_analytics,vw_pace_segment_monthly,rev_otb__group_smerf,The revenue from group SMERF rooms On The Books for the current period.
dev_hotel_analytics,vw_pace_segment_change_by_period_monthly_current,rev_otb__group_smerf,
dev_hotel_analytics,vw_pace_segment_monthly_current,rev_otb__group_social,
dev_hotel_analytics,vw_pace_segment_change_by_period_current,rev_otb__group_social,
dev_hotel_analytics,vw_pace_segment_monthly,rev_otb__group_social,The revenue from group social rooms On The Books for the current period.
dev_hotel_analytics,vw_pace_segment_change_by_period_monthly_current,rev_otb__group_social,
dev_hotel_analytics,vw_pace_segment_monthly_current,rev_otb__group_tour,
dev_hotel_analytics,vw_pace_segment_change_by_period_current,rev_otb__group_tour,
dev_hotel_analytics,vw_pace_segment_monthly,rev_otb__group_tour,The revenue from group tour rooms On The Books for the current period.
dev_hotel_analytics,vw_pace_segment_change_by_period_monthly_current,rev_otb__group_tour,
dev_hotel_analytics,vw_pace_segment_monthly_current,rev_otb__group_wedding,
dev_hotel_analytics,vw_pace_segment_change_by_period_current,rev_otb__group_wedding,
dev_hotel_analytics,vw_pace_segment_monthly,rev_otb__group_wedding,The revenue from group wedding rooms On The Books for the current period.
dev_hotel_analytics,vw_pace_segment_change_by_period_monthly_current,rev_otb__group_wedding,
dev_hotel_analytics,vw_pace_roomtype_change_by_period_current,rev_otb__junior_suite,The revenue from Junior Suite rooms on the books for the current period.
dev_hotel_analytics,vw_pace_roomtype_change_by_period_current,rev_otb__king_guestroom,The revenue from King Guestroom rooms on the books for the current period.
dev_hotel_analytics,vw_pace_roomtype_change_by_period_current,rev_otb__secretary_suite,The revenue from Secretary Suite rooms on the books for the current period.
dev_hotel_analytics,vw_pace_segment_monthly_current,rev_otb__transient_consortia,
dev_hotel_analytics,vw_pace_segment_change_by_period_current,rev_otb__transient_consortia,
dev_hotel_analytics,vw_pace_segment_monthly,rev_otb__transient_consortia,The revenue from transient consortia rooms On The Books for the current period.
dev_hotel_analytics,vw_pace_segment_change_by_period_monthly_current,rev_otb__transient_consortia,
dev_hotel_analytics,vw_pace_segment_monthly_current,rev_otb__transient_government,
dev_hotel_analytics,vw_pace_segment_change_by_period_current,rev_otb__transient_government,
dev_hotel_analytics,vw_pace_segment_monthly,rev_otb__transient_government,The revenue from transient government rooms On The Books for the current period.
dev_hotel_analytics,vw_pace_segment_change_by_period_monthly_current,rev_otb__transient_government,
dev_hotel_analytics,vw_pace_segment_monthly_current,rev_otb__transient_negotiated,
dev_hotel_analytics,vw_pace_segment_change_by_period_current,rev_otb__transient_negotiated,
dev_hotel_analytics,vw_pace_segment_monthly,rev_otb__transient_negotiated,The revenue from transient negotiated rooms On The Books for the current period.
dev_hotel_analytics,vw_pace_segment_change_by_period_monthly_current,rev_otb__transient_negotiated,
dev_hotel_analytics,vw_pace_segment_monthly_current,rev_otb__transient_opaque,
dev_hotel_analytics,vw_pace_segment_change_by_period_current,rev_otb__transient_opaque,
dev_hotel_analytics,vw_pace_segment_monthly,rev_otb__transient_opaque,The revenue from transient opaque rooms On The Books for the current period.
dev_hotel_analytics,vw_pace_segment_change_by_period_monthly_current,rev_otb__transient_opaque,
dev_hotel_analytics,vw_pace_segment_monthly_current,rev_otb__transient_package,
dev_hotel_analytics,vw_pace_segment_change_by_period_current,rev_otb__transient_package,
dev_hotel_analytics,vw_pace_segment_monthly,rev_otb__transient_package,The revenue from transient package rooms On The Books for the current period.
dev_hotel_analytics,vw_pace_segment_change_by_period_monthly_current,rev_otb__transient_package,
dev_hotel_analytics,vw_pace_segment_monthly_current,rev_otb__transient_packages,
dev_hotel_analytics,vw_pace_segment_change_by_period_current,rev_otb__transient_packages,
dev_hotel_analytics,vw_pace_segment_monthly,rev_otb__transient_packages,The revenue from transient packages rooms On The Books for the current period.
dev_hotel_analytics,vw_pace_segment_change_by_period_monthly_current,rev_otb__transient_packages,
dev_hotel_analytics,vw_pace_segment_monthly_current,rev_otb__transient_promotion,
dev_hotel_analytics,vw_pace_segment_change_by_period_current,rev_otb__transient_promotion,
dev_hotel_analytics,vw_pace_segment_monthly,rev_otb__transient_promotion,The revenue from transient promotion rooms On The Books for the current period.
dev_hotel_analytics,vw_pace_segment_change_by_period_monthly_current,rev_otb__transient_promotion,
dev_hotel_analytics,vw_pace_segment_monthly_current,rev_otb__transient_qualified,
dev_hotel_analytics,vw_pace_segment_change_by_period_current,rev_otb__transient_qualified,
dev_hotel_analytics,vw_pace_segment_monthly,rev_otb__transient_qualified,The revenue from transient qualified rooms On The Books for the current period.
dev_hotel_analytics,vw_pace_segment_change_by_period_monthly_current,rev_otb__transient_qualified,
dev_hotel_analytics,vw_pace_segment_monthly_current,rev_otb__transient_retail,
dev_hotel_analytics,vw_pace_segment_change_by_period_current,rev_otb__transient_retail,
dev_hotel_analytics,vw_pace_segment_monthly,rev_otb__transient_retail,The revenue from transient retail rooms On The Books for the current period.
dev_hotel_analytics,vw_pace_segment_change_by_period_monthly_current,rev_otb__transient_retail,
dev_hotel_analytics,vw_pace_segment_monthly_current,rev_otb__transient_unqualified,
dev_hotel_analytics,vw_pace_segment_change_by_period_current,rev_otb__transient_unqualified,
dev_hotel_analytics,vw_pace_segment_monthly,rev_otb__transient_unqualified,The revenue from transient unqualified rooms On The Books for the current period.
dev_hotel_analytics,vw_pace_segment_change_by_period_monthly_current,rev_otb__transient_unqualified,
dev_hotel_analytics,vw_pace_roomtype_change_by_period_current,rev_otb__two_queen_guestroom,The revenue from Two Queen Guestroom rooms on the books for the current period.
dev_hotel_analytics,vw_pace_roomtype_change_by_period_current,rev_otb__two_queen_guestroom_ada,The revenue from ADA-compliant Two Queen Guestroom rooms on the books for the current period.
dev_hotel_analytics,vw_pace_segment_change_by_period,rev_otb_change_120_day,The change in revenue on the books over 120 days.
dev_hotel_analytics,vw_pace_segment_change_by_period,rev_otb_change_14_day,The change in revenue on the books over 14 days.
dev_hotel_analytics,vw_pace_segment_change_by_period,rev_otb_change_1_day,The change in revenue on the books over 1 day.
dev_hotel_analytics,vw_pace_segment_change_by_period,rev_otb_change_21_day,The change in revenue on the books over 21 days.
dev_hotel_analytics,vw_pace_segment_change_by_period,rev_otb_change_30_day,The change in revenue on the books over 30 days.
dev_hotel_analytics,vw_pace_segment_change_by_period,rev_otb_change_3_day,The change in revenue on the books over 3 days.
dev_hotel_analytics,vw_pace_segment_change_by_period,rev_otb_change_60_day,The change in revenue on the books over 60 days.
dev_hotel_analytics,vw_pace_segment_change_by_period,rev_otb_change_7_day,The change in revenue on the books over 7 days.
dev_hotel_analytics,vw_pace_segment_change_by_period,rev_otb_change_90_day,The change in revenue on the books over 90 days.
dev_hotel_analytics,vw_pace_roomtype_change_by_period_current,rev_otb_chg_001_day__commissioner_suite,
dev_hotel_analytics,vw_pace_segment_change_by_period_current,rev_otb_chg_001_day__complimentary,
dev_hotel_analytics,vw_pace_segment_change_by_period_monthly_current,rev_otb_chg_001_day__complimentary,
dev_hotel_analytics,vw_pace_roomtype_change_by_period_current,rev_otb_chg_001_day__deluxe_king,
dev_hotel_analytics,vw_pace_roomtype_change_by_period_current,rev_otb_chg_001_day__foundation_king,
dev_hotel_analytics,vw_pace_roomtype_change_by_period_current,rev_otb_chg_001_day__foundation_king_ada,
dev_hotel_analytics,vw_pace_roomtype_change_by_period_current,rev_otb_chg_001_day__foundation_two_queen,
dev_hotel_analytics,vw_pace_segment_change_by_period_current,rev_otb_chg_001_day__group_association,
dev_hotel_analytics,vw_pace_segment_change_by_period_monthly_current,rev_otb_chg_001_day__group_association,
dev_hotel_analytics,vw_pace_segment_change_by_period_current,rev_otb_chg_001_day__group_citywide,
dev_hotel_analytics,vw_pace_segment_change_by_period_monthly_current,rev_otb_chg_001_day__group_citywide,
dev_hotel_analytics,vw_pace_segment_change_by_period_current,rev_otb_chg_001_day__group_corporate,
dev_hotel_analytics,vw_pace_segment_change_by_period_monthly_current,rev_otb_chg_001_day__group_corporate,
dev_hotel_analytics,vw_pace_segment_change_by_period_current,rev_otb_chg_001_day__group_entertainment,
dev_hotel_analytics,vw_pace_segment_change_by_period_monthly_current,rev_otb_chg_001_day__group_entertainment,
dev_hotel_analytics,vw_pace_segment_change_by_period_current,rev_otb_chg_001_day__group_government,
dev_hotel_analytics,vw_pace_segment_change_by_period_monthly_current,rev_otb_chg_001_day__group_government,
dev_hotel_analytics,vw_pace_segment_change_by_period_current,rev_otb_chg_001_day__group_smerf,
dev_hotel_analytics,vw_pace_segment_change_by_period_monthly_current,rev_otb_chg_001_day__group_smerf,
dev_hotel_analytics,vw_pace_segment_change_by_period_current,rev_otb_chg_001_day__group_social,
dev_hotel_analytics,vw_pace_segment_change_by_period_monthly_current,rev_otb_chg_001_day__group_social,
dev_hotel_analytics,vw_pace_segment_change_by_period_current,rev_otb_chg_001_day__group_tour,
dev_hotel_analytics,vw_pace_segment_change_by_period_monthly_current,rev_otb_chg_001_day__group_tour,
dev_hotel_analytics,vw_pace_segment_change_by_period_current,rev_otb_chg_001_day__group_wedding,
dev_hotel_analytics,vw_pace_segment_change_by_period_monthly_current,rev_otb_chg_001_day__group_wedding,
dev_hotel_analytics,vw_pace_roomtype_change_by_period_current,rev_otb_chg_001_day__junior_suite,
dev_hotel_analytics,vw_pace_roomtype_change_by_period_current,rev_otb_chg_001_day__king_guestroom,
dev_hotel_analytics,vw_pace_roomtype_change_by_period_current,rev_otb_chg_001_day__secretary_suite,
dev_hotel_analytics,vw_pace_segment_change_by_period_current,rev_otb_chg_001_day__transient_consortia,
dev_hotel_analytics,vw_pace_segment_change_by_period_monthly_current,rev_otb_chg_001_day__transient_consortia,
dev_hotel_analytics,vw_pace_segment_change_by_period_current,rev_otb_chg_001_day__transient_government,
dev_hotel_analytics,vw_pace_segment_change_by_period_monthly_current,rev_otb_chg_001_day__transient_government,
dev_hotel_analytics,vw_pace_segment_change_by_period_current,rev_otb_chg_001_day__transient_negotiated,
dev_hotel_analytics,vw_pace_segment_change_by_period_monthly_current,rev_otb_chg_001_day__transient_negotiated,
dev_hotel_analytics,vw_pace_segment_change_by_period_current,rev_otb_chg_001_day__transient_opaque,
dev_hotel_analytics,vw_pace_segment_change_by_period_monthly_current,rev_otb_chg_001_day__transient_opaque,
dev_hotel_analytics,vw_pace_segment_change_by_period_current,rev_otb_chg_001_day__transient_package,
dev_hotel_analytics,vw_pace_segment_change_by_period_monthly_current,rev_otb_chg_001_day__transient_package,
dev_hotel_analytics,vw_pace_segment_change_by_period_current,rev_otb_chg_001_day__transient_packages,
dev_hotel_analytics,vw_pace_segment_change_by_period_monthly_current,rev_otb_chg_001_day__transient_packages,
dev_hotel_analytics,vw_pace_segment_change_by_period_current,rev_otb_chg_001_day__transient_promotion,
dev_hotel_analytics,vw_pace_segment_change_by_period_monthly_current,rev_otb_chg_001_day__transient_promotion,
dev_hotel_analytics,vw_pace_segment_change_by_period_current,rev_otb_chg_001_day__transient_qualified,
dev_hotel_analytics,vw_pace_segment_change_by_period_monthly_current,rev_otb_chg_001_day__transient_qualified,
dev_hotel_analytics,vw_pace_segment_change_by_period_current,rev_otb_chg_001_day__transient_retail,
dev_hotel_analytics,vw_pace_segment_change_by_period_monthly_current,rev_otb_chg_001_day__transient_retail,
dev_hotel_analytics,vw_pace_segment_change_by_period_current,rev_otb_chg_001_day__transient_unqualified,
dev_hotel_analytics,vw_pace_segment_change_by_period_monthly_current,rev_otb_chg_001_day__transient_unqualified,
dev_hotel_analytics,vw_pace_roomtype_change_by_period_current,rev_otb_chg_001_day__two_queen_guestroom,
dev_hotel_analytics,vw_pace_roomtype_change_by_period_current,rev_otb_chg_001_day__two_queen_guestroom_ada,
dev_hotel_analytics,vw_pace_roomtype_change_by_period_current,rev_otb_chg_003_day__commissioner_suite,
dev_hotel_analytics,vw_pace_segment_change_by_period_current,rev_otb_chg_003_day__complimentary,
dev_hotel_analytics,vw_pace_segment_change_by_period_monthly_current,rev_otb_chg_003_day__complimentary,
dev_hotel_analytics,vw_pace_roomtype_change_by_period_current,rev_otb_chg_003_day__deluxe_king,
dev_hotel_analytics,vw_pace_roomtype_change_by_period_current,rev_otb_chg_003_day__foundation_king,
dev_hotel_analytics,vw_pace_roomtype_change_by_period_current,rev_otb_chg_003_day__foundation_king_ada,
dev_hotel_analytics,vw_pace_roomtype_change_by_period_current,rev_otb_chg_003_day__foundation_two_queen,
dev_hotel_analytics,vw_pace_segment_change_by_period_current,rev_otb_chg_003_day__group_association,
dev_hotel_analytics,vw_pace_segment_change_by_period_monthly_current,rev_otb_chg_003_day__group_association,
dev_hotel_analytics,vw_pace_segment_change_by_period_current,rev_otb_chg_003_day__group_citywide,
dev_hotel_analytics,vw_pace_segment_change_by_period_monthly_current,rev_otb_chg_003_day__group_citywide,
dev_hotel_analytics,vw_pace_segment_change_by_period_current,rev_otb_chg_003_day__group_corporate,
dev_hotel_analytics,vw_pace_segment_change_by_period_monthly_current,rev_otb_chg_003_day__group_corporate,
dev_hotel_analytics,vw_pace_segment_change_by_period_current,rev_otb_chg_003_day__group_entertainment,
dev_hotel_analytics,vw_pace_segment_change_by_period_monthly_current,rev_otb_chg_003_day__group_entertainment,
dev_hotel_analytics,vw_pace_segment_change_by_period_current,rev_otb_chg_003_day__group_government,
dev_hotel_analytics,vw_pace_segment_change_by_period_monthly_current,rev_otb_chg_003_day__group_government,
dev_hotel_analytics,vw_pace_segment_change_by_period_current,rev_otb_chg_003_day__group_smerf,
dev_hotel_analytics,vw_pace_segment_change_by_period_monthly_current,rev_otb_chg_003_day__group_smerf,
dev_hotel_analytics,vw_pace_segment_change_by_period_current,rev_otb_chg_003_day__group_social,
dev_hotel_analytics,vw_pace_segment_change_by_period_monthly_current,rev_otb_chg_003_day__group_social,
dev_hotel_analytics,vw_pace_segment_change_by_period_current,rev_otb_chg_003_day__group_tour,
dev_hotel_analytics,vw_pace_segment_change_by_period_monthly_current,rev_otb_chg_003_day__group_tour,
dev_hotel_analytics,vw_pace_segment_change_by_period_current,rev_otb_chg_003_day__group_wedding,
dev_hotel_analytics,vw_pace_segment_change_by_period_monthly_current,rev_otb_chg_003_day__group_wedding,
dev_hotel_analytics,vw_pace_roomtype_change_by_period_current,rev_otb_chg_003_day__junior_suite,
dev_hotel_analytics,vw_pace_roomtype_change_by_period_current,rev_otb_chg_003_day__king_guestroom,
dev_hotel_analytics,vw_pace_roomtype_change_by_period_current,rev_otb_chg_003_day__secretary_suite,
dev_hotel_analytics,vw_pace_segment_change_by_period_current,rev_otb_chg_003_day__transient_consortia,
dev_hotel_analytics,vw_pace_segment_change_by_period_monthly_current,rev_otb_chg_003_day__transient_consortia,
dev_hotel_analytics,vw_pace_segment_change_by_period_current,rev_otb_chg_003_day__transient_government,
dev_hotel_analytics,vw_pace_segment_change_by_period_monthly_current,rev_otb_chg_003_day__transient_government,
dev_hotel_analytics,vw_pace_segment_change_by_period_current,rev_otb_chg_003_day__transient_negotiated,
dev_hotel_analytics,vw_pace_segment_change_by_period_monthly_current,rev_otb_chg_003_day__transient_negotiated,
dev_hotel_analytics,vw_pace_segment_change_by_period_current,rev_otb_chg_003_day__transient_opaque,
dev_hotel_analytics,vw_pace_segment_change_by_period_monthly_current,rev_otb_chg_003_day__transient_opaque,
dev_hotel_analytics,vw_pace_segment_change_by_period_current,rev_otb_chg_003_day__transient_package,
dev_hotel_analytics,vw_pace_segment_change_by_period_monthly_current,rev_otb_chg_003_day__transient_package,
dev_hotel_analytics,vw_pace_segment_change_by_period_current,rev_otb_chg_003_day__transient_packages,
dev_hotel_analytics,vw_pace_segment_change_by_period_monthly_current,rev_otb_chg_003_day__transient_packages,
dev_hotel_analytics,vw_pace_segment_change_by_period_current,rev_otb_chg_003_day__transient_promotion,
dev_hotel_analytics,vw_pace_segment_change_by_period_monthly_current,rev_otb_chg_003_day__transient_promotion,
dev_hotel_analytics,vw_pace_segment_change_by_period_current,rev_otb_chg_003_day__transient_qualified,
dev_hotel_analytics,vw_pace_segment_change_by_period_monthly_current,rev_otb_chg_003_day__transient_qualified,
dev_hotel_analytics,vw_pace_segment_change_by_period_current,rev_otb_chg_003_day__transient_retail,
dev_hotel_analytics,vw_pace_segment_change_by_period_monthly_current,rev_otb_chg_003_day__transient_retail,
dev_hotel_analytics,vw_pace_segment_change_by_period_current,rev_otb_chg_003_day__transient_unqualified,
dev_hotel_analytics,vw_pace_segment_change_by_period_monthly_current,rev_otb_chg_003_day__transient_unqualified,
dev_hotel_analytics,vw_pace_roomtype_change_by_period_current,rev_otb_chg_003_day__two_queen_guestroom,
dev_hotel_analytics,vw_pace_roomtype_change_by_period_current,rev_otb_chg_003_day__two_queen_guestroom_ada,
dev_hotel_analytics,vw_pace_roomtype_change_by_period_current,rev_otb_chg_007_day__commissioner_suite,
dev_hotel_analytics,vw_pace_segment_change_by_period_current,rev_otb_chg_007_day__complimentary,
dev_hotel_analytics,vw_pace_segment_change_by_period_monthly_current,rev_otb_chg_007_day__complimentary,
dev_hotel_analytics,vw_pace_roomtype_change_by_period_current,rev_otb_chg_007_day__deluxe_king,
dev_hotel_analytics,vw_pace_roomtype_change_by_period_current,rev_otb_chg_007_day__foundation_king,
dev_hotel_analytics,vw_pace_roomtype_change_by_period_current,rev_otb_chg_007_day__foundation_king_ada,
dev_hotel_analytics,vw_pace_roomtype_change_by_period_current,rev_otb_chg_007_day__foundation_two_queen,
dev_hotel_analytics,vw_pace_segment_change_by_period_current,rev_otb_chg_007_day__group_association,
dev_hotel_analytics,vw_pace_segment_change_by_period_monthly_current,rev_otb_chg_007_day__group_association,
dev_hotel_analytics,vw_pace_segment_change_by_period_current,rev_otb_chg_007_day__group_citywide,
dev_hotel_analytics,vw_pace_segment_change_by_period_monthly_current,rev_otb_chg_007_day__group_citywide,
dev_hotel_analytics,vw_pace_segment_change_by_period_current,rev_otb_chg_007_day__group_corporate,
dev_hotel_analytics,vw_pace_segment_change_by_period_monthly_current,rev_otb_chg_007_day__group_corporate,
dev_hotel_analytics,vw_pace_segment_change_by_period_current,rev_otb_chg_007_day__group_entertainment,
dev_hotel_analytics,vw_pace_segment_change_by_period_monthly_current,rev_otb_chg_007_day__group_entertainment,
dev_hotel_analytics,vw_pace_segment_change_by_period_current,rev_otb_chg_007_day__group_government,
dev_hotel_analytics,vw_pace_segment_change_by_period_monthly_current,rev_otb_chg_007_day__group_government,
dev_hotel_analytics,vw_pace_segment_change_by_period_current,rev_otb_chg_007_day__group_smerf,
dev_hotel_analytics,vw_pace_segment_change_by_period_monthly_current,rev_otb_chg_007_day__group_smerf,
dev_hotel_analytics,vw_pace_segment_change_by_period_current,rev_otb_chg_007_day__group_social,
dev_hotel_analytics,vw_pace_segment_change_by_period_monthly_current,rev_otb_chg_007_day__group_social,
dev_hotel_analytics,vw_pace_segment_change_by_period_current,rev_otb_chg_007_day__group_tour,
dev_hotel_analytics,vw_pace_segment_change_by_period_monthly_current,rev_otb_chg_007_day__group_tour,
dev_hotel_analytics,vw_pace_segment_change_by_period_current,rev_otb_chg_007_day__group_wedding,
dev_hotel_analytics,vw_pace_segment_change_by_period_monthly_current,rev_otb_chg_007_day__group_wedding,
dev_hotel_analytics,vw_pace_roomtype_change_by_period_current,rev_otb_chg_007_day__junior_suite,
dev_hotel_analytics,vw_pace_roomtype_change_by_period_current,rev_otb_chg_007_day__king_guestroom,
dev_hotel_analytics,vw_pace_roomtype_change_by_period_current,rev_otb_chg_007_day__secretary_suite,
dev_hotel_analytics,vw_pace_segment_change_by_period_current,rev_otb_chg_007_day__transient_consortia,
dev_hotel_analytics,vw_pace_segment_change_by_period_monthly_current,rev_otb_chg_007_day__transient_consortia,
dev_hotel_analytics,vw_pace_segment_change_by_period_current,rev_otb_chg_007_day__transient_government,
dev_hotel_analytics,vw_pace_segment_change_by_period_monthly_current,rev_otb_chg_007_day__transient_government,
dev_hotel_analytics,vw_pace_segment_change_by_period_current,rev_otb_chg_007_day__transient_negotiated,
dev_hotel_analytics,vw_pace_segment_change_by_period_monthly_current,rev_otb_chg_007_day__transient_negotiated,
dev_hotel_analytics,vw_pace_segment_change_by_period_current,rev_otb_chg_007_day__transient_opaque,
dev_hotel_analytics,vw_pace_segment_change_by_period_monthly_current,rev_otb_chg_007_day__transient_opaque,
dev_hotel_analytics,vw_pace_segment_change_by_period_current,rev_otb_chg_007_day__transient_package,
dev_hotel_analytics,vw_pace_segment_change_by_period_monthly_current,rev_otb_chg_007_day__transient_package,
dev_hotel_analytics,vw_pace_segment_change_by_period_current,rev_otb_chg_007_day__transient_packages,
dev_hotel_analytics,vw_pace_segment_change_by_period_monthly_current,rev_otb_chg_007_day__transient_packages,
dev_hotel_analytics,vw_pace_segment_change_by_period_current,rev_otb_chg_007_day__transient_promotion,
dev_hotel_analytics,vw_pace_segment_change_by_period_monthly_current,rev_otb_chg_007_day__transient_promotion,
dev_hotel_analytics,vw_pace_segment_change_by_period_current,rev_otb_chg_007_day__transient_qualified,
dev_hotel_analytics,vw_pace_segment_change_by_period_monthly_current,rev_otb_chg_007_day__transient_qualified,
dev_hotel_analytics,vw_pace_segment_change_by_period_current,rev_otb_chg_007_day__transient_retail,
dev_hotel_analytics,vw_pace_segment_change_by_period_monthly_current,rev_otb_chg_007_day__transient_retail,
dev_hotel_analytics,vw_pace_segment_change_by_period_current,rev_otb_chg_007_day__transient_unqualified,
dev_hotel_analytics,vw_pace_segment_change_by_period_monthly_current,rev_otb_chg_007_day__transient_unqualified,
dev_hotel_analytics,vw_pace_roomtype_change_by_period_current,rev_otb_chg_007_day__two_queen_guestroom,
dev_hotel_analytics,vw_pace_roomtype_change_by_period_current,rev_otb_chg_007_day__two_queen_guestroom_ada,
dev_hotel_analytics,vw_pace_roomtype_change_by_period_current,rev_otb_chg_014_day__commissioner_suite,
dev_hotel_analytics,vw_pace_segment_change_by_period_current,rev_otb_chg_014_day__complimentary,
dev_hotel_analytics,vw_pace_segment_change_by_period_monthly_current,rev_otb_chg_014_day__complimentary,
dev_hotel_analytics,vw_pace_roomtype_change_by_period_current,rev_otb_chg_014_day__deluxe_king,
dev_hotel_analytics,vw_pace_roomtype_change_by_period_current,rev_otb_chg_014_day__foundation_king,
dev_hotel_analytics,vw_pace_roomtype_change_by_period_current,rev_otb_chg_014_day__foundation_king_ada,
dev_hotel_analytics,vw_pace_roomtype_change_by_period_current,rev_otb_chg_014_day__foundation_two_queen,
dev_hotel_analytics,vw_pace_segment_change_by_period_current,rev_otb_chg_014_day__group_association,
dev_hotel_analytics,vw_pace_segment_change_by_period_monthly_current,rev_otb_chg_014_day__group_association,
dev_hotel_analytics,vw_pace_segment_change_by_period_current,rev_otb_chg_014_day__group_citywide,
dev_hotel_analytics,vw_pace_segment_change_by_period_monthly_current,rev_otb_chg_014_day__group_citywide,
dev_hotel_analytics,vw_pace_segment_change_by_period_current,rev_otb_chg_014_day__group_corporate,
dev_hotel_analytics,vw_pace_segment_change_by_period_monthly_current,rev_otb_chg_014_day__group_corporate,
dev_hotel_analytics,vw_pace_segment_change_by_period_current,rev_otb_chg_014_day__group_entertainment,
dev_hotel_analytics,vw_pace_segment_change_by_period_monthly_current,rev_otb_chg_014_day__group_entertainment,
dev_hotel_analytics,vw_pace_segment_change_by_period_current,rev_otb_chg_014_day__group_government,
dev_hotel_analytics,vw_pace_segment_change_by_period_monthly_current,rev_otb_chg_014_day__group_government,
dev_hotel_analytics,vw_pace_segment_change_by_period_current,rev_otb_chg_014_day__group_smerf,
dev_hotel_analytics,vw_pace_segment_change_by_period_monthly_current,rev_otb_chg_014_day__group_smerf,
dev_hotel_analytics,vw_pace_segment_change_by_period_current,rev_otb_chg_014_day__group_social,
dev_hotel_analytics,vw_pace_segment_change_by_period_monthly_current,rev_otb_chg_014_day__group_social,
dev_hotel_analytics,vw_pace_segment_change_by_period_current,rev_otb_chg_014_day__group_tour,
dev_hotel_analytics,vw_pace_segment_change_by_period_monthly_current,rev_otb_chg_014_day__group_tour,
dev_hotel_analytics,vw_pace_segment_change_by_period_current,rev_otb_chg_014_day__group_wedding,
dev_hotel_analytics,vw_pace_segment_change_by_period_monthly_current,rev_otb_chg_014_day__group_wedding,
dev_hotel_analytics,vw_pace_roomtype_change_by_period_current,rev_otb_chg_014_day__junior_suite,
dev_hotel_analytics,vw_pace_roomtype_change_by_period_current,rev_otb_chg_014_day__king_guestroom,
dev_hotel_analytics,vw_pace_roomtype_change_by_period_current,rev_otb_chg_014_day__secretary_suite,
dev_hotel_analytics,vw_pace_segment_change_by_period_current,rev_otb_chg_014_day__transient_consortia,
dev_hotel_analytics,vw_pace_segment_change_by_period_monthly_current,rev_otb_chg_014_day__transient_consortia,
dev_hotel_analytics,vw_pace_segment_change_by_period_current,rev_otb_chg_014_day__transient_government,
dev_hotel_analytics,vw_pace_segment_change_by_period_monthly_current,rev_otb_chg_014_day__transient_government,
dev_hotel_analytics,vw_pace_segment_change_by_period_current,rev_otb_chg_014_day__transient_negotiated,
dev_hotel_analytics,vw_pace_segment_change_by_period_monthly_current,rev_otb_chg_014_day__transient_negotiated,
dev_hotel_analytics,vw_pace_segment_change_by_period_current,rev_otb_chg_014_day__transient_opaque,
dev_hotel_analytics,vw_pace_segment_change_by_period_monthly_current,rev_otb_chg_014_day__transient_opaque,
dev_hotel_analytics,vw_pace_segment_change_by_period_current,rev_otb_chg_014_day__transient_package,
dev_hotel_analytics,vw_pace_segment_change_by_period_monthly_current,rev_otb_chg_014_day__transient_package,
dev_hotel_analytics,vw_pace_segment_change_by_period_current,rev_otb_chg_014_day__transient_packages,
dev_hotel_analytics,vw_pace_segment_change_by_period_monthly_current,rev_otb_chg_014_day__transient_packages,
dev_hotel_analytics,vw_pace_segment_change_by_period_current,rev_otb_chg_014_day__transient_promotion,
dev_hotel_analytics,vw_pace_segment_change_by_period_monthly_current,rev_otb_chg_014_day__transient_promotion,
dev_hotel_analytics,vw_pace_segment_change_by_period_current,rev_otb_chg_014_day__transient_qualified,
dev_hotel_analytics,vw_pace_segment_change_by_period_monthly_current,rev_otb_chg_014_day__transient_qualified,
dev_hotel_analytics,vw_pace_segment_change_by_period_current,rev_otb_chg_014_day__transient_retail,
dev_hotel_analytics,vw_pace_segment_change_by_period_monthly_current,rev_otb_chg_014_day__transient_retail,
dev_hotel_analytics,vw_pace_segment_change_by_period_current,rev_otb_chg_014_day__transient_unqualified,
dev_hotel_analytics,vw_pace_segment_change_by_period_monthly_current,rev_otb_chg_014_day__transient_unqualified,
dev_hotel_analytics,vw_pace_roomtype_change_by_period_current,rev_otb_chg_014_day__two_queen_guestroom,
dev_hotel_analytics,vw_pace_roomtype_change_by_period_current,rev_otb_chg_014_day__two_queen_guestroom_ada,
dev_hotel_analytics,vw_pace_roomtype_change_by_period_current,rev_otb_chg_021_day__commissioner_suite,
dev_hotel_analytics,vw_pace_segment_change_by_period_current,rev_otb_chg_021_day__complimentary,
dev_hotel_analytics,vw_pace_segment_change_by_period_monthly_current,rev_otb_chg_021_day__complimentary,
dev_hotel_analytics,vw_pace_roomtype_change_by_period_current,rev_otb_chg_021_day__deluxe_king,
dev_hotel_analytics,vw_pace_roomtype_change_by_period_current,rev_otb_chg_021_day__foundation_king,
dev_hotel_analytics,vw_pace_roomtype_change_by_period_current,rev_otb_chg_021_day__foundation_king_ada,
dev_hotel_analytics,vw_pace_roomtype_change_by_period_current,rev_otb_chg_021_day__foundation_two_queen,
dev_hotel_analytics,vw_pace_segment_change_by_period_current,rev_otb_chg_021_day__group_association,
dev_hotel_analytics,vw_pace_segment_change_by_period_monthly_current,rev_otb_chg_021_day__group_association,
dev_hotel_analytics,vw_pace_segment_change_by_period_current,rev_otb_chg_021_day__group_citywide,
dev_hotel_analytics,vw_pace_segment_change_by_period_monthly_current,rev_otb_chg_021_day__group_citywide,
dev_hotel_analytics,vw_pace_segment_change_by_period_current,rev_otb_chg_021_day__group_corporate,
dev_hotel_analytics,vw_pace_segment_change_by_period_monthly_current,rev_otb_chg_021_day__group_corporate,
dev_hotel_analytics,vw_pace_segment_change_by_period_current,rev_otb_chg_021_day__group_entertainment,
dev_hotel_analytics,vw_pace_segment_change_by_period_monthly_current,rev_otb_chg_021_day__group_entertainment,
dev_hotel_analytics,vw_pace_segment_change_by_period_current,rev_otb_chg_021_day__group_government,
dev_hotel_analytics,vw_pace_segment_change_by_period_monthly_current,rev_otb_chg_021_day__group_government,
dev_hotel_analytics,vw_pace_segment_change_by_period_current,rev_otb_chg_021_day__group_smerf,
dev_hotel_analytics,vw_pace_segment_change_by_period_monthly_current,rev_otb_chg_021_day__group_smerf,
dev_hotel_analytics,vw_pace_segment_change_by_period_current,rev_otb_chg_021_day__group_social,
dev_hotel_analytics,vw_pace_segment_change_by_period_monthly_current,rev_otb_chg_021_day__group_social,
dev_hotel_analytics,vw_pace_segment_change_by_period_current,rev_otb_chg_021_day__group_tour,
dev_hotel_analytics,vw_pace_segment_change_by_period_monthly_current,rev_otb_chg_021_day__group_tour,
dev_hotel_analytics,vw_pace_segment_change_by_period_current,rev_otb_chg_021_day__group_wedding,
dev_hotel_analytics,vw_pace_segment_change_by_period_monthly_current,rev_otb_chg_021_day__group_wedding,
dev_hotel_analytics,vw_pace_roomtype_change_by_period_current,rev_otb_chg_021_day__junior_suite,
dev_hotel_analytics,vw_pace_roomtype_change_by_period_current,rev_otb_chg_021_day__king_guestroom,
dev_hotel_analytics,vw_pace_roomtype_change_by_period_current,rev_otb_chg_021_day__secretary_suite,
dev_hotel_analytics,vw_pace_segment_change_by_period_current,rev_otb_chg_021_day__transient_consortia,
dev_hotel_analytics,vw_pace_segment_change_by_period_monthly_current,rev_otb_chg_021_day__transient_consortia,
dev_hotel_analytics,vw_pace_segment_change_by_period_current,rev_otb_chg_021_day__transient_government,
dev_hotel_analytics,vw_pace_segment_change_by_period_monthly_current,rev_otb_chg_021_day__transient_government,
dev_hotel_analytics,vw_pace_segment_change_by_period_current,rev_otb_chg_021_day__transient_negotiated,
dev_hotel_analytics,vw_pace_segment_change_by_period_monthly_current,rev_otb_chg_021_day__transient_negotiated,
dev_hotel_analytics,vw_pace_segment_change_by_period_current,rev_otb_chg_021_day__transient_opaque,
dev_hotel_analytics,vw_pace_segment_change_by_period_monthly_current,rev_otb_chg_021_day__transient_opaque,
dev_hotel_analytics,vw_pace_segment_change_by_period_current,rev_otb_chg_021_day__transient_package,
dev_hotel_analytics,vw_pace_segment_change_by_period_monthly_current,rev_otb_chg_021_day__transient_package,
dev_hotel_analytics,vw_pace_segment_change_by_period_current,rev_otb_chg_021_day__transient_packages,
dev_hotel_analytics,vw_pace_segment_change_by_period_monthly_current,rev_otb_chg_021_day__transient_packages,
dev_hotel_analytics,vw_pace_segment_change_by_period_current,rev_otb_chg_021_day__transient_promotion,
dev_hotel_analytics,vw_pace_segment_change_by_period_monthly_current,rev_otb_chg_021_day__transient_promotion,
dev_hotel_analytics,vw_pace_segment_change_by_period_current,rev_otb_chg_021_day__transient_qualified,
dev_hotel_analytics,vw_pace_segment_change_by_period_monthly_current,rev_otb_chg_021_day__transient_qualified,
dev_hotel_analytics,vw_pace_segment_change_by_period_current,rev_otb_chg_021_day__transient_retail,
dev_hotel_analytics,vw_pace_segment_change_by_period_monthly_current,rev_otb_chg_021_day__transient_retail,
dev_hotel_analytics,vw_pace_segment_change_by_period_current,rev_otb_chg_021_day__transient_unqualified,
dev_hotel_analytics,vw_pace_segment_change_by_period_monthly_current,rev_otb_chg_021_day__transient_unqualified,
dev_hotel_analytics,vw_pace_roomtype_change_by_period_current,rev_otb_chg_021_day__two_queen_guestroom,
dev_hotel_analytics,vw_pace_roomtype_change_by_period_current,rev_otb_chg_021_day__two_queen_guestroom_ada,
dev_hotel_analytics,vw_pace_roomtype_change_by_period_current,rev_otb_chg_030_day__commissioner_suite,
dev_hotel_analytics,vw_pace_segment_change_by_period_current,rev_otb_chg_030_day__complimentary,
dev_hotel_analytics,vw_pace_segment_change_by_period_monthly_current,rev_otb_chg_030_day__complimentary,
dev_hotel_analytics,vw_pace_roomtype_change_by_period_current,rev_otb_chg_030_day__deluxe_king,
dev_hotel_analytics,vw_pace_roomtype_change_by_period_current,rev_otb_chg_030_day__foundation_king,
dev_hotel_analytics,vw_pace_roomtype_change_by_period_current,rev_otb_chg_030_day__foundation_king_ada,
dev_hotel_analytics,vw_pace_roomtype_change_by_period_current,rev_otb_chg_030_day__foundation_two_queen,
dev_hotel_analytics,vw_pace_segment_change_by_period_current,rev_otb_chg_030_day__group_association,
dev_hotel_analytics,vw_pace_segment_change_by_period_monthly_current,rev_otb_chg_030_day__group_association,
dev_hotel_analytics,vw_pace_segment_change_by_period_current,rev_otb_chg_030_day__group_citywide,
dev_hotel_analytics,vw_pace_segment_change_by_period_monthly_current,rev_otb_chg_030_day__group_citywide,
dev_hotel_analytics,vw_pace_segment_change_by_period_current,rev_otb_chg_030_day__group_corporate,
dev_hotel_analytics,vw_pace_segment_change_by_period_monthly_current,rev_otb_chg_030_day__group_corporate,
dev_hotel_analytics,vw_pace_segment_change_by_period_current,rev_otb_chg_030_day__group_entertainment,
dev_hotel_analytics,vw_pace_segment_change_by_period_monthly_current,rev_otb_chg_030_day__group_entertainment,
dev_hotel_analytics,vw_pace_segment_change_by_period_current,rev_otb_chg_030_day__group_government,
dev_hotel_analytics,vw_pace_segment_change_by_period_monthly_current,rev_otb_chg_030_day__group_government,
dev_hotel_analytics,vw_pace_segment_change_by_period_current,rev_otb_chg_030_day__group_smerf,
dev_hotel_analytics,vw_pace_segment_change_by_period_monthly_current,rev_otb_chg_030_day__group_smerf,
dev_hotel_analytics,vw_pace_segment_change_by_period_current,rev_otb_chg_030_day__group_social,
dev_hotel_analytics,vw_pace_segment_change_by_period_monthly_current,rev_otb_chg_030_day__group_social,
dev_hotel_analytics,vw_pace_segment_change_by_period_current,rev_otb_chg_030_day__group_tour,
dev_hotel_analytics,vw_pace_segment_change_by_period_monthly_current,rev_otb_chg_030_day__group_tour,
dev_hotel_analytics,vw_pace_segment_change_by_period_current,rev_otb_chg_030_day__group_wedding,
dev_hotel_analytics,vw_pace_segment_change_by_period_monthly_current,rev_otb_chg_030_day__group_wedding,
dev_hotel_analytics,vw_pace_roomtype_change_by_period_current,rev_otb_chg_030_day__junior_suite,
dev_hotel_analytics,vw_pace_roomtype_change_by_period_current,rev_otb_chg_030_day__king_guestroom,
dev_hotel_analytics,vw_pace_roomtype_change_by_period_current,rev_otb_chg_030_day__secretary_suite,
dev_hotel_analytics,vw_pace_segment_change_by_period_current,rev_otb_chg_030_day__transient_consortia,
dev_hotel_analytics,vw_pace_segment_change_by_period_monthly_current,rev_otb_chg_030_day__transient_consortia,
dev_hotel_analytics,vw_pace_segment_change_by_period_current,rev_otb_chg_030_day__transient_government,
dev_hotel_analytics,vw_pace_segment_change_by_period_monthly_current,rev_otb_chg_030_day__transient_government,
dev_hotel_analytics,vw_pace_segment_change_by_period_current,rev_otb_chg_030_day__transient_negotiated,
dev_hotel_analytics,vw_pace_segment_change_by_period_monthly_current,rev_otb_chg_030_day__transient_negotiated,
dev_hotel_analytics,vw_pace_segment_change_by_period_current,rev_otb_chg_030_day__transient_opaque,
dev_hotel_analytics,vw_pace_segment_change_by_period_monthly_current,rev_otb_chg_030_day__transient_opaque,
dev_hotel_analytics,vw_pace_segment_change_by_period_current,rev_otb_chg_030_day__transient_package,
dev_hotel_analytics,vw_pace_segment_change_by_period_monthly_current,rev_otb_chg_030_day__transient_package,
dev_hotel_analytics,vw_pace_segment_change_by_period_current,rev_otb_chg_030_day__transient_packages,
dev_hotel_analytics,vw_pace_segment_change_by_period_monthly_current,rev_otb_chg_030_day__transient_packages,
dev_hotel_analytics,vw_pace_segment_change_by_period_current,rev_otb_chg_030_day__transient_promotion,
dev_hotel_analytics,vw_pace_segment_change_by_period_monthly_current,rev_otb_chg_030_day__transient_promotion,
dev_hotel_analytics,vw_pace_segment_change_by_period_current,rev_otb_chg_030_day__transient_qualified,
dev_hotel_analytics,vw_pace_segment_change_by_period_monthly_current,rev_otb_chg_030_day__transient_qualified,
dev_hotel_analytics,vw_pace_segment_change_by_period_current,rev_otb_chg_030_day__transient_retail,
dev_hotel_analytics,vw_pace_segment_change_by_period_monthly_current,rev_otb_chg_030_day__transient_retail,
dev_hotel_analytics,vw_pace_segment_change_by_period_current,rev_otb_chg_030_day__transient_unqualified,
dev_hotel_analytics,vw_pace_segment_change_by_period_monthly_current,rev_otb_chg_030_day__transient_unqualified,
dev_hotel_analytics,vw_pace_roomtype_change_by_period_current,rev_otb_chg_030_day__two_queen_guestroom,
dev_hotel_analytics,vw_pace_roomtype_change_by_period_current,rev_otb_chg_030_day__two_queen_guestroom_ada,
dev_hotel_analytics,vw_pace_roomtype_change_by_period_current,rev_otb_chg_060_day__commissioner_suite,
dev_hotel_analytics,vw_pace_segment_change_by_period_current,rev_otb_chg_060_day__complimentary,
dev_hotel_analytics,vw_pace_segment_change_by_period_monthly_current,rev_otb_chg_060_day__complimentary,
dev_hotel_analytics,vw_pace_roomtype_change_by_period_current,rev_otb_chg_060_day__deluxe_king,
dev_hotel_analytics,vw_pace_roomtype_change_by_period_current,rev_otb_chg_060_day__foundation_king,
dev_hotel_analytics,vw_pace_roomtype_change_by_period_current,rev_otb_chg_060_day__foundation_king_ada,
dev_hotel_analytics,vw_pace_roomtype_change_by_period_current,rev_otb_chg_060_day__foundation_two_queen,
dev_hotel_analytics,vw_pace_segment_change_by_period_current,rev_otb_chg_060_day__group_association,
dev_hotel_analytics,vw_pace_segment_change_by_period_monthly_current,rev_otb_chg_060_day__group_association,
dev_hotel_analytics,vw_pace_segment_change_by_period_current,rev_otb_chg_060_day__group_citywide,
dev_hotel_analytics,vw_pace_segment_change_by_period_monthly_current,rev_otb_chg_060_day__group_citywide,
dev_hotel_analytics,vw_pace_segment_change_by_period_current,rev_otb_chg_060_day__group_corporate,
dev_hotel_analytics,vw_pace_segment_change_by_period_monthly_current,rev_otb_chg_060_day__group_corporate,
dev_hotel_analytics,vw_pace_segment_change_by_period_current,rev_otb_chg_060_day__group_entertainment,
dev_hotel_analytics,vw_pace_segment_change_by_period_monthly_current,rev_otb_chg_060_day__group_entertainment,
dev_hotel_analytics,vw_pace_segment_change_by_period_current,rev_otb_chg_060_day__group_government,
dev_hotel_analytics,vw_pace_segment_change_by_period_monthly_current,rev_otb_chg_060_day__group_government,
dev_hotel_analytics,vw_pace_segment_change_by_period_current,rev_otb_chg_060_day__group_smerf,
dev_hotel_analytics,vw_pace_segment_change_by_period_monthly_current,rev_otb_chg_060_day__group_smerf,
dev_hotel_analytics,vw_pace_segment_change_by_period_current,rev_otb_chg_060_day__group_social,
dev_hotel_analytics,vw_pace_segment_change_by_period_monthly_current,rev_otb_chg_060_day__group_social,
dev_hotel_analytics,vw_pace_segment_change_by_period_current,rev_otb_chg_060_day__group_tour,
dev_hotel_analytics,vw_pace_segment_change_by_period_monthly_current,rev_otb_chg_060_day__group_tour,
dev_hotel_analytics,vw_pace_segment_change_by_period_current,rev_otb_chg_060_day__group_wedding,
dev_hotel_analytics,vw_pace_segment_change_by_period_monthly_current,rev_otb_chg_060_day__group_wedding,
dev_hotel_analytics,vw_pace_roomtype_change_by_period_current,rev_otb_chg_060_day__junior_suite,
dev_hotel_analytics,vw_pace_roomtype_change_by_period_current,rev_otb_chg_060_day__king_guestroom,
dev_hotel_analytics,vw_pace_roomtype_change_by_period_current,rev_otb_chg_060_day__secretary_suite,
dev_hotel_analytics,vw_pace_segment_change_by_period_current,rev_otb_chg_060_day__transient_consortia,
dev_hotel_analytics,vw_pace_segment_change_by_period_monthly_current,rev_otb_chg_060_day__transient_consortia,
dev_hotel_analytics,vw_pace_segment_change_by_period_current,rev_otb_chg_060_day__transient_government,
dev_hotel_analytics,vw_pace_segment_change_by_period_monthly_current,rev_otb_chg_060_day__transient_government,
dev_hotel_analytics,vw_pace_segment_change_by_period_current,rev_otb_chg_060_day__transient_negotiated,
dev_hotel_analytics,vw_pace_segment_change_by_period_monthly_current,rev_otb_chg_060_day__transient_negotiated,
dev_hotel_analytics,vw_pace_segment_change_by_period_current,rev_otb_chg_060_day__transient_opaque,
dev_hotel_analytics,vw_pace_segment_change_by_period_monthly_current,rev_otb_chg_060_day__transient_opaque,
dev_hotel_analytics,vw_pace_segment_change_by_period_current,rev_otb_chg_060_day__transient_package,
dev_hotel_analytics,vw_pace_segment_change_by_period_monthly_current,rev_otb_chg_060_day__transient_package,
dev_hotel_analytics,vw_pace_segment_change_by_period_current,rev_otb_chg_060_day__transient_packages,
dev_hotel_analytics,vw_pace_segment_change_by_period_monthly_current,rev_otb_chg_060_day__transient_packages,
dev_hotel_analytics,vw_pace_segment_change_by_period_current,rev_otb_chg_060_day__transient_promotion,
dev_hotel_analytics,vw_pace_segment_change_by_period_monthly_current,rev_otb_chg_060_day__transient_promotion,
dev_hotel_analytics,vw_pace_segment_change_by_period_current,rev_otb_chg_060_day__transient_qualified,
dev_hotel_analytics,vw_pace_segment_change_by_period_monthly_current,rev_otb_chg_060_day__transient_qualified,
dev_hotel_analytics,vw_pace_segment_change_by_period_current,rev_otb_chg_060_day__transient_retail,
dev_hotel_analytics,vw_pace_segment_change_by_period_monthly_current,rev_otb_chg_060_day__transient_retail,
dev_hotel_analytics,vw_pace_segment_change_by_period_current,rev_otb_chg_060_day__transient_unqualified,
dev_hotel_analytics,vw_pace_segment_change_by_period_monthly_current,rev_otb_chg_060_day__transient_unqualified,
dev_hotel_analytics,vw_pace_roomtype_change_by_period_current,rev_otb_chg_060_day__two_queen_guestroom,
dev_hotel_analytics,vw_pace_roomtype_change_by_period_current,rev_otb_chg_060_day__two_queen_guestroom_ada,
dev_hotel_analytics,vw_pace_roomtype_change_by_period_current,rev_otb_chg_090_day__commissioner_suite,
dev_hotel_analytics,vw_pace_segment_change_by_period_current,rev_otb_chg_090_day__complimentary,
dev_hotel_analytics,vw_pace_segment_change_by_period_monthly_current,rev_otb_chg_090_day__complimentary,
dev_hotel_analytics,vw_pace_roomtype_change_by_period_current,rev_otb_chg_090_day__deluxe_king,
dev_hotel_analytics,vw_pace_roomtype_change_by_period_current,rev_otb_chg_090_day__foundation_king,
dev_hotel_analytics,vw_pace_roomtype_change_by_period_current,rev_otb_chg_090_day__foundation_king_ada,
dev_hotel_analytics,vw_pace_roomtype_change_by_period_current,rev_otb_chg_090_day__foundation_two_queen,
dev_hotel_analytics,vw_pace_segment_change_by_period_current,rev_otb_chg_090_day__group_association,
dev_hotel_analytics,vw_pace_segment_change_by_period_monthly_current,rev_otb_chg_090_day__group_association,
dev_hotel_analytics,vw_pace_segment_change_by_period_current,rev_otb_chg_090_day__group_citywide,
dev_hotel_analytics,vw_pace_segment_change_by_period_monthly_current,rev_otb_chg_090_day__group_citywide,
dev_hotel_analytics,vw_pace_segment_change_by_period_current,rev_otb_chg_090_day__group_corporate,
dev_hotel_analytics,vw_pace_segment_change_by_period_monthly_current,rev_otb_chg_090_day__group_corporate,
dev_hotel_analytics,vw_pace_segment_change_by_period_current,rev_otb_chg_090_day__group_entertainment,
dev_hotel_analytics,vw_pace_segment_change_by_period_monthly_current,rev_otb_chg_090_day__group_entertainment,
dev_hotel_analytics,vw_pace_segment_change_by_period_current,rev_otb_chg_090_day__group_government,
dev_hotel_analytics,vw_pace_segment_change_by_period_monthly_current,rev_otb_chg_090_day__group_government,
dev_hotel_analytics,vw_pace_segment_change_by_period_current,rev_otb_chg_090_day__group_smerf,
dev_hotel_analytics,vw_pace_segment_change_by_period_monthly_current,rev_otb_chg_090_day__group_smerf,
dev_hotel_analytics,vw_pace_segment_change_by_period_current,rev_otb_chg_090_day__group_social,
dev_hotel_analytics,vw_pace_segment_change_by_period_monthly_current,rev_otb_chg_090_day__group_social,
dev_hotel_analytics,vw_pace_segment_change_by_period_current,rev_otb_chg_090_day__group_tour,
dev_hotel_analytics,vw_pace_segment_change_by_period_monthly_current,rev_otb_chg_090_day__group_tour,
dev_hotel_analytics,vw_pace_segment_change_by_period_current,rev_otb_chg_090_day__group_wedding,
dev_hotel_analytics,vw_pace_segment_change_by_period_monthly_current,rev_otb_chg_090_day__group_wedding,
dev_hotel_analytics,vw_pace_roomtype_change_by_period_current,rev_otb_chg_090_day__junior_suite,
dev_hotel_analytics,vw_pace_roomtype_change_by_period_current,rev_otb_chg_090_day__king_guestroom,
dev_hotel_analytics,vw_pace_roomtype_change_by_period_current,rev_otb_chg_090_day__secretary_suite,
dev_hotel_analytics,vw_pace_segment_change_by_period_current,rev_otb_chg_090_day__transient_consortia,
dev_hotel_analytics,vw_pace_segment_change_by_period_monthly_current,rev_otb_chg_090_day__transient_consortia,
dev_hotel_analytics,vw_pace_segment_change_by_period_current,rev_otb_chg_090_day__transient_government,
dev_hotel_analytics,vw_pace_segment_change_by_period_monthly_current,rev_otb_chg_090_day__transient_government,
dev_hotel_analytics,vw_pace_segment_change_by_period_current,rev_otb_chg_090_day__transient_negotiated,
dev_hotel_analytics,vw_pace_segment_change_by_period_monthly_current,rev_otb_chg_090_day__transient_negotiated,
dev_hotel_analytics,vw_pace_segment_change_by_period_current,rev_otb_chg_090_day__transient_opaque,
dev_hotel_analytics,vw_pace_segment_change_by_period_monthly_current,rev_otb_chg_090_day__transient_opaque,
dev_hotel_analytics,vw_pace_segment_change_by_period_current,rev_otb_chg_090_day__transient_package,
dev_hotel_analytics,vw_pace_segment_change_by_period_monthly_current,rev_otb_chg_090_day__transient_package,
dev_hotel_analytics,vw_pace_segment_change_by_period_current,rev_otb_chg_090_day__transient_packages,
dev_hotel_analytics,vw_pace_segment_change_by_period_monthly_current,rev_otb_chg_090_day__transient_packages,
dev_hotel_analytics,vw_pace_segment_change_by_period_current,rev_otb_chg_090_day__transient_promotion,
dev_hotel_analytics,vw_pace_segment_change_by_period_monthly_current,rev_otb_chg_090_day__transient_promotion,
dev_hotel_analytics,vw_pace_segment_change_by_period_current,rev_otb_chg_090_day__transient_qualified,
dev_hotel_analytics,vw_pace_segment_change_by_period_monthly_current,rev_otb_chg_090_day__transient_qualified,
dev_hotel_analytics,vw_pace_segment_change_by_period_current,rev_otb_chg_090_day__transient_retail,
dev_hotel_analytics,vw_pace_segment_change_by_period_monthly_current,rev_otb_chg_090_day__transient_retail,
dev_hotel_analytics,vw_pace_segment_change_by_period_current,rev_otb_chg_090_day__transient_unqualified,
dev_hotel_analytics,vw_pace_segment_change_by_period_monthly_current,rev_otb_chg_090_day__transient_unqualified,
dev_hotel_analytics,vw_pace_roomtype_change_by_period_current,rev_otb_chg_090_day__two_queen_guestroom,
dev_hotel_analytics,vw_pace_roomtype_change_by_period_current,rev_otb_chg_090_day__two_queen_guestroom_ada,
dev_hotel_analytics,vw_pace_roomtype_change_by_period_current,rev_otb_chg_120_day__commissioner_suite,
dev_hotel_analytics,vw_pace_segment_change_by_period_current,rev_otb_chg_120_day__complimentary,
dev_hotel_analytics,vw_pace_segment_change_by_period_monthly_current,rev_otb_chg_120_day__complimentary,
dev_hotel_analytics,vw_pace_roomtype_change_by_period_current,rev_otb_chg_120_day__deluxe_king,
dev_hotel_analytics,vw_pace_roomtype_change_by_period_current,rev_otb_chg_120_day__foundation_king,
dev_hotel_analytics,vw_pace_roomtype_change_by_period_current,rev_otb_chg_120_day__foundation_king_ada,
dev_hotel_analytics,vw_pace_roomtype_change_by_period_current,rev_otb_chg_120_day__foundation_two_queen,
dev_hotel_analytics,vw_pace_segment_change_by_period_current,rev_otb_chg_120_day__group_association,
dev_hotel_analytics,vw_pace_segment_change_by_period_monthly_current,rev_otb_chg_120_day__group_association,
dev_hotel_analytics,vw_pace_segment_change_by_period_current,rev_otb_chg_120_day__group_citywide,
dev_hotel_analytics,vw_pace_segment_change_by_period_monthly_current,rev_otb_chg_120_day__group_citywide,
dev_hotel_analytics,vw_pace_segment_change_by_period_current,rev_otb_chg_120_day__group_corporate,
dev_hotel_analytics,vw_pace_segment_change_by_period_monthly_current,rev_otb_chg_120_day__group_corporate,
dev_hotel_analytics,vw_pace_segment_change_by_period_current,rev_otb_chg_120_day__group_entertainment,
dev_hotel_analytics,vw_pace_segment_change_by_period_monthly_current,rev_otb_chg_120_day__group_entertainment,
dev_hotel_analytics,vw_pace_segment_change_by_period_current,rev_otb_chg_120_day__group_government,
dev_hotel_analytics,vw_pace_segment_change_by_period_monthly_current,rev_otb_chg_120_day__group_government,
dev_hotel_analytics,vw_pace_segment_change_by_period_current,rev_otb_chg_120_day__group_smerf,
dev_hotel_analytics,vw_pace_segment_change_by_period_monthly_current,rev_otb_chg_120_day__group_smerf,
dev_hotel_analytics,vw_pace_segment_change_by_period_current,rev_otb_chg_120_day__group_social,
dev_hotel_analytics,vw_pace_segment_change_by_period_monthly_current,rev_otb_chg_120_day__group_social,
dev_hotel_analytics,vw_pace_segment_change_by_period_current,rev_otb_chg_120_day__group_tour,
dev_hotel_analytics,vw_pace_segment_change_by_period_monthly_current,rev_otb_chg_120_day__group_tour,
dev_hotel_analytics,vw_pace_segment_change_by_period_current,rev_otb_chg_120_day__group_wedding,
dev_hotel_analytics,vw_pace_segment_change_by_period_monthly_current,rev_otb_chg_120_day__group_wedding,
dev_hotel_analytics,vw_pace_roomtype_change_by_period_current,rev_otb_chg_120_day__junior_suite,
dev_hotel_analytics,vw_pace_roomtype_change_by_period_current,rev_otb_chg_120_day__king_guestroom,
dev_hotel_analytics,vw_pace_roomtype_change_by_period_current,rev_otb_chg_120_day__secretary_suite,
dev_hotel_analytics,vw_pace_segment_change_by_period_current,rev_otb_chg_120_day__transient_consortia,
dev_hotel_analytics,vw_pace_segment_change_by_period_monthly_current,rev_otb_chg_120_day__transient_consortia,
dev_hotel_analytics,vw_pace_segment_change_by_period_current,rev_otb_chg_120_day__transient_government,
dev_hotel_analytics,vw_pace_segment_change_by_period_monthly_current,rev_otb_chg_120_day__transient_government,
dev_hotel_analytics,vw_pace_segment_change_by_period_current,rev_otb_chg_120_day__transient_negotiated,
dev_hotel_analytics,vw_pace_segment_change_by_period_monthly_current,rev_otb_chg_120_day__transient_negotiated,
dev_hotel_analytics,vw_pace_segment_change_by_period_current,rev_otb_chg_120_day__transient_opaque,
dev_hotel_analytics,vw_pace_segment_change_by_period_monthly_current,rev_otb_chg_120_day__transient_opaque,
dev_hotel_analytics,vw_pace_segment_change_by_period_current,rev_otb_chg_120_day__transient_package,
dev_hotel_analytics,vw_pace_segment_change_by_period_monthly_current,rev_otb_chg_120_day__transient_package,
dev_hotel_analytics,vw_pace_segment_change_by_period_current,rev_otb_chg_120_day__transient_packages,
dev_hotel_analytics,vw_pace_segment_change_by_period_monthly_current,rev_otb_chg_120_day__transient_packages,
dev_hotel_analytics,vw_pace_segment_change_by_period_current,rev_otb_chg_120_day__transient_promotion,
dev_hotel_analytics,vw_pace_segment_change_by_period_monthly_current,rev_otb_chg_120_day__transient_promotion,
dev_hotel_analytics,vw_pace_segment_change_by_period_current,rev_otb_chg_120_day__transient_qualified,
dev_hotel_analytics,vw_pace_segment_change_by_period_monthly_current,rev_otb_chg_120_day__transient_qualified,
dev_hotel_analytics,vw_pace_segment_change_by_period_current,rev_otb_chg_120_day__transient_retail,
dev_hotel_analytics,vw_pace_segment_change_by_period_monthly_current,rev_otb_chg_120_day__transient_retail,
dev_hotel_analytics,vw_pace_segment_change_by_period_current,rev_otb_chg_120_day__transient_unqualified,
dev_hotel_analytics,vw_pace_segment_change_by_period_monthly_current,rev_otb_chg_120_day__transient_unqualified,
dev_hotel_analytics,vw_pace_roomtype_change_by_period_current,rev_otb_chg_120_day__two_queen_guestroom,
dev_hotel_analytics,vw_pace_roomtype_change_by_period_current,rev_otb_chg_120_day__two_queen_guestroom_ada,
dev_hotel_analytics,fct_pacing_all_windows,rev_otb_complimentary,
dev_hotel_analytics,fct_pacing_all_windows,rev_otb_group_association,
dev_hotel_analytics,fct_pacing_all_windows,rev_otb_group_citywide,
dev_hotel_analytics,fct_pacing_all_windows,rev_otb_group_corporate,
dev_hotel_analytics,fct_pacing_all_windows,rev_otb_group_entertainment,
dev_hotel_analytics,fct_pacing_all_windows,rev_otb_group_government,
dev_hotel_analytics,fct_pacing_all_windows,rev_otb_group_smerf,
dev_hotel_analytics,fct_pacing_all_windows,rev_otb_group_social,
dev_hotel_analytics,fct_pacing_all_windows,rev_otb_group_tour,
dev_hotel_analytics,fct_pacing_all_windows,rev_otb_group_wedding,
dev_hotel_analytics,fct_pacing_all_windows,rev_otb_transient_consortia,
dev_hotel_analytics,fct_pacing_all_windows,rev_otb_transient_government,
dev_hotel_analytics,fct_pacing_all_windows,rev_otb_transient_negotiated,
dev_hotel_analytics,fct_pacing_all_windows,rev_otb_transient_opaque,
dev_hotel_analytics,fct_pacing_all_windows,rev_otb_transient_package,
dev_hotel_analytics,fct_pacing_all_windows,rev_otb_transient_packages,
dev_hotel_analytics,fct_pacing_all_windows,rev_otb_transient_promotion,
dev_hotel_analytics,fct_pacing_all_windows,rev_otb_transient_qualified,
dev_hotel_analytics,fct_pacing_all_windows,rev_otb_transient_retail,
dev_hotel_analytics,fct_pacing_all_windows,rev_otb_transient_unqualified,
dev_hotel_costar,MonthlyStar,rev_pct_chg,Revenue Percentage Change
dev_hotel_costar,MonthlyStar,rev_pct_chg_py,Revenue Percentage Change Prior Year
dev_hotel_costar,MonthlyStar,rev_pct_chg_ytd,Revenue Percentage Change Year to Date
dev_hotel_costar,MonthlyStar,rev_pct_chg_ytd_py,Revenue Percentage Change Year to Date Prior Year
dev_hotel_costar,MonthlyStar,rev_py,Revenue Actualized Prior Year
dev_hotel_costar,DayStar,rev_py,Total room revenue
dev_hotel_analytics,vw_pace_segment_change_by_period,rev_st2y,The revenue booked for the same time two years ago.
dev_hotel_analytics,snap_pace_segment,rev_st2y,The revenue on the books for the stay date at the same time two years ago.
dev_hotel_analytics,vw_pace_roomtype,rev_st2y,The revenue on the books for the same stay date two years ago.
dev_hotel_analytics,snap_pace_roomtype,rev_st2y,The revenue booked for the same stay date two years ago.
dev_hotel_analytics,vw_pace_roomtype_current,rev_st2y,
dev_hotel_analytics,vw_pace_segment,rev_st2y,
dev_hotel_analytics,vw_pace_segment_current,rev_st2y,
dev_hotel_analytics,vw_pace_segment_monthly,rev_st2y__complimentary,The revenue from complimentary rooms for the same time two years ago.
dev_hotel_analytics,vw_pace_segment_monthly,rev_st2y__group_association,The revenue from group association rooms for the same time two years ago.
dev_hotel_analytics,vw_pace_segment_monthly,rev_st2y__group_citywide,The revenue from group citywide rooms for the same time two years ago.
dev_hotel_analytics,vw_pace_segment_monthly,rev_st2y__group_corporate,The revenue from group corporate rooms for the same time two years ago.
dev_hotel_analytics,vw_pace_segment_monthly,rev_st2y__group_entertainment,The revenue from group entertainment rooms for the same time two years ago.
dev_hotel_analytics,vw_pace_segment_monthly,rev_st2y__group_government,The revenue from group government rooms for the same time two years ago.
dev_hotel_analytics,vw_pace_segment_monthly,rev_st2y__group_smerf,The revenue from group SMERF rooms for the same time two years ago.
dev_hotel_analytics,vw_pace_segment_monthly,rev_st2y__group_social,The revenue from group social rooms for the same time two years ago.
dev_hotel_analytics,vw_pace_segment_monthly,rev_st2y__group_tour,The revenue from group tour rooms for the same time two years ago.
dev_hotel_analytics,vw_pace_segment_monthly,rev_st2y__group_wedding,The revenue from group wedding rooms for the same time two years ago.
dev_hotel_analytics,vw_pace_segment_monthly,rev_st2y__transient_consortia,The revenue from transient consortia rooms for the same time two years ago.
dev_hotel_analytics,vw_pace_segment_monthly,rev_st2y__transient_government,The revenue from transient government rooms for the same time two years ago.
dev_hotel_analytics,vw_pace_segment_monthly,rev_st2y__transient_negotiated,The revenue from transient negotiated rooms for the same time two years ago.
dev_hotel_analytics,vw_pace_segment_monthly,rev_st2y__transient_opaque,The revenue from transient opaque rooms for the same time two years ago.
dev_hotel_analytics,vw_pace_segment_monthly,rev_st2y__transient_package,The revenue from transient package rooms for the same time two years ago.
dev_hotel_analytics,vw_pace_segment_monthly,rev_st2y__transient_packages,The revenue from transient packages rooms for the same time two years ago.
dev_hotel_analytics,vw_pace_segment_monthly,rev_st2y__transient_promotion,The revenue from transient promotion rooms for the same time two years ago.
dev_hotel_analytics,vw_pace_segment_monthly,rev_st2y__transient_qualified,The revenue from transient qualified rooms for the same time two years ago.
dev_hotel_analytics,vw_pace_segment_monthly,rev_st2y__transient_retail,The revenue from transient retail rooms for the same time two years ago.
dev_hotel_analytics,vw_pace_segment_monthly,rev_st2y__transient_unqualified,The revenue from transient unqualified rooms for the same time two years ago.
dev_hotel_analytics,vw_pace_segment_change_by_period,rev_st2y_change_120_day,The change in revenue same time two years ago over 120 days.
dev_hotel_analytics,vw_pace_segment_change_by_period,rev_st2y_change_14_day,The change in revenue same time two years ago over 14 days.
dev_hotel_analytics,vw_pace_segment_change_by_period,rev_st2y_change_1_day,The change in revenue same time two years ago over 1 day.
dev_hotel_analytics,vw_pace_segment_change_by_period,rev_st2y_change_21_day,The change in revenue same time two years ago over 21 days.
dev_hotel_analytics,vw_pace_segment_change_by_period,rev_st2y_change_30_day,The change in revenue same time two years ago over 30 days.
dev_hotel_analytics,vw_pace_segment_change_by_period,rev_st2y_change_3_day,The change in revenue same time two years ago over 3 days.
dev_hotel_analytics,vw_pace_segment_change_by_period,rev_st2y_change_60_day,The change in revenue same time two years ago over 60 days.
dev_hotel_analytics,vw_pace_segment_change_by_period,rev_st2y_change_7_day,The change in revenue same time two years ago over 7 days.
dev_hotel_analytics,vw_pace_segment_change_by_period,rev_st2y_change_90_day,The change in revenue same time two years ago over 90 days.
dev_hotel_analytics,vw_pace_segment_change_by_period,rev_stly,The revenue booked for the same time last year.
dev_hotel_analytics,snap_pace_segment,rev_stly,The revenue on the books for the stay date at the same time last year.
dev_hotel_analytics,vw_pace_roomtype,rev_stly,The revenue on the books for the same stay date last year.
dev_hotel_analytics,snap_pace_roomtype,rev_stly,The revenue booked for the same stay date last year.
dev_hotel_analytics,vw_pace_roomtype_current,rev_stly,
dev_hotel_analytics,vw_pace_segment,rev_stly,
dev_hotel_analytics,vw_pace_segment_current,rev_stly,
dev_hotel_analytics,vw_pace_roomtype_change_by_period_current,rev_stly__commissioner_suite,The revenue from Commissioner Suite rooms on the books for the same period last year.
dev_hotel_analytics,vw_pace_segment_change_by_period_current,rev_stly__complimentary,
dev_hotel_analytics,vw_pace_segment_monthly,rev_stly__complimentary,The revenue from complimentary rooms for the same time last year.
dev_hotel_analytics,vw_pace_segment_change_by_period_monthly_current,rev_stly__complimentary,
dev_hotel_analytics,vw_pace_roomtype_change_by_period_current,rev_stly__deluxe_king,The revenue from Deluxe King rooms on the books for the same period last year.
dev_hotel_analytics,vw_pace_roomtype_change_by_period_current,rev_stly__foundation_king,The revenue from Foundation King rooms on the books for the same period last year.
dev_hotel_analytics,vw_pace_roomtype_change_by_period_current,rev_stly__foundation_king_ada,The revenue from ADA-compliant Foundation King rooms on the books for the same period last year.
dev_hotel_analytics,vw_pace_roomtype_change_by_period_current,rev_stly__foundation_two_queen,The revenue from Foundation Two Queen rooms on the books for the same period last year.
dev_hotel_analytics,vw_pace_segment_change_by_period_current,rev_stly__group_association,
dev_hotel_analytics,vw_pace_segment_monthly,rev_stly__group_association,The revenue from group association rooms for the same time last year.
dev_hotel_analytics,vw_pace_segment_change_by_period_monthly_current,rev_stly__group_association,
dev_hotel_analytics,vw_pace_segment_change_by_period_current,rev_stly__group_citywide,
dev_hotel_analytics,vw_pace_segment_monthly,rev_stly__group_citywide,The revenue from group citywide rooms for the same time last year.
dev_hotel_analytics,vw_pace_segment_change_by_period_monthly_current,rev_stly__group_citywide,
dev_hotel_analytics,vw_pace_segment_change_by_period_current,rev_stly__group_corporate,
dev_hotel_analytics,vw_pace_segment_monthly,rev_stly__group_corporate,The revenue from group corporate rooms for the same time last year.
dev_hotel_analytics,vw_pace_segment_change_by_period_monthly_current,rev_stly__group_corporate,
dev_hotel_analytics,vw_pace_segment_change_by_period_current,rev_stly__group_entertainment,
dev_hotel_analytics,vw_pace_segment_monthly,rev_stly__group_entertainment,The revenue from group entertainment rooms for the same time last year.
dev_hotel_analytics,vw_pace_segment_change_by_period_monthly_current,rev_stly__group_entertainment,
dev_hotel_analytics,vw_pace_segment_change_by_period_current,rev_stly__group_government,
dev_hotel_analytics,vw_pace_segment_monthly,rev_stly__group_government,The revenue from group government rooms for the same time last year.
dev_hotel_analytics,vw_pace_segment_change_by_period_monthly_current,rev_stly__group_government,
dev_hotel_analytics,vw_pace_segment_change_by_period_current,rev_stly__group_smerf,
dev_hotel_analytics,vw_pace_segment_monthly,rev_stly__group_smerf,The revenue from group SMERF rooms for the same time last year.
dev_hotel_analytics,vw_pace_segment_change_by_period_monthly_current,rev_stly__group_smerf,
dev_hotel_analytics,vw_pace_segment_change_by_period_current,rev_stly__group_social,
dev_hotel_analytics,vw_pace_segment_monthly,rev_stly__group_social,The revenue from group social rooms for the same time last year.
dev_hotel_analytics,vw_pace_segment_change_by_period_monthly_current,rev_stly__group_social,
dev_hotel_analytics,vw_pace_segment_change_by_period_current,rev_stly__group_tour,
dev_hotel_analytics,vw_pace_segment_monthly,rev_stly__group_tour,The revenue from group tour rooms for the same time last year.
dev_hotel_analytics,vw_pace_segment_change_by_period_monthly_current,rev_stly__group_tour,
dev_hotel_analytics,vw_pace_segment_change_by_period_current,rev_stly__group_wedding,
dev_hotel_analytics,vw_pace_segment_monthly,rev_stly__group_wedding,The revenue from group wedding rooms for the same time last year.
dev_hotel_analytics,vw_pace_segment_change_by_period_monthly_current,rev_stly__group_wedding,
dev_hotel_analytics,vw_pace_roomtype_change_by_period_current,rev_stly__junior_suite,The revenue from Junior Suite rooms on the books for the same period last year.
dev_hotel_analytics,vw_pace_roomtype_change_by_period_current,rev_stly__king_guestroom,The revenue from King Guestroom rooms on the books for the same period last year.
dev_hotel_analytics,vw_pace_roomtype_change_by_period_current,rev_stly__secretary_suite,The revenue from Secretary Suite rooms on the books for the same period last year.
dev_hotel_analytics,vw_pace_segment_change_by_period_current,rev_stly__transient_consortia,
dev_hotel_analytics,vw_pace_segment_monthly,rev_stly__transient_consortia,The revenue from transient consortia rooms for the same time last year.
dev_hotel_analytics,vw_pace_segment_change_by_period_monthly_current,rev_stly__transient_consortia,
dev_hotel_analytics,vw_pace_segment_change_by_period_current,rev_stly__transient_government,
dev_hotel_analytics,vw_pace_segment_monthly,rev_stly__transient_government,The revenue from transient government rooms for the same time last year.
dev_hotel_analytics,vw_pace_segment_change_by_period_monthly_current,rev_stly__transient_government,
dev_hotel_analytics,vw_pace_segment_change_by_period_current,rev_stly__transient_negotiated,
dev_hotel_analytics,vw_pace_segment_monthly,rev_stly__transient_negotiated,The revenue from transient negotiated rooms for the same time last year.
dev_hotel_analytics,vw_pace_segment_change_by_period_monthly_current,rev_stly__transient_negotiated,
dev_hotel_analytics,vw_pace_segment_change_by_period_current,rev_stly__transient_opaque,
dev_hotel_analytics,vw_pace_segment_monthly,rev_stly__transient_opaque,The revenue from transient opaque rooms for the same time last year.
dev_hotel_analytics,vw_pace_segment_change_by_period_monthly_current,rev_stly__transient_opaque,
dev_hotel_analytics,vw_pace_segment_change_by_period_current,rev_stly__transient_package,
dev_hotel_analytics,vw_pace_segment_monthly,rev_stly__transient_package,The revenue from transient package rooms for the same time last year.
dev_hotel_analytics,vw_pace_segment_change_by_period_monthly_current,rev_stly__transient_package,
dev_hotel_analytics,vw_pace_segment_change_by_period_current,rev_stly__transient_packages,
dev_hotel_analytics,vw_pace_segment_monthly,rev_stly__transient_packages,The revenue from transient packages rooms for the same time last year.
dev_hotel_analytics,vw_pace_segment_change_by_period_monthly_current,rev_stly__transient_packages,
dev_hotel_analytics,vw_pace_segment_change_by_period_current,rev_stly__transient_promotion,
dev_hotel_analytics,vw_pace_segment_monthly,rev_stly__transient_promotion,The revenue from transient promotion rooms for the same time last year.
dev_hotel_analytics,vw_pace_segment_change_by_period_monthly_current,rev_stly__transient_promotion,
dev_hotel_analytics,vw_pace_segment_change_by_period_current,rev_stly__transient_qualified,
dev_hotel_analytics,vw_pace_segment_monthly,rev_stly__transient_qualified,The revenue from transient qualified rooms for the same time last year.
dev_hotel_analytics,vw_pace_segment_change_by_period_monthly_current,rev_stly__transient_qualified,
dev_hotel_analytics,vw_pace_segment_change_by_period_current,rev_stly__transient_retail,
dev_hotel_analytics,vw_pace_segment_monthly,rev_stly__transient_retail,The revenue from transient retail rooms for the same time last year.
dev_hotel_analytics,vw_pace_segment_change_by_period_monthly_current,rev_stly__transient_retail,
dev_hotel_analytics,vw_pace_segment_change_by_period_current,rev_stly__transient_unqualified,
dev_hotel_analytics,vw_pace_segment_monthly,rev_stly__transient_unqualified,The revenue from transient unqualified rooms for the same time last year.
dev_hotel_analytics,vw_pace_segment_change_by_period_monthly_current,rev_stly__transient_unqualified,
dev_hotel_analytics,vw_pace_roomtype_change_by_period_current,rev_stly__two_queen_guestroom,The revenue from Two Queen Guestroom rooms on the books for the same period last year.
dev_hotel_analytics,vw_pace_roomtype_change_by_period_current,rev_stly__two_queen_guestroom_ada,The revenue from ADA-compliant Two Queen Guestroom rooms on the books for the same period last year.
dev_hotel_analytics,vw_pace_segment_change_by_period,rev_stly_change_120_day,The change in revenue same time last year over 120 days.
dev_hotel_analytics,vw_pace_segment_change_by_period,rev_stly_change_14_day,The change in revenue same time last year over 14 days.
dev_hotel_analytics,vw_pace_segment_change_by_period,rev_stly_change_1_day,The change in revenue same time last year over 1 day.
dev_hotel_analytics,vw_pace_segment_change_by_period,rev_stly_change_21_day,The change in revenue same time last year over 21 days.
dev_hotel_analytics,vw_pace_segment_change_by_period,rev_stly_change_30_day,The change in revenue same time last year over 30 days.
dev_hotel_analytics,vw_pace_segment_change_by_period,rev_stly_change_3_day,The change in revenue same time last year over 3 days.
dev_hotel_analytics,vw_pace_segment_change_by_period,rev_stly_change_60_day,The change in revenue same time last year over 60 days.
dev_hotel_analytics,vw_pace_segment_change_by_period,rev_stly_change_7_day,The change in revenue same time last year over 7 days.
dev_hotel_analytics,vw_pace_segment_change_by_period,rev_stly_change_90_day,The change in revenue same time last year over 90 days.
dev_hotel_analytics,vw_pace_roomtype_change_by_period_current,rev_stly_chg_001_day__commissioner_suite,
dev_hotel_analytics,vw_pace_segment_change_by_period_current,rev_stly_chg_001_day__complimentary,
dev_hotel_analytics,vw_pace_segment_change_by_period_monthly_current,rev_stly_chg_001_day__complimentary,
dev_hotel_analytics,vw_pace_roomtype_change_by_period_current,rev_stly_chg_001_day__deluxe_king,
dev_hotel_analytics,vw_pace_roomtype_change_by_period_current,rev_stly_chg_001_day__foundation_king,
dev_hotel_analytics,vw_pace_roomtype_change_by_period_current,rev_stly_chg_001_day__foundation_king_ada,
dev_hotel_analytics,vw_pace_roomtype_change_by_period_current,rev_stly_chg_001_day__foundation_two_queen,
dev_hotel_analytics,vw_pace_segment_change_by_period_current,rev_stly_chg_001_day__group_association,
dev_hotel_analytics,vw_pace_segment_change_by_period_monthly_current,rev_stly_chg_001_day__group_association,
dev_hotel_analytics,vw_pace_segment_change_by_period_current,rev_stly_chg_001_day__group_citywide,
dev_hotel_analytics,vw_pace_segment_change_by_period_monthly_current,rev_stly_chg_001_day__group_citywide,
dev_hotel_analytics,vw_pace_segment_change_by_period_current,rev_stly_chg_001_day__group_corporate,
dev_hotel_analytics,vw_pace_segment_change_by_period_monthly_current,rev_stly_chg_001_day__group_corporate,
dev_hotel_analytics,vw_pace_segment_change_by_period_current,rev_stly_chg_001_day__group_entertainment,
dev_hotel_analytics,vw_pace_segment_change_by_period_monthly_current,rev_stly_chg_001_day__group_entertainment,
dev_hotel_analytics,vw_pace_segment_change_by_period_current,rev_stly_chg_001_day__group_government,
dev_hotel_analytics,vw_pace_segment_change_by_period_monthly_current,rev_stly_chg_001_day__group_government,
dev_hotel_analytics,vw_pace_segment_change_by_period_current,rev_stly_chg_001_day__group_smerf,
dev_hotel_analytics,vw_pace_segment_change_by_period_monthly_current,rev_stly_chg_001_day__group_smerf,
dev_hotel_analytics,vw_pace_segment_change_by_period_current,rev_stly_chg_001_day__group_social,
dev_hotel_analytics,vw_pace_segment_change_by_period_monthly_current,rev_stly_chg_001_day__group_social,
dev_hotel_analytics,vw_pace_segment_change_by_period_current,rev_stly_chg_001_day__group_tour,
dev_hotel_analytics,vw_pace_segment_change_by_period_monthly_current,rev_stly_chg_001_day__group_tour,
dev_hotel_analytics,vw_pace_segment_change_by_period_current,rev_stly_chg_001_day__group_wedding,
dev_hotel_analytics,vw_pace_segment_change_by_period_monthly_current,rev_stly_chg_001_day__group_wedding,
dev_hotel_analytics,vw_pace_roomtype_change_by_period_current,rev_stly_chg_001_day__junior_suite,
dev_hotel_analytics,vw_pace_roomtype_change_by_period_current,rev_stly_chg_001_day__king_guestroom,
dev_hotel_analytics,vw_pace_roomtype_change_by_period_current,rev_stly_chg_001_day__secretary_suite,
dev_hotel_analytics,vw_pace_segment_change_by_period_current,rev_stly_chg_001_day__transient_consortia,
dev_hotel_analytics,vw_pace_segment_change_by_period_monthly_current,rev_stly_chg_001_day__transient_consortia,
dev_hotel_analytics,vw_pace_segment_change_by_period_current,rev_stly_chg_001_day__transient_government,
dev_hotel_analytics,vw_pace_segment_change_by_period_monthly_current,rev_stly_chg_001_day__transient_government,
dev_hotel_analytics,vw_pace_segment_change_by_period_current,rev_stly_chg_001_day__transient_negotiated,
dev_hotel_analytics,vw_pace_segment_change_by_period_monthly_current,rev_stly_chg_001_day__transient_negotiated,
dev_hotel_analytics,vw_pace_segment_change_by_period_current,rev_stly_chg_001_day__transient_opaque,
dev_hotel_analytics,vw_pace_segment_change_by_period_monthly_current,rev_stly_chg_001_day__transient_opaque,
dev_hotel_analytics,vw_pace_segment_change_by_period_current,rev_stly_chg_001_day__transient_package,
dev_hotel_analytics,vw_pace_segment_change_by_period_monthly_current,rev_stly_chg_001_day__transient_package,
dev_hotel_analytics,vw_pace_segment_change_by_period_current,rev_stly_chg_001_day__transient_packages,
dev_hotel_analytics,vw_pace_segment_change_by_period_monthly_current,rev_stly_chg_001_day__transient_packages,
dev_hotel_analytics,vw_pace_segment_change_by_period_current,rev_stly_chg_001_day__transient_promotion,
dev_hotel_analytics,vw_pace_segment_change_by_period_monthly_current,rev_stly_chg_001_day__transient_promotion,
dev_hotel_analytics,vw_pace_segment_change_by_period_current,rev_stly_chg_001_day__transient_qualified,
dev_hotel_analytics,vw_pace_segment_change_by_period_monthly_current,rev_stly_chg_001_day__transient_qualified,
dev_hotel_analytics,vw_pace_segment_change_by_period_current,rev_stly_chg_001_day__transient_retail,
dev_hotel_analytics,vw_pace_segment_change_by_period_monthly_current,rev_stly_chg_001_day__transient_retail,
dev_hotel_analytics,vw_pace_segment_change_by_period_current,rev_stly_chg_001_day__transient_unqualified,
dev_hotel_analytics,vw_pace_segment_change_by_period_monthly_current,rev_stly_chg_001_day__transient_unqualified,
dev_hotel_analytics,vw_pace_roomtype_change_by_period_current,rev_stly_chg_001_day__two_queen_guestroom,
dev_hotel_analytics,vw_pace_roomtype_change_by_period_current,rev_stly_chg_001_day__two_queen_guestroom_ada,
dev_hotel_analytics,vw_pace_roomtype_change_by_period_current,rev_stly_chg_003_day__commissioner_suite,
dev_hotel_analytics,vw_pace_segment_change_by_period_current,rev_stly_chg_003_day__complimentary,
dev_hotel_analytics,vw_pace_segment_change_by_period_monthly_current,rev_stly_chg_003_day__complimentary,
dev_hotel_analytics,vw_pace_roomtype_change_by_period_current,rev_stly_chg_003_day__deluxe_king,
dev_hotel_analytics,vw_pace_roomtype_change_by_period_current,rev_stly_chg_003_day__foundation_king,
dev_hotel_analytics,vw_pace_roomtype_change_by_period_current,rev_stly_chg_003_day__foundation_king_ada,
dev_hotel_analytics,vw_pace_roomtype_change_by_period_current,rev_stly_chg_003_day__foundation_two_queen,
dev_hotel_analytics,vw_pace_segment_change_by_period_current,rev_stly_chg_003_day__group_association,
dev_hotel_analytics,vw_pace_segment_change_by_period_monthly_current,rev_stly_chg_003_day__group_association,
dev_hotel_analytics,vw_pace_segment_change_by_period_current,rev_stly_chg_003_day__group_citywide,
dev_hotel_analytics,vw_pace_segment_change_by_period_monthly_current,rev_stly_chg_003_day__group_citywide,
dev_hotel_analytics,vw_pace_segment_change_by_period_current,rev_stly_chg_003_day__group_corporate,
dev_hotel_analytics,vw_pace_segment_change_by_period_monthly_current,rev_stly_chg_003_day__group_corporate,
dev_hotel_analytics,vw_pace_segment_change_by_period_current,rev_stly_chg_003_day__group_entertainment,
dev_hotel_analytics,vw_pace_segment_change_by_period_monthly_current,rev_stly_chg_003_day__group_entertainment,
dev_hotel_analytics,vw_pace_segment_change_by_period_current,rev_stly_chg_003_day__group_government,
dev_hotel_analytics,vw_pace_segment_change_by_period_monthly_current,rev_stly_chg_003_day__group_government,
dev_hotel_analytics,vw_pace_segment_change_by_period_current,rev_stly_chg_003_day__group_smerf,
dev_hotel_analytics,vw_pace_segment_change_by_period_monthly_current,rev_stly_chg_003_day__group_smerf,
dev_hotel_analytics,vw_pace_segment_change_by_period_current,rev_stly_chg_003_day__group_social,
dev_hotel_analytics,vw_pace_segment_change_by_period_monthly_current,rev_stly_chg_003_day__group_social,
dev_hotel_analytics,vw_pace_segment_change_by_period_current,rev_stly_chg_003_day__group_tour,
dev_hotel_analytics,vw_pace_segment_change_by_period_monthly_current,rev_stly_chg_003_day__group_tour,
dev_hotel_analytics,vw_pace_segment_change_by_period_current,rev_stly_chg_003_day__group_wedding,
dev_hotel_analytics,vw_pace_segment_change_by_period_monthly_current,rev_stly_chg_003_day__group_wedding,
dev_hotel_analytics,vw_pace_roomtype_change_by_period_current,rev_stly_chg_003_day__junior_suite,
dev_hotel_analytics,vw_pace_roomtype_change_by_period_current,rev_stly_chg_003_day__king_guestroom,
dev_hotel_analytics,vw_pace_roomtype_change_by_period_current,rev_stly_chg_003_day__secretary_suite,
dev_hotel_analytics,vw_pace_segment_change_by_period_current,rev_stly_chg_003_day__transient_consortia,
dev_hotel_analytics,vw_pace_segment_change_by_period_monthly_current,rev_stly_chg_003_day__transient_consortia,
dev_hotel_analytics,vw_pace_segment_change_by_period_current,rev_stly_chg_003_day__transient_government,
dev_hotel_analytics,vw_pace_segment_change_by_period_monthly_current,rev_stly_chg_003_day__transient_government,
dev_hotel_analytics,vw_pace_segment_change_by_period_current,rev_stly_chg_003_day__transient_negotiated,
dev_hotel_analytics,vw_pace_segment_change_by_period_monthly_current,rev_stly_chg_003_day__transient_negotiated,
dev_hotel_analytics,vw_pace_segment_change_by_period_current,rev_stly_chg_003_day__transient_opaque,
dev_hotel_analytics,vw_pace_segment_change_by_period_monthly_current,rev_stly_chg_003_day__transient_opaque,
dev_hotel_analytics,vw_pace_segment_change_by_period_current,rev_stly_chg_003_day__transient_package,
dev_hotel_analytics,vw_pace_segment_change_by_period_monthly_current,rev_stly_chg_003_day__transient_package,
dev_hotel_analytics,vw_pace_segment_change_by_period_current,rev_stly_chg_003_day__transient_packages,
dev_hotel_analytics,vw_pace_segment_change_by_period_monthly_current,rev_stly_chg_003_day__transient_packages,
dev_hotel_analytics,vw_pace_segment_change_by_period_current,rev_stly_chg_003_day__transient_promotion,
dev_hotel_analytics,vw_pace_segment_change_by_period_monthly_current,rev_stly_chg_003_day__transient_promotion,
dev_hotel_analytics,vw_pace_segment_change_by_period_current,rev_stly_chg_003_day__transient_qualified,
dev_hotel_analytics,vw_pace_segment_change_by_period_monthly_current,rev_stly_chg_003_day__transient_qualified,
dev_hotel_analytics,vw_pace_segment_change_by_period_current,rev_stly_chg_003_day__transient_retail,
dev_hotel_analytics,vw_pace_segment_change_by_period_monthly_current,rev_stly_chg_003_day__transient_retail,
dev_hotel_analytics,vw_pace_segment_change_by_period_current,rev_stly_chg_003_day__transient_unqualified,
dev_hotel_analytics,vw_pace_segment_change_by_period_monthly_current,rev_stly_chg_003_day__transient_unqualified,
dev_hotel_analytics,vw_pace_roomtype_change_by_period_current,rev_stly_chg_003_day__two_queen_guestroom,
dev_hotel_analytics,vw_pace_roomtype_change_by_period_current,rev_stly_chg_003_day__two_queen_guestroom_ada,
dev_hotel_analytics,vw_pace_roomtype_change_by_period_current,rev_stly_chg_007_day__commissioner_suite,
dev_hotel_analytics,vw_pace_segment_change_by_period_current,rev_stly_chg_007_day__complimentary,
dev_hotel_analytics,vw_pace_segment_change_by_period_monthly_current,rev_stly_chg_007_day__complimentary,
dev_hotel_analytics,vw_pace_roomtype_change_by_period_current,rev_stly_chg_007_day__deluxe_king,
dev_hotel_analytics,vw_pace_roomtype_change_by_period_current,rev_stly_chg_007_day__foundation_king,
dev_hotel_analytics,vw_pace_roomtype_change_by_period_current,rev_stly_chg_007_day__foundation_king_ada,
dev_hotel_analytics,vw_pace_roomtype_change_by_period_current,rev_stly_chg_007_day__foundation_two_queen,
dev_hotel_analytics,vw_pace_segment_change_by_period_current,rev_stly_chg_007_day__group_association,
dev_hotel_analytics,vw_pace_segment_change_by_period_monthly_current,rev_stly_chg_007_day__group_association,
dev_hotel_analytics,vw_pace_segment_change_by_period_current,rev_stly_chg_007_day__group_citywide,
dev_hotel_analytics,vw_pace_segment_change_by_period_monthly_current,rev_stly_chg_007_day__group_citywide,
dev_hotel_analytics,vw_pace_segment_change_by_period_current,rev_stly_chg_007_day__group_corporate,
dev_hotel_analytics,vw_pace_segment_change_by_period_monthly_current,rev_stly_chg_007_day__group_corporate,
dev_hotel_analytics,vw_pace_segment_change_by_period_current,rev_stly_chg_007_day__group_entertainment,
dev_hotel_analytics,vw_pace_segment_change_by_period_monthly_current,rev_stly_chg_007_day__group_entertainment,
dev_hotel_analytics,vw_pace_segment_change_by_period_current,rev_stly_chg_007_day__group_government,
dev_hotel_analytics,vw_pace_segment_change_by_period_monthly_current,rev_stly_chg_007_day__group_government,
dev_hotel_analytics,vw_pace_segment_change_by_period_current,rev_stly_chg_007_day__group_smerf,
dev_hotel_analytics,vw_pace_segment_change_by_period_monthly_current,rev_stly_chg_007_day__group_smerf,
dev_hotel_analytics,vw_pace_segment_change_by_period_current,rev_stly_chg_007_day__group_social,
dev_hotel_analytics,vw_pace_segment_change_by_period_monthly_current,rev_stly_chg_007_day__group_social,
dev_hotel_analytics,vw_pace_segment_change_by_period_current,rev_stly_chg_007_day__group_tour,
dev_hotel_analytics,vw_pace_segment_change_by_period_monthly_current,rev_stly_chg_007_day__group_tour,
dev_hotel_analytics,vw_pace_segment_change_by_period_current,rev_stly_chg_007_day__group_wedding,
dev_hotel_analytics,vw_pace_segment_change_by_period_monthly_current,rev_stly_chg_007_day__group_wedding,
dev_hotel_analytics,vw_pace_roomtype_change_by_period_current,rev_stly_chg_007_day__junior_suite,
dev_hotel_analytics,vw_pace_roomtype_change_by_period_current,rev_stly_chg_007_day__king_guestroom,
dev_hotel_analytics,vw_pace_roomtype_change_by_period_current,rev_stly_chg_007_day__secretary_suite,
dev_hotel_analytics,vw_pace_segment_change_by_period_current,rev_stly_chg_007_day__transient_consortia,
dev_hotel_analytics,vw_pace_segment_change_by_period_monthly_current,rev_stly_chg_007_day__transient_consortia,
dev_hotel_analytics,vw_pace_segment_change_by_period_current,rev_stly_chg_007_day__transient_government,
dev_hotel_analytics,vw_pace_segment_change_by_period_monthly_current,rev_stly_chg_007_day__transient_government,
dev_hotel_analytics,vw_pace_segment_change_by_period_current,rev_stly_chg_007_day__transient_negotiated,
dev_hotel_analytics,vw_pace_segment_change_by_period_monthly_current,rev_stly_chg_007_day__transient_negotiated,
dev_hotel_analytics,vw_pace_segment_change_by_period_current,rev_stly_chg_007_day__transient_opaque,
dev_hotel_analytics,vw_pace_segment_change_by_period_monthly_current,rev_stly_chg_007_day__transient_opaque,
dev_hotel_analytics,vw_pace_segment_change_by_period_current,rev_stly_chg_007_day__transient_package,
dev_hotel_analytics,vw_pace_segment_change_by_period_monthly_current,rev_stly_chg_007_day__transient_package,
dev_hotel_analytics,vw_pace_segment_change_by_period_current,rev_stly_chg_007_day__transient_packages,
dev_hotel_analytics,vw_pace_segment_change_by_period_monthly_current,rev_stly_chg_007_day__transient_packages,
dev_hotel_analytics,vw_pace_segment_change_by_period_current,rev_stly_chg_007_day__transient_promotion,
dev_hotel_analytics,vw_pace_segment_change_by_period_monthly_current,rev_stly_chg_007_day__transient_promotion,
dev_hotel_analytics,vw_pace_segment_change_by_period_current,rev_stly_chg_007_day__transient_qualified,
dev_hotel_analytics,vw_pace_segment_change_by_period_monthly_current,rev_stly_chg_007_day__transient_qualified,
dev_hotel_analytics,vw_pace_segment_change_by_period_current,rev_stly_chg_007_day__transient_retail,
dev_hotel_analytics,vw_pace_segment_change_by_period_monthly_current,rev_stly_chg_007_day__transient_retail,
dev_hotel_analytics,vw_pace_segment_change_by_period_current,rev_stly_chg_007_day__transient_unqualified,
dev_hotel_analytics,vw_pace_segment_change_by_period_monthly_current,rev_stly_chg_007_day__transient_unqualified,
dev_hotel_analytics,vw_pace_roomtype_change_by_period_current,rev_stly_chg_007_day__two_queen_guestroom,
dev_hotel_analytics,vw_pace_roomtype_change_by_period_current,rev_stly_chg_007_day__two_queen_guestroom_ada,
dev_hotel_analytics,vw_pace_roomtype_change_by_period_current,rev_stly_chg_014_day__commissioner_suite,
dev_hotel_analytics,vw_pace_segment_change_by_period_current,rev_stly_chg_014_day__complimentary,
dev_hotel_analytics,vw_pace_segment_change_by_period_monthly_current,rev_stly_chg_014_day__complimentary,
dev_hotel_analytics,vw_pace_roomtype_change_by_period_current,rev_stly_chg_014_day__deluxe_king,
dev_hotel_analytics,vw_pace_roomtype_change_by_period_current,rev_stly_chg_014_day__foundation_king,
dev_hotel_analytics,vw_pace_roomtype_change_by_period_current,rev_stly_chg_014_day__foundation_king_ada,
dev_hotel_analytics,vw_pace_roomtype_change_by_period_current,rev_stly_chg_014_day__foundation_two_queen,
dev_hotel_analytics,vw_pace_segment_change_by_period_current,rev_stly_chg_014_day__group_association,
dev_hotel_analytics,vw_pace_segment_change_by_period_monthly_current,rev_stly_chg_014_day__group_association,
dev_hotel_analytics,vw_pace_segment_change_by_period_current,rev_stly_chg_014_day__group_citywide,
dev_hotel_analytics,vw_pace_segment_change_by_period_monthly_current,rev_stly_chg_014_day__group_citywide,
dev_hotel_analytics,vw_pace_segment_change_by_period_current,rev_stly_chg_014_day__group_corporate,
dev_hotel_analytics,vw_pace_segment_change_by_period_monthly_current,rev_stly_chg_014_day__group_corporate,
dev_hotel_analytics,vw_pace_segment_change_by_period_current,rev_stly_chg_014_day__group_entertainment,
dev_hotel_analytics,vw_pace_segment_change_by_period_monthly_current,rev_stly_chg_014_day__group_entertainment,
dev_hotel_analytics,vw_pace_segment_change_by_period_current,rev_stly_chg_014_day__group_government,
dev_hotel_analytics,vw_pace_segment_change_by_period_monthly_current,rev_stly_chg_014_day__group_government,
dev_hotel_analytics,vw_pace_segment_change_by_period_current,rev_stly_chg_014_day__group_smerf,
dev_hotel_analytics,vw_pace_segment_change_by_period_monthly_current,rev_stly_chg_014_day__group_smerf,
dev_hotel_analytics,vw_pace_segment_change_by_period_current,rev_stly_chg_014_day__group_social,
dev_hotel_analytics,vw_pace_segment_change_by_period_monthly_current,rev_stly_chg_014_day__group_social,
dev_hotel_analytics,vw_pace_segment_change_by_period_current,rev_stly_chg_014_day__group_tour,
dev_hotel_analytics,vw_pace_segment_change_by_period_monthly_current,rev_stly_chg_014_day__group_tour,
dev_hotel_analytics,vw_pace_segment_change_by_period_current,rev_stly_chg_014_day__group_wedding,
dev_hotel_analytics,vw_pace_segment_change_by_period_monthly_current,rev_stly_chg_014_day__group_wedding,
dev_hotel_analytics,vw_pace_roomtype_change_by_period_current,rev_stly_chg_014_day__junior_suite,
dev_hotel_analytics,vw_pace_roomtype_change_by_period_current,rev_stly_chg_014_day__king_guestroom,
dev_hotel_analytics,vw_pace_roomtype_change_by_period_current,rev_stly_chg_014_day__secretary_suite,
dev_hotel_analytics,vw_pace_segment_change_by_period_current,rev_stly_chg_014_day__transient_consortia,
dev_hotel_analytics,vw_pace_segment_change_by_period_monthly_current,rev_stly_chg_014_day__transient_consortia,
dev_hotel_analytics,vw_pace_segment_change_by_period_current,rev_stly_chg_014_day__transient_government,
dev_hotel_analytics,vw_pace_segment_change_by_period_monthly_current,rev_stly_chg_014_day__transient_government,
dev_hotel_analytics,vw_pace_segment_change_by_period_current,rev_stly_chg_014_day__transient_negotiated,
dev_hotel_analytics,vw_pace_segment_change_by_period_monthly_current,rev_stly_chg_014_day__transient_negotiated,
dev_hotel_analytics,vw_pace_segment_change_by_period_current,rev_stly_chg_014_day__transient_opaque,
dev_hotel_analytics,vw_pace_segment_change_by_period_monthly_current,rev_stly_chg_014_day__transient_opaque,
dev_hotel_analytics,vw_pace_segment_change_by_period_current,rev_stly_chg_014_day__transient_package,
dev_hotel_analytics,vw_pace_segment_change_by_period_monthly_current,rev_stly_chg_014_day__transient_package,
dev_hotel_analytics,vw_pace_segment_change_by_period_current,rev_stly_chg_014_day__transient_packages,
dev_hotel_analytics,vw_pace_segment_change_by_period_monthly_current,rev_stly_chg_014_day__transient_packages,
dev_hotel_analytics,vw_pace_segment_change_by_period_current,rev_stly_chg_014_day__transient_promotion,
dev_hotel_analytics,vw_pace_segment_change_by_period_monthly_current,rev_stly_chg_014_day__transient_promotion,
dev_hotel_analytics,vw_pace_segment_change_by_period_current,rev_stly_chg_014_day__transient_qualified,
dev_hotel_analytics,vw_pace_segment_change_by_period_monthly_current,rev_stly_chg_014_day__transient_qualified,
dev_hotel_analytics,vw_pace_segment_change_by_period_current,rev_stly_chg_014_day__transient_retail,
dev_hotel_analytics,vw_pace_segment_change_by_period_monthly_current,rev_stly_chg_014_day__transient_retail,
dev_hotel_analytics,vw_pace_segment_change_by_period_current,rev_stly_chg_014_day__transient_unqualified,
dev_hotel_analytics,vw_pace_segment_change_by_period_monthly_current,rev_stly_chg_014_day__transient_unqualified,
dev_hotel_analytics,vw_pace_roomtype_change_by_period_current,rev_stly_chg_014_day__two_queen_guestroom,
dev_hotel_analytics,vw_pace_roomtype_change_by_period_current,rev_stly_chg_014_day__two_queen_guestroom_ada,
dev_hotel_analytics,vw_pace_roomtype_change_by_period_current,rev_stly_chg_021_day__commissioner_suite,
dev_hotel_analytics,vw_pace_segment_change_by_period_current,rev_stly_chg_021_day__complimentary,
dev_hotel_analytics,vw_pace_segment_change_by_period_monthly_current,rev_stly_chg_021_day__complimentary,
dev_hotel_analytics,vw_pace_roomtype_change_by_period_current,rev_stly_chg_021_day__deluxe_king,
dev_hotel_analytics,vw_pace_roomtype_change_by_period_current,rev_stly_chg_021_day__foundation_king,
dev_hotel_analytics,vw_pace_roomtype_change_by_period_current,rev_stly_chg_021_day__foundation_king_ada,
dev_hotel_analytics,vw_pace_roomtype_change_by_period_current,rev_stly_chg_021_day__foundation_two_queen,
dev_hotel_analytics,vw_pace_segment_change_by_period_current,rev_stly_chg_021_day__group_association,
dev_hotel_analytics,vw_pace_segment_change_by_period_monthly_current,rev_stly_chg_021_day__group_association,
dev_hotel_analytics,vw_pace_segment_change_by_period_current,rev_stly_chg_021_day__group_citywide,
dev_hotel_analytics,vw_pace_segment_change_by_period_monthly_current,rev_stly_chg_021_day__group_citywide,
dev_hotel_analytics,vw_pace_segment_change_by_period_current,rev_stly_chg_021_day__group_corporate,
dev_hotel_analytics,vw_pace_segment_change_by_period_monthly_current,rev_stly_chg_021_day__group_corporate,
dev_hotel_analytics,vw_pace_segment_change_by_period_current,rev_stly_chg_021_day__group_entertainment,
dev_hotel_analytics,vw_pace_segment_change_by_period_monthly_current,rev_stly_chg_021_day__group_entertainment,
dev_hotel_analytics,vw_pace_segment_change_by_period_current,rev_stly_chg_021_day__group_government,
dev_hotel_analytics,vw_pace_segment_change_by_period_monthly_current,rev_stly_chg_021_day__group_government,
dev_hotel_analytics,vw_pace_segment_change_by_period_current,rev_stly_chg_021_day__group_smerf,
dev_hotel_analytics,vw_pace_segment_change_by_period_monthly_current,rev_stly_chg_021_day__group_smerf,
dev_hotel_analytics,vw_pace_segment_change_by_period_current,rev_stly_chg_021_day__group_social,
dev_hotel_analytics,vw_pace_segment_change_by_period_monthly_current,rev_stly_chg_021_day__group_social,
dev_hotel_analytics,vw_pace_segment_change_by_period_current,rev_stly_chg_021_day__group_tour,
dev_hotel_analytics,vw_pace_segment_change_by_period_monthly_current,rev_stly_chg_021_day__group_tour,
dev_hotel_analytics,vw_pace_segment_change_by_period_current,rev_stly_chg_021_day__group_wedding,
dev_hotel_analytics,vw_pace_segment_change_by_period_monthly_current,rev_stly_chg_021_day__group_wedding,
dev_hotel_analytics,vw_pace_roomtype_change_by_period_current,rev_stly_chg_021_day__junior_suite,
dev_hotel_analytics,vw_pace_roomtype_change_by_period_current,rev_stly_chg_021_day__king_guestroom,
dev_hotel_analytics,vw_pace_roomtype_change_by_period_current,rev_stly_chg_021_day__secretary_suite,
dev_hotel_analytics,vw_pace_segment_change_by_period_current,rev_stly_chg_021_day__transient_consortia,
dev_hotel_analytics,vw_pace_segment_change_by_period_monthly_current,rev_stly_chg_021_day__transient_consortia,
dev_hotel_analytics,vw_pace_segment_change_by_period_current,rev_stly_chg_021_day__transient_government,
dev_hotel_analytics,vw_pace_segment_change_by_period_monthly_current,rev_stly_chg_021_day__transient_government,
dev_hotel_analytics,vw_pace_segment_change_by_period_current,rev_stly_chg_021_day__transient_negotiated,
dev_hotel_analytics,vw_pace_segment_change_by_period_monthly_current,rev_stly_chg_021_day__transient_negotiated,
dev_hotel_analytics,vw_pace_segment_change_by_period_current,rev_stly_chg_021_day__transient_opaque,
dev_hotel_analytics,vw_pace_segment_change_by_period_monthly_current,rev_stly_chg_021_day__transient_opaque,
dev_hotel_analytics,vw_pace_segment_change_by_period_current,rev_stly_chg_021_day__transient_package,
dev_hotel_analytics,vw_pace_segment_change_by_period_monthly_current,rev_stly_chg_021_day__transient_package,
dev_hotel_analytics,vw_pace_segment_change_by_period_current,rev_stly_chg_021_day__transient_packages,
dev_hotel_analytics,vw_pace_segment_change_by_period_monthly_current,rev_stly_chg_021_day__transient_packages,
dev_hotel_analytics,vw_pace_segment_change_by_period_current,rev_stly_chg_021_day__transient_promotion,
dev_hotel_analytics,vw_pace_segment_change_by_period_monthly_current,rev_stly_chg_021_day__transient_promotion,
dev_hotel_analytics,vw_pace_segment_change_by_period_current,rev_stly_chg_021_day__transient_qualified,
dev_hotel_analytics,vw_pace_segment_change_by_period_monthly_current,rev_stly_chg_021_day__transient_qualified,
dev_hotel_analytics,vw_pace_segment_change_by_period_current,rev_stly_chg_021_day__transient_retail,
dev_hotel_analytics,vw_pace_segment_change_by_period_monthly_current,rev_stly_chg_021_day__transient_retail,
dev_hotel_analytics,vw_pace_segment_change_by_period_current,rev_stly_chg_021_day__transient_unqualified,
dev_hotel_analytics,vw_pace_segment_change_by_period_monthly_current,rev_stly_chg_021_day__transient_unqualified,
dev_hotel_analytics,vw_pace_roomtype_change_by_period_current,rev_stly_chg_021_day__two_queen_guestroom,
dev_hotel_analytics,vw_pace_roomtype_change_by_period_current,rev_stly_chg_021_day__two_queen_guestroom_ada,
dev_hotel_analytics,vw_pace_roomtype_change_by_period_current,rev_stly_chg_030_day__commissioner_suite,
dev_hotel_analytics,vw_pace_segment_change_by_period_current,rev_stly_chg_030_day__complimentary,
dev_hotel_analytics,vw_pace_segment_change_by_period_monthly_current,rev_stly_chg_030_day__complimentary,
dev_hotel_analytics,vw_pace_roomtype_change_by_period_current,rev_stly_chg_030_day__deluxe_king,
dev_hotel_analytics,vw_pace_roomtype_change_by_period_current,rev_stly_chg_030_day__foundation_king,
dev_hotel_analytics,vw_pace_roomtype_change_by_period_current,rev_stly_chg_030_day__foundation_king_ada,
dev_hotel_analytics,vw_pace_roomtype_change_by_period_current,rev_stly_chg_030_day__foundation_two_queen,
dev_hotel_analytics,vw_pace_segment_change_by_period_current,rev_stly_chg_030_day__group_association,
dev_hotel_analytics,vw_pace_segment_change_by_period_monthly_current,rev_stly_chg_030_day__group_association,
dev_hotel_analytics,vw_pace_segment_change_by_period_current,rev_stly_chg_030_day__group_citywide,
dev_hotel_analytics,vw_pace_segment_change_by_period_monthly_current,rev_stly_chg_030_day__group_citywide,
dev_hotel_analytics,vw_pace_segment_change_by_period_current,rev_stly_chg_030_day__group_corporate,
dev_hotel_analytics,vw_pace_segment_change_by_period_monthly_current,rev_stly_chg_030_day__group_corporate,
dev_hotel_analytics,vw_pace_segment_change_by_period_current,rev_stly_chg_030_day__group_entertainment,
dev_hotel_analytics,vw_pace_segment_change_by_period_monthly_current,rev_stly_chg_030_day__group_entertainment,
dev_hotel_analytics,vw_pace_segment_change_by_period_current,rev_stly_chg_030_day__group_government,
dev_hotel_analytics,vw_pace_segment_change_by_period_monthly_current,rev_stly_chg_030_day__group_government,
dev_hotel_analytics,vw_pace_segment_change_by_period_current,rev_stly_chg_030_day__group_smerf,
dev_hotel_analytics,vw_pace_segment_change_by_period_monthly_current,rev_stly_chg_030_day__group_smerf,
dev_hotel_analytics,vw_pace_segment_change_by_period_current,rev_stly_chg_030_day__group_social,
dev_hotel_analytics,vw_pace_segment_change_by_period_monthly_current,rev_stly_chg_030_day__group_social,
dev_hotel_analytics,vw_pace_segment_change_by_period_current,rev_stly_chg_030_day__group_tour,
dev_hotel_analytics,vw_pace_segment_change_by_period_monthly_current,rev_stly_chg_030_day__group_tour,
dev_hotel_analytics,vw_pace_segment_change_by_period_current,rev_stly_chg_030_day__group_wedding,
dev_hotel_analytics,vw_pace_segment_change_by_period_monthly_current,rev_stly_chg_030_day__group_wedding,
dev_hotel_analytics,vw_pace_roomtype_change_by_period_current,rev_stly_chg_030_day__junior_suite,
dev_hotel_analytics,vw_pace_roomtype_change_by_period_current,rev_stly_chg_030_day__king_guestroom,
dev_hotel_analytics,vw_pace_roomtype_change_by_period_current,rev_stly_chg_030_day__secretary_suite,
dev_hotel_analytics,vw_pace_segment_change_by_period_current,rev_stly_chg_030_day__transient_consortia,
dev_hotel_analytics,vw_pace_segment_change_by_period_monthly_current,rev_stly_chg_030_day__transient_consortia,
dev_hotel_analytics,vw_pace_segment_change_by_period_current,rev_stly_chg_030_day__transient_government,
dev_hotel_analytics,vw_pace_segment_change_by_period_monthly_current,rev_stly_chg_030_day__transient_government,
dev_hotel_analytics,vw_pace_segment_change_by_period_current,rev_stly_chg_030_day__transient_negotiated,
dev_hotel_analytics,vw_pace_segment_change_by_period_monthly_current,rev_stly_chg_030_day__transient_negotiated,
dev_hotel_analytics,vw_pace_segment_change_by_period_current,rev_stly_chg_030_day__transient_opaque,
dev_hotel_analytics,vw_pace_segment_change_by_period_monthly_current,rev_stly_chg_030_day__transient_opaque,
dev_hotel_analytics,vw_pace_segment_change_by_period_current,rev_stly_chg_030_day__transient_package,
dev_hotel_analytics,vw_pace_segment_change_by_period_monthly_current,rev_stly_chg_030_day__transient_package,
dev_hotel_analytics,vw_pace_segment_change_by_period_current,rev_stly_chg_030_day__transient_packages,
dev_hotel_analytics,vw_pace_segment_change_by_period_monthly_current,rev_stly_chg_030_day__transient_packages,
dev_hotel_analytics,vw_pace_segment_change_by_period_current,rev_stly_chg_030_day__transient_promotion,
dev_hotel_analytics,vw_pace_segment_change_by_period_monthly_current,rev_stly_chg_030_day__transient_promotion,
dev_hotel_analytics,vw_pace_segment_change_by_period_current,rev_stly_chg_030_day__transient_qualified,
dev_hotel_analytics,vw_pace_segment_change_by_period_monthly_current,rev_stly_chg_030_day__transient_qualified,
dev_hotel_analytics,vw_pace_segment_change_by_period_current,rev_stly_chg_030_day__transient_retail,
dev_hotel_analytics,vw_pace_segment_change_by_period_monthly_current,rev_stly_chg_030_day__transient_retail,
dev_hotel_analytics,vw_pace_segment_change_by_period_current,rev_stly_chg_030_day__transient_unqualified,
dev_hotel_analytics,vw_pace_segment_change_by_period_monthly_current,rev_stly_chg_030_day__transient_unqualified,
dev_hotel_analytics,vw_pace_roomtype_change_by_period_current,rev_stly_chg_030_day__two_queen_guestroom,
dev_hotel_analytics,vw_pace_roomtype_change_by_period_current,rev_stly_chg_030_day__two_queen_guestroom_ada,
dev_hotel_analytics,vw_pace_roomtype_change_by_period_current,rev_stly_chg_060_day__commissioner_suite,
dev_hotel_analytics,vw_pace_segment_change_by_period_current,rev_stly_chg_060_day__complimentary,
dev_hotel_analytics,vw_pace_segment_change_by_period_monthly_current,rev_stly_chg_060_day__complimentary,
dev_hotel_analytics,vw_pace_roomtype_change_by_period_current,rev_stly_chg_060_day__deluxe_king,
dev_hotel_analytics,vw_pace_roomtype_change_by_period_current,rev_stly_chg_060_day__foundation_king,
dev_hotel_analytics,vw_pace_roomtype_change_by_period_current,rev_stly_chg_060_day__foundation_king_ada,
dev_hotel_analytics,vw_pace_roomtype_change_by_period_current,rev_stly_chg_060_day__foundation_two_queen,
dev_hotel_analytics,vw_pace_segment_change_by_period_current,rev_stly_chg_060_day__group_association,
dev_hotel_analytics,vw_pace_segment_change_by_period_monthly_current,rev_stly_chg_060_day__group_association,
dev_hotel_analytics,vw_pace_segment_change_by_period_current,rev_stly_chg_060_day__group_citywide,
dev_hotel_analytics,vw_pace_segment_change_by_period_monthly_current,rev_stly_chg_060_day__group_citywide,
dev_hotel_analytics,vw_pace_segment_change_by_period_current,rev_stly_chg_060_day__group_corporate,
dev_hotel_analytics,vw_pace_segment_change_by_period_monthly_current,rev_stly_chg_060_day__group_corporate,
dev_hotel_analytics,vw_pace_segment_change_by_period_current,rev_stly_chg_060_day__group_entertainment,
dev_hotel_analytics,vw_pace_segment_change_by_period_monthly_current,rev_stly_chg_060_day__group_entertainment,
dev_hotel_analytics,vw_pace_segment_change_by_period_current,rev_stly_chg_060_day__group_government,
dev_hotel_analytics,vw_pace_segment_change_by_period_monthly_current,rev_stly_chg_060_day__group_government,
dev_hotel_analytics,vw_pace_segment_change_by_period_current,rev_stly_chg_060_day__group_smerf,
dev_hotel_analytics,vw_pace_segment_change_by_period_monthly_current,rev_stly_chg_060_day__group_smerf,
dev_hotel_analytics,vw_pace_segment_change_by_period_current,rev_stly_chg_060_day__group_social,
dev_hotel_analytics,vw_pace_segment_change_by_period_monthly_current,rev_stly_chg_060_day__group_social,
dev_hotel_analytics,vw_pace_segment_change_by_period_current,rev_stly_chg_060_day__group_tour,
dev_hotel_analytics,vw_pace_segment_change_by_period_monthly_current,rev_stly_chg_060_day__group_tour,
dev_hotel_analytics,vw_pace_segment_change_by_period_current,rev_stly_chg_060_day__group_wedding,
dev_hotel_analytics,vw_pace_segment_change_by_period_monthly_current,rev_stly_chg_060_day__group_wedding,
dev_hotel_analytics,vw_pace_roomtype_change_by_period_current,rev_stly_chg_060_day__junior_suite,
dev_hotel_analytics,vw_pace_roomtype_change_by_period_current,rev_stly_chg_060_day__king_guestroom,
dev_hotel_analytics,vw_pace_roomtype_change_by_period_current,rev_stly_chg_060_day__secretary_suite,
dev_hotel_analytics,vw_pace_segment_change_by_period_current,rev_stly_chg_060_day__transient_consortia,
dev_hotel_analytics,vw_pace_segment_change_by_period_monthly_current,rev_stly_chg_060_day__transient_consortia,
dev_hotel_analytics,vw_pace_segment_change_by_period_current,rev_stly_chg_060_day__transient_government,
dev_hotel_analytics,vw_pace_segment_change_by_period_monthly_current,rev_stly_chg_060_day__transient_government,
dev_hotel_analytics,vw_pace_segment_change_by_period_current,rev_stly_chg_060_day__transient_negotiated,
dev_hotel_analytics,vw_pace_segment_change_by_period_monthly_current,rev_stly_chg_060_day__transient_negotiated,
dev_hotel_analytics,vw_pace_segment_change_by_period_current,rev_stly_chg_060_day__transient_opaque,
dev_hotel_analytics,vw_pace_segment_change_by_period_monthly_current,rev_stly_chg_060_day__transient_opaque,
dev_hotel_analytics,vw_pace_segment_change_by_period_current,rev_stly_chg_060_day__transient_package,
dev_hotel_analytics,vw_pace_segment_change_by_period_monthly_current,rev_stly_chg_060_day__transient_package,
dev_hotel_analytics,vw_pace_segment_change_by_period_current,rev_stly_chg_060_day__transient_packages,
dev_hotel_analytics,vw_pace_segment_change_by_period_monthly_current,rev_stly_chg_060_day__transient_packages,
dev_hotel_analytics,vw_pace_segment_change_by_period_current,rev_stly_chg_060_day__transient_promotion,
dev_hotel_analytics,vw_pace_segment_change_by_period_monthly_current,rev_stly_chg_060_day__transient_promotion,
dev_hotel_analytics,vw_pace_segment_change_by_period_current,rev_stly_chg_060_day__transient_qualified,
dev_hotel_analytics,vw_pace_segment_change_by_period_monthly_current,rev_stly_chg_060_day__transient_qualified,
dev_hotel_analytics,vw_pace_segment_change_by_period_current,rev_stly_chg_060_day__transient_retail,
dev_hotel_analytics,vw_pace_segment_change_by_period_monthly_current,rev_stly_chg_060_day__transient_retail,
dev_hotel_analytics,vw_pace_segment_change_by_period_current,rev_stly_chg_060_day__transient_unqualified,
dev_hotel_analytics,vw_pace_segment_change_by_period_monthly_current,rev_stly_chg_060_day__transient_unqualified,
dev_hotel_analytics,vw_pace_roomtype_change_by_period_current,rev_stly_chg_060_day__two_queen_guestroom,
dev_hotel_analytics,vw_pace_roomtype_change_by_period_current,rev_stly_chg_060_day__two_queen_guestroom_ada,
dev_hotel_analytics,vw_pace_roomtype_change_by_period_current,rev_stly_chg_090_day__commissioner_suite,
dev_hotel_analytics,vw_pace_segment_change_by_period_current,rev_stly_chg_090_day__complimentary,
dev_hotel_analytics,vw_pace_segment_change_by_period_monthly_current,rev_stly_chg_090_day__complimentary,
dev_hotel_analytics,vw_pace_roomtype_change_by_period_current,rev_stly_chg_090_day__deluxe_king,
dev_hotel_analytics,vw_pace_roomtype_change_by_period_current,rev_stly_chg_090_day__foundation_king,
dev_hotel_analytics,vw_pace_roomtype_change_by_period_current,rev_stly_chg_090_day__foundation_king_ada,
dev_hotel_analytics,vw_pace_roomtype_change_by_period_current,rev_stly_chg_090_day__foundation_two_queen,
dev_hotel_analytics,vw_pace_segment_change_by_period_current,rev_stly_chg_090_day__group_association,
dev_hotel_analytics,vw_pace_segment_change_by_period_monthly_current,rev_stly_chg_090_day__group_association,
dev_hotel_analytics,vw_pace_segment_change_by_period_current,rev_stly_chg_090_day__group_citywide,
dev_hotel_analytics,vw_pace_segment_change_by_period_monthly_current,rev_stly_chg_090_day__group_citywide,
dev_hotel_analytics,vw_pace_segment_change_by_period_current,rev_stly_chg_090_day__group_corporate,
dev_hotel_analytics,vw_pace_segment_change_by_period_monthly_current,rev_stly_chg_090_day__group_corporate,
dev_hotel_analytics,vw_pace_segment_change_by_period_current,rev_stly_chg_090_day__group_entertainment,
dev_hotel_analytics,vw_pace_segment_change_by_period_monthly_current,rev_stly_chg_090_day__group_entertainment,
dev_hotel_analytics,vw_pace_segment_change_by_period_current,rev_stly_chg_090_day__group_government,
dev_hotel_analytics,vw_pace_segment_change_by_period_monthly_current,rev_stly_chg_090_day__group_government,
dev_hotel_analytics,vw_pace_segment_change_by_period_current,rev_stly_chg_090_day__group_smerf,
dev_hotel_analytics,vw_pace_segment_change_by_period_monthly_current,rev_stly_chg_090_day__group_smerf,
dev_hotel_analytics,vw_pace_segment_change_by_period_current,rev_stly_chg_090_day__group_social,
dev_hotel_analytics,vw_pace_segment_change_by_period_monthly_current,rev_stly_chg_090_day__group_social,
dev_hotel_analytics,vw_pace_segment_change_by_period_current,rev_stly_chg_090_day__group_tour,
dev_hotel_analytics,vw_pace_segment_change_by_period_monthly_current,rev_stly_chg_090_day__group_tour,
dev_hotel_analytics,vw_pace_segment_change_by_period_current,rev_stly_chg_090_day__group_wedding,
dev_hotel_analytics,vw_pace_segment_change_by_period_monthly_current,rev_stly_chg_090_day__group_wedding,
dev_hotel_analytics,vw_pace_roomtype_change_by_period_current,rev_stly_chg_090_day__junior_suite,
dev_hotel_analytics,vw_pace_roomtype_change_by_period_current,rev_stly_chg_090_day__king_guestroom,
dev_hotel_analytics,vw_pace_roomtype_change_by_period_current,rev_stly_chg_090_day__secretary_suite,
dev_hotel_analytics,vw_pace_segment_change_by_period_current,rev_stly_chg_090_day__transient_consortia,
dev_hotel_analytics,vw_pace_segment_change_by_period_monthly_current,rev_stly_chg_090_day__transient_consortia,
dev_hotel_analytics,vw_pace_segment_change_by_period_current,rev_stly_chg_090_day__transient_government,
dev_hotel_analytics,vw_pace_segment_change_by_period_monthly_current,rev_stly_chg_090_day__transient_government,
dev_hotel_analytics,vw_pace_segment_change_by_period_current,rev_stly_chg_090_day__transient_negotiated,
dev_hotel_analytics,vw_pace_segment_change_by_period_monthly_current,rev_stly_chg_090_day__transient_negotiated,
dev_hotel_analytics,vw_pace_segment_change_by_period_current,rev_stly_chg_090_day__transient_opaque,
dev_hotel_analytics,vw_pace_segment_change_by_period_monthly_current,rev_stly_chg_090_day__transient_opaque,
dev_hotel_analytics,vw_pace_segment_change_by_period_current,rev_stly_chg_090_day__transient_package,
dev_hotel_analytics,vw_pace_segment_change_by_period_monthly_current,rev_stly_chg_090_day__transient_package,
dev_hotel_analytics,vw_pace_segment_change_by_period_current,rev_stly_chg_090_day__transient_packages,
dev_hotel_analytics,vw_pace_segment_change_by_period_monthly_current,rev_stly_chg_090_day__transient_packages,
dev_hotel_analytics,vw_pace_segment_change_by_period_current,rev_stly_chg_090_day__transient_promotion,
dev_hotel_analytics,vw_pace_segment_change_by_period_monthly_current,rev_stly_chg_090_day__transient_promotion,
dev_hotel_analytics,vw_pace_segment_change_by_period_current,rev_stly_chg_090_day__transient_qualified,
dev_hotel_analytics,vw_pace_segment_change_by_period_monthly_current,rev_stly_chg_090_day__transient_qualified,
dev_hotel_analytics,vw_pace_segment_change_by_period_current,rev_stly_chg_090_day__transient_retail,
dev_hotel_analytics,vw_pace_segment_change_by_period_monthly_current,rev_stly_chg_090_day__transient_retail,
dev_hotel_analytics,vw_pace_segment_change_by_period_current,rev_stly_chg_090_day__transient_unqualified,
dev_hotel_analytics,vw_pace_segment_change_by_period_monthly_current,rev_stly_chg_090_day__transient_unqualified,
dev_hotel_analytics,vw_pace_roomtype_change_by_period_current,rev_stly_chg_090_day__two_queen_guestroom,
dev_hotel_analytics,vw_pace_roomtype_change_by_period_current,rev_stly_chg_090_day__two_queen_guestroom_ada,
dev_hotel_analytics,vw_pace_roomtype_change_by_period_current,rev_stly_chg_120_day__commissioner_suite,
dev_hotel_analytics,vw_pace_segment_change_by_period_current,rev_stly_chg_120_day__complimentary,
dev_hotel_analytics,vw_pace_segment_change_by_period_monthly_current,rev_stly_chg_120_day__complimentary,
dev_hotel_analytics,vw_pace_roomtype_change_by_period_current,rev_stly_chg_120_day__deluxe_king,
dev_hotel_analytics,vw_pace_roomtype_change_by_period_current,rev_stly_chg_120_day__foundation_king,
dev_hotel_analytics,vw_pace_roomtype_change_by_period_current,rev_stly_chg_120_day__foundation_king_ada,
dev_hotel_analytics,vw_pace_roomtype_change_by_period_current,rev_stly_chg_120_day__foundation_two_queen,
dev_hotel_analytics,vw_pace_segment_change_by_period_current,rev_stly_chg_120_day__group_association,
dev_hotel_analytics,vw_pace_segment_change_by_period_monthly_current,rev_stly_chg_120_day__group_association,
dev_hotel_analytics,vw_pace_segment_change_by_period_current,rev_stly_chg_120_day__group_citywide,
dev_hotel_analytics,vw_pace_segment_change_by_period_monthly_current,rev_stly_chg_120_day__group_citywide,
dev_hotel_analytics,vw_pace_segment_change_by_period_current,rev_stly_chg_120_day__group_corporate,
dev_hotel_analytics,vw_pace_segment_change_by_period_monthly_current,rev_stly_chg_120_day__group_corporate,
dev_hotel_analytics,vw_pace_segment_change_by_period_current,rev_stly_chg_120_day__group_entertainment,
dev_hotel_analytics,vw_pace_segment_change_by_period_monthly_current,rev_stly_chg_120_day__group_entertainment,
dev_hotel_analytics,vw_pace_segment_change_by_period_current,rev_stly_chg_120_day__group_government,
dev_hotel_analytics,vw_pace_segment_change_by_period_monthly_current,rev_stly_chg_120_day__group_government,
dev_hotel_analytics,vw_pace_segment_change_by_period_current,rev_stly_chg_120_day__group_smerf,
dev_hotel_analytics,vw_pace_segment_change_by_period_monthly_current,rev_stly_chg_120_day__group_smerf,
dev_hotel_analytics,vw_pace_segment_change_by_period_current,rev_stly_chg_120_day__group_social,
dev_hotel_analytics,vw_pace_segment_change_by_period_monthly_current,rev_stly_chg_120_day__group_social,
dev_hotel_analytics,vw_pace_segment_change_by_period_current,rev_stly_chg_120_day__group_tour,
dev_hotel_analytics,vw_pace_segment_change_by_period_monthly_current,rev_stly_chg_120_day__group_tour,
dev_hotel_analytics,vw_pace_segment_change_by_period_current,rev_stly_chg_120_day__group_wedding,
dev_hotel_analytics,vw_pace_segment_change_by_period_monthly_current,rev_stly_chg_120_day__group_wedding,
dev_hotel_analytics,vw_pace_roomtype_change_by_period_current,rev_stly_chg_120_day__junior_suite,
dev_hotel_analytics,vw_pace_roomtype_change_by_period_current,rev_stly_chg_120_day__king_guestroom,
dev_hotel_analytics,vw_pace_roomtype_change_by_period_current,rev_stly_chg_120_day__secretary_suite,
dev_hotel_analytics,vw_pace_segment_change_by_period_current,rev_stly_chg_120_day__transient_consortia,
dev_hotel_analytics,vw_pace_segment_change_by_period_monthly_current,rev_stly_chg_120_day__transient_consortia,
dev_hotel_analytics,vw_pace_segment_change_by_period_current,rev_stly_chg_120_day__transient_government,
dev_hotel_analytics,vw_pace_segment_change_by_period_monthly_current,rev_stly_chg_120_day__transient_government,
dev_hotel_analytics,vw_pace_segment_change_by_period_current,rev_stly_chg_120_day__transient_negotiated,
dev_hotel_analytics,vw_pace_segment_change_by_period_monthly_current,rev_stly_chg_120_day__transient_negotiated,
dev_hotel_analytics,vw_pace_segment_change_by_period_current,rev_stly_chg_120_day__transient_opaque,
dev_hotel_analytics,vw_pace_segment_change_by_period_monthly_current,rev_stly_chg_120_day__transient_opaque,
dev_hotel_analytics,vw_pace_segment_change_by_period_current,rev_stly_chg_120_day__transient_package,
dev_hotel_analytics,vw_pace_segment_change_by_period_monthly_current,rev_stly_chg_120_day__transient_package,
dev_hotel_analytics,vw_pace_segment_change_by_period_current,rev_stly_chg_120_day__transient_packages,
dev_hotel_analytics,vw_pace_segment_change_by_period_monthly_current,rev_stly_chg_120_day__transient_packages,
dev_hotel_analytics,vw_pace_segment_change_by_period_current,rev_stly_chg_120_day__transient_promotion,
dev_hotel_analytics,vw_pace_segment_change_by_period_monthly_current,rev_stly_chg_120_day__transient_promotion,
dev_hotel_analytics,vw_pace_segment_change_by_period_current,rev_stly_chg_120_day__transient_qualified,
dev_hotel_analytics,vw_pace_segment_change_by_period_monthly_current,rev_stly_chg_120_day__transient_qualified,
dev_hotel_analytics,vw_pace_segment_change_by_period_current,rev_stly_chg_120_day__transient_retail,
dev_hotel_analytics,vw_pace_segment_change_by_period_monthly_current,rev_stly_chg_120_day__transient_retail,
dev_hotel_analytics,vw_pace_segment_change_by_period_current,rev_stly_chg_120_day__transient_unqualified,
dev_hotel_analytics,vw_pace_segment_change_by_period_monthly_current,rev_stly_chg_120_day__transient_unqualified,
dev_hotel_analytics,vw_pace_roomtype_change_by_period_current,rev_stly_chg_120_day__two_queen_guestroom,
dev_hotel_analytics,vw_pace_roomtype_change_by_period_current,rev_stly_chg_120_day__two_queen_guestroom_ada,
dev_hotel_costar,MonthlyStar,rev_ytd,Revenue Year to Date
dev_hotel_costar,MonthlyStar,rev_ytd_py,Revenue Year to Date Prior Year
dev_hotel_forecast,fact_segment_daily,revenue,
dev_hotel_costar,MonthlyStar,revpar,Revenue Per Available Room
dev_hotel_costar,DayStar,revpar,Competitive set revenue per available room
dev_hotel_analytics,demand_channel_mix_daily,revpar,
dev_hotel_analytics,demand_segment_mix_daily,revpar,
dev_hotel_costar,MonthlyStar,revpar_index,Revenue Per Available Room Index
dev_hotel_costar,DayStar,revpar_index,"RevPAR Index Percenage Change, shows the percentage change in the hotel's revpar index which measures a revpar performance relative to its competitive set. It shows whether a hotel is achieving a higher or lower average rate compared to its peers."
dev_hotel_costar,MonthlyStar,revpar_index_pct_chg,Revenue Per Available Room Index Percentage Change
dev_hotel_costar,DayStar,revpar_index_pct_chg,"RevPAR Index Percenage Change, shows the percentage change in the hotel's revpar index which measures a revpar performance relative to its competitive set. It shows whether a hotel is achieving a higher or lower average rate compared to its peers."
dev_hotel_costar,MonthlyStar,revpar_index_pct_chg_py,Revenue Per Available Room Index Percentage Change Prior Year
dev_hotel_costar,DayStar,revpar_index_pct_chg_py,"RevPAR Index Percenage Change, shows the percentage change in the hotel's revpar index which measures a revpar performance relative to its competitive set. It shows whether a hotel is achieving a higher or lower average rate compared to its peers."
dev_hotel_costar,MonthlyStar,revpar_index_pct_chg_ytd,Revenue Per Available Room Index Percentage Change Year to Date
dev_hotel_costar,MonthlyStar,revpar_index_pct_chg_ytd_py,Revenue Per Available Room Index Percentage Change Year to Date Prior Year
dev_hotel_costar,MonthlyStar,revpar_index_py,Revenue Per Available Room Index Prior Year
dev_hotel_costar,DayStar,revpar_index_py,"RevPAR Index Percenage Change, shows the percentage change in the hotel's revpar index which measures a revpar performance relative to its competitive set. It shows whether a hotel is achieving a higher or lower average rate compared to its peers."
dev_hotel_costar,MonthlyStar,revpar_index_ytd,Revenue Per Available Room Index Year to Date
dev_hotel_costar,MonthlyStar,revpar_index_ytd_py,Revenue Per Available Room Index Year to Date Prior Year
dev_hotel_costar,MonthlyStar,revpar_pct_chg,Revenue Per Available Room Percentage Change
dev_hotel_costar,DayStar,revpar_pct_chg,"RevPAR Percentage Change, showing the percentage change in RevPar during a specific timeframe."
dev_hotel_costar,MonthlyStar,revpar_pct_chg_py,Revenue Per Available Room Percentage Change Prior Year
dev_hotel_costar,DayStar,revpar_pct_chg_py,"RevPAR Percentage Change, showing the percentage change in RevPar during a specific timeframe."
dev_hotel_costar,DayStar,revpar_pct_chg_rank,"RevPAR Rank Percentage Change, shows the percentage change for the hotel's ranking position for revpar compared to its competitive set. A lower number (e.g., 1) indicates a higher revpar than peers."
dev_hotel_costar,DayStar,revpar_pct_chg_rank_py,"RevPAR Rank Percentage Change, shows the percentage change for the hotel's ranking position for revpar compared to its competitive set. A lower number (e.g., 1) indicates a higher revpar than peers."
dev_hotel_costar,MonthlyStar,revpar_pct_chg_ytd,Revenue Per Available Room Percentage Change Year to Date
dev_hotel_costar,MonthlyStar,revpar_pct_chg_ytd_py,Revenue Per Available Room Percentage Change Year to Date Prior Year
dev_hotel_costar,MonthlyStar,revpar_py,Revenue Per Available Room Prior Year
dev_hotel_costar,DayStar,revpar_py,Competitive set revenue per available room
dev_hotel_costar,MonthlyStar,revpar_rank,Revenue Per Available Room Rank
dev_hotel_costar,DayStar,revpar_rank,"RevPAR Rank, show the hotel's ranking position for revpar compared to its competitive set. A lower number (e.g., 1) indicates a higher revpar than peers."
dev_hotel_analytics,vw_demand_segment,revpar_rank,
dev_hotel_analytics,snap_demand_property,revpar_rank,Revenue Per Available Room Rank.
dev_hotel_analytics,snap_demand_segment,revpar_rank,Revenue Per Available Room Rank.
dev_hotel_analytics,snap_demand_channel,revpar_rank,Revenue Per Available Room Rank.
dev_hotel_analytics,demand_channel_mix_daily,revpar_rank,
dev_hotel_analytics,demand_total_hotel_daily,revpar_rank,
dev_hotel_analytics,snap_demand_property_totals,revpar_rank,
dev_hotel_analytics,demand_segment_mix_daily,revpar_rank,
dev_hotel_analytics,vw_demand_channel,revpar_rank,
dev_hotel_costar,MonthlyStar,revpar_rank_pct_chg,RevPAR Ranking Percentage Change
dev_hotel_costar,MonthlyStar,revpar_rank_pct_chg_py,RevPAR Ranking Percentage Rank Change from Prior Year
dev_hotel_costar,MonthlyStar,revpar_rank_pct_chg_ytd,Revenue Per Available Room Rank Percentage Change Year to Date
dev_hotel_costar,MonthlyStar,revpar_rank_pct_chg_ytd_py,Revenue Per Available Room Rank Percentage Change Year to Date Prior Year
dev_hotel_analytics,snap_demand_property_totals,revpar_rank_prior_year,
dev_hotel_costar,MonthlyStar,revpar_rank_py,Revenue Per Available Room Rank Prior Year
dev_hotel_costar,DayStar,revpar_rank_py,"RevPAR Rank, show the hotel's ranking position for revpar compared to its competitive set. A lower number (e.g., 1) indicates a higher revpar than peers."
dev_hotel_analytics,snap_demand_property,revpar_rank_py,Revenue Per Available Room Rank for the prior year.
dev_hotel_costar,MonthlyStar,revpar_rank_ytd,Revenue Per Available Room Rank Year to Date
dev_hotel_costar,MonthlyStar,revpar_rank_ytd_py,Revenue Per Available Room Rank Year to Date Prior Year
dev_hotel_costar,MonthlyStar,revpar_ytd,Revenue Per Available Room Year to Date
dev_hotel_costar,MonthlyStar,revpar_ytd_py,Revenue Per Available Room Year to Date Prior Year
dev_hotel_costar,DayStar,rms,Competitor number of rooms
dev_hotel_costar,DayStar,rms_py,Competitor number of rooms
dev_hotel_analytics,snap_pace_segment,rms_rev_forecast,The revenue forecast generated by the revenue management system.
dev_hotel_analytics,vw_pace_segment,rms_rev_forecast,
dev_hotel_analytics,vw_pace_segment_monthly,rms_rev_forecast__complimentary,The RMS forecast for revenue from complimentary rooms.
dev_hotel_analytics,vw_pace_segment_monthly,rms_rev_forecast__group_association,The RMS forecast for revenue from group association rooms.
dev_hotel_analytics,vw_pace_segment_monthly,rms_rev_forecast__group_citywide,The RMS forecast for revenue from group citywide rooms.
dev_hotel_analytics,vw_pace_segment_monthly,rms_rev_forecast__group_corporate,The RMS forecast for revenue from group corporate rooms.
dev_hotel_analytics,vw_pace_segment_monthly,rms_rev_forecast__group_entertainment,The RMS forecast for revenue from group entertainment rooms.
dev_hotel_analytics,vw_pace_segment_monthly,rms_rev_forecast__group_government,The RMS forecast for revenue from group government rooms.
dev_hotel_analytics,vw_pace_segment_monthly,rms_rev_forecast__group_smerf,The RMS forecast for revenue from group SMERF rooms.
dev_hotel_analytics,vw_pace_segment_monthly,rms_rev_forecast__group_social,The RMS forecast for revenue from group social rooms.
dev_hotel_analytics,vw_pace_segment_monthly,rms_rev_forecast__group_tour,The RMS forecast for revenue from group tour rooms.
dev_hotel_analytics,vw_pace_segment_monthly,rms_rev_forecast__group_wedding,The RMS forecast for revenue from group wedding rooms.
dev_hotel_analytics,vw_pace_segment_monthly,rms_rev_forecast__transient_consortia,The RMS forecast for revenue from transient consortia rooms.
dev_hotel_analytics,vw_pace_segment_monthly,rms_rev_forecast__transient_government,The RMS forecast for revenue from transient government rooms.
dev_hotel_analytics,vw_pace_segment_monthly,rms_rev_forecast__transient_negotiated,The RMS forecast for revenue from transient negotiated rooms.
dev_hotel_analytics,vw_pace_segment_monthly,rms_rev_forecast__transient_opaque,The RMS forecast for revenue from transient opaque rooms.
dev_hotel_analytics,vw_pace_segment_monthly,rms_rev_forecast__transient_package,The RMS forecast for revenue from transient package rooms.
dev_hotel_analytics,vw_pace_segment_monthly,rms_rev_forecast__transient_packages,The RMS forecast for revenue from transient packages rooms.
dev_hotel_analytics,vw_pace_segment_monthly,rms_rev_forecast__transient_promotion,The RMS forecast for revenue from transient promotion rooms.
dev_hotel_analytics,vw_pace_segment_monthly,rms_rev_forecast__transient_qualified,The RMS forecast for revenue from transient qualified rooms.
dev_hotel_analytics,vw_pace_segment_monthly,rms_rev_forecast__transient_retail,The RMS forecast for revenue from transient retail rooms.
dev_hotel_analytics,vw_pace_segment_monthly,rms_rev_forecast__transient_unqualified,The RMS forecast for revenue from transient unqualified rooms.
dev_hotel_analytics,snap_pace_segment,rms_rooms_forecast,The rooms forecast generated by the revenue management system.
dev_hotel_analytics,vw_pace_segment,rms_rooms_forecast,
dev_hotel_analytics,vw_pace_segment_monthly,rms_rooms_forecast__complimentary,The RMS forecast for complimentary rooms.
dev_hotel_analytics,vw_pace_segment_monthly,rms_rooms_forecast__group_association,The RMS forecast for group association rooms.
dev_hotel_analytics,vw_pace_segment_monthly,rms_rooms_forecast__group_citywide,The RMS forecast for group citywide rooms.
dev_hotel_analytics,vw_pace_segment_monthly,rms_rooms_forecast__group_corporate,The RMS forecast for group corporate rooms.
dev_hotel_analytics,vw_pace_segment_monthly,rms_rooms_forecast__group_entertainment,The RMS forecast for group entertainment rooms.
dev_hotel_analytics,vw_pace_segment_monthly,rms_rooms_forecast__group_government,The RMS forecast for group government rooms.
dev_hotel_analytics,vw_pace_segment_monthly,rms_rooms_forecast__group_smerf,The RMS forecast for group SMERF rooms.
dev_hotel_analytics,vw_pace_segment_monthly,rms_rooms_forecast__group_social,The RMS forecast for group social rooms.
dev_hotel_analytics,vw_pace_segment_monthly,rms_rooms_forecast__group_tour,The RMS forecast for group tour rooms.
dev_hotel_analytics,vw_pace_segment_monthly,rms_rooms_forecast__group_wedding,The RMS forecast for group wedding rooms.
dev_hotel_analytics,vw_pace_segment_monthly,rms_rooms_forecast__transient_consortia,The RMS forecast for transient consortia rooms.
dev_hotel_analytics,vw_pace_segment_monthly,rms_rooms_forecast__transient_government,The RMS forecast for transient government rooms.
dev_hotel_analytics,vw_pace_segment_monthly,rms_rooms_forecast__transient_negotiated,The RMS forecast for transient negotiated rooms.
dev_hotel_analytics,vw_pace_segment_monthly,rms_rooms_forecast__transient_opaque,The RMS forecast for transient opaque rooms.
dev_hotel_analytics,vw_pace_segment_monthly,rms_rooms_forecast__transient_package,The RMS forecast for transient package rooms.
dev_hotel_analytics,vw_pace_segment_monthly,rms_rooms_forecast__transient_packages,The RMS forecast for transient packages rooms.
dev_hotel_analytics,vw_pace_segment_monthly,rms_rooms_forecast__transient_promotion,The RMS forecast for transient promotion rooms.
dev_hotel_analytics,vw_pace_segment_monthly,rms_rooms_forecast__transient_qualified,The RMS forecast for transient qualified rooms.
dev_hotel_analytics,vw_pace_segment_monthly,rms_rooms_forecast__transient_retail,The RMS forecast for transient retail rooms.
dev_hotel_analytics,vw_pace_segment_monthly,rms_rooms_forecast__transient_unqualified,The RMS forecast for transient unqualified rooms.
dev_hotel_costar,MonthlyStar,rms_sold,Room Revenue
dev_hotel_costar,MonthlyStar,rms_sold_pct_chg,Demand Percentage Change Prior Year
dev_hotel_costar,MonthlyStar,rms_sold_pct_chg_py,Year Over Year Percentage Change in Demand.
dev_hotel_costar,MonthlyStar,rms_sold_pct_chg_ytd,Demand Percentage Change Year to Date
dev_hotel_costar,MonthlyStar,rms_sold_pct_chg_ytd_py,Demand Percentage Change Year to Date Prior Year
dev_hotel_costar,MonthlyStar,rms_sold_py,Rooms Sold Prior Year
dev_hotel_costar,MonthlyStar,rms_sold_ytd,Demand Year to Date
dev_hotel_costar,MonthlyStar,rms_sold_ytd_py,Demand Year to Date Prior Year
dev_hotel_analytics,demand_channel_mix_daily,room_nights_chg_from_last_wk_my_hotel_totals,
dev_hotel_analytics,demand_segment_mix_daily,room_nights_chg_from_last_wk_my_hotel_totals,
dev_hotel_analytics,demand_channel_mix_daily,room_nights_chg_pct_from_last_wk_market_excl_totals,
dev_hotel_analytics,demand_segment_mix_daily,room_nights_chg_pct_from_last_wk_market_excl_totals,
dev_hotel_analytics,demand_channel_mix_daily,room_nights_chg_pct_from_last_wk_my_hotel_totals,
dev_hotel_analytics,demand_segment_mix_daily,room_nights_chg_pct_from_last_wk_my_hotel_totals,
dev_hotel_analytics,demand_channel_mix_daily,room_nights_current_my_hotel_totals,
dev_hotel_analytics,demand_segment_mix_daily,room_nights_current_my_hotel_totals,
dev_hotel_analytics,demand_channel_mix_daily,room_nights_var_pct_to_last_yr_market_excl_totals,
dev_hotel_analytics,demand_segment_mix_daily,room_nights_var_pct_to_last_yr_market_excl_totals,
dev_hotel_analytics,demand_channel_mix_daily,room_nights_var_pct_to_last_yr_my_hotel_totals,
dev_hotel_analytics,demand_segment_mix_daily,room_nights_var_pct_to_last_yr_my_hotel_totals,
dev_hotel_forecast,stg_pms_import,room_revenue,
dev_hotel_analytics,vw_pace_roomtype,roomclass,The specific class or category of a room.
dev_hotel_analytics,snap_pace_roomtype,roomclass,The classification or category of the room type.
dev_hotel_analytics,vw_pace_roomtype_current,roomclass,
dev_hotel_forecast,fact_segment_daily,rooms,
dev_hotel_analytics,vw_pace_segment_change_by_period,rooms_budget,The budgeted number of rooms.
dev_hotel_analytics,snap_pace_segment,rooms_budget,The budgeted number of rooms for the stay date.
dev_hotel_analytics,vw_pace_segment,rooms_budget,
dev_hotel_analytics,vw_pace_segment_current,rooms_budget,
dev_hotel_analytics,vw_pace_segment_monthly,rooms_budget__complimentary,The budgeted number of complimentary rooms.
dev_hotel_analytics,vw_pace_segment_monthly,rooms_budget__group_association,The budgeted number of group association rooms.
dev_hotel_analytics,vw_pace_segment_monthly,rooms_budget__group_citywide,The budgeted number of group citywide rooms.
dev_hotel_analytics,vw_pace_segment_monthly,rooms_budget__group_corporate,The budgeted number of group corporate rooms.
dev_hotel_analytics,vw_pace_segment_monthly,rooms_budget__group_entertainment,The budgeted number of group entertainment rooms.
dev_hotel_analytics,vw_pace_segment_monthly,rooms_budget__group_government,The budgeted number of group government rooms.
dev_hotel_analytics,vw_pace_segment_monthly,rooms_budget__group_smerf,The budgeted number of group SMERF rooms.
dev_hotel_analytics,vw_pace_segment_monthly,rooms_budget__group_social,The budgeted number of group social rooms.
dev_hotel_analytics,vw_pace_segment_monthly,rooms_budget__group_tour,The budgeted number of group tour rooms.
dev_hotel_analytics,vw_pace_segment_monthly,rooms_budget__group_wedding,The budgeted number of group wedding rooms.
dev_hotel_analytics,vw_pace_segment_monthly,rooms_budget__transient_consortia,The budgeted number of transient consortia rooms.
dev_hotel_analytics,vw_pace_segment_monthly,rooms_budget__transient_government,The budgeted number of transient government rooms.
dev_hotel_analytics,vw_pace_segment_monthly,rooms_budget__transient_negotiated,The budgeted number of transient negotiated rooms.
dev_hotel_analytics,vw_pace_segment_monthly,rooms_budget__transient_opaque,The budgeted number of transient opaque rooms.
dev_hotel_analytics,vw_pace_segment_monthly,rooms_budget__transient_package,The budgeted number of transient package rooms.
dev_hotel_analytics,vw_pace_segment_monthly,rooms_budget__transient_packages,The budgeted number of transient packages rooms.
dev_hotel_analytics,vw_pace_segment_monthly,rooms_budget__transient_promotion,The budgeted number of transient promotion rooms.
dev_hotel_analytics,vw_pace_segment_monthly,rooms_budget__transient_qualified,The budgeted number of transient qualified rooms.
dev_hotel_analytics,vw_pace_segment_monthly,rooms_budget__transient_retail,The budgeted number of transient retail rooms.
dev_hotel_analytics,vw_pace_segment_monthly,rooms_budget__transient_unqualified,The budgeted number of transient unqualified rooms.
dev_hotel_analytics,vw_pace_segment_monthly_current,rooms_chg_14__complimentary,
dev_hotel_analytics,vw_pace_segment_monthly_current,rooms_chg_14__group_association,
dev_hotel_analytics,vw_pace_segment_monthly_current,rooms_chg_14__group_citywide,
dev_hotel_analytics,vw_pace_segment_monthly_current,rooms_chg_14__group_corporate,
dev_hotel_analytics,vw_pace_segment_monthly_current,rooms_chg_14__group_entertainment,
dev_hotel_analytics,vw_pace_segment_monthly_current,rooms_chg_14__group_government,
dev_hotel_analytics,vw_pace_segment_monthly_current,rooms_chg_14__group_smerf,
dev_hotel_analytics,vw_pace_segment_monthly_current,rooms_chg_14__group_social,
dev_hotel_analytics,vw_pace_segment_monthly_current,rooms_chg_14__group_tour,
dev_hotel_analytics,vw_pace_segment_monthly_current,rooms_chg_14__group_wedding,
dev_hotel_analytics,vw_pace_segment_monthly_current,rooms_chg_14__transient_consortia,
dev_hotel_analytics,vw_pace_segment_monthly_current,rooms_chg_14__transient_government,
dev_hotel_analytics,vw_pace_segment_monthly_current,rooms_chg_14__transient_negotiated,
dev_hotel_analytics,vw_pace_segment_monthly_current,rooms_chg_14__transient_opaque,
dev_hotel_analytics,vw_pace_segment_monthly_current,rooms_chg_14__transient_package,
dev_hotel_analytics,vw_pace_segment_monthly_current,rooms_chg_14__transient_packages,
dev_hotel_analytics,vw_pace_segment_monthly_current,rooms_chg_14__transient_promotion,
dev_hotel_analytics,vw_pace_segment_monthly_current,rooms_chg_14__transient_qualified,
dev_hotel_analytics,vw_pace_segment_monthly_current,rooms_chg_14__transient_retail,
dev_hotel_analytics,vw_pace_segment_monthly_current,rooms_chg_14__transient_unqualified,
dev_hotel_analytics,vw_pace_segment_monthly_current,rooms_chg_1__complimentary,
dev_hotel_analytics,vw_pace_segment_monthly_current,rooms_chg_1__group_association,
dev_hotel_analytics,vw_pace_segment_monthly_current,rooms_chg_1__group_citywide,
dev_hotel_analytics,vw_pace_segment_monthly_current,rooms_chg_1__group_corporate,
dev_hotel_analytics,vw_pace_segment_monthly_current,rooms_chg_1__group_entertainment,
dev_hotel_analytics,vw_pace_segment_monthly_current,rooms_chg_1__group_government,
dev_hotel_analytics,vw_pace_segment_monthly_current,rooms_chg_1__group_smerf,
dev_hotel_analytics,vw_pace_segment_monthly_current,rooms_chg_1__group_social,
dev_hotel_analytics,vw_pace_segment_monthly_current,rooms_chg_1__group_tour,
dev_hotel_analytics,vw_pace_segment_monthly_current,rooms_chg_1__group_wedding,
dev_hotel_analytics,vw_pace_segment_monthly_current,rooms_chg_1__transient_consortia,
dev_hotel_analytics,vw_pace_segment_monthly_current,rooms_chg_1__transient_government,
dev_hotel_analytics,vw_pace_segment_monthly_current,rooms_chg_1__transient_negotiated,
dev_hotel_analytics,vw_pace_segment_monthly_current,rooms_chg_1__transient_opaque,
dev_hotel_analytics,vw_pace_segment_monthly_current,rooms_chg_1__transient_package,
dev_hotel_analytics,vw_pace_segment_monthly_current,rooms_chg_1__transient_packages,
dev_hotel_analytics,vw_pace_segment_monthly_current,rooms_chg_1__transient_promotion,
dev_hotel_analytics,vw_pace_segment_monthly_current,rooms_chg_1__transient_qualified,
dev_hotel_analytics,vw_pace_segment_monthly_current,rooms_chg_1__transient_retail,
dev_hotel_analytics,vw_pace_segment_monthly_current,rooms_chg_1__transient_unqualified,
dev_hotel_analytics,vw_pace_segment_monthly_current,rooms_chg_21__complimentary,
dev_hotel_analytics,vw_pace_segment_monthly_current,rooms_chg_21__group_association,
dev_hotel_analytics,vw_pace_segment_monthly_current,rooms_chg_21__group_citywide,
dev_hotel_analytics,vw_pace_segment_monthly_current,rooms_chg_21__group_corporate,
dev_hotel_analytics,vw_pace_segment_monthly_current,rooms_chg_21__group_entertainment,
dev_hotel_analytics,vw_pace_segment_monthly_current,rooms_chg_21__group_government,
dev_hotel_analytics,vw_pace_segment_monthly_current,rooms_chg_21__group_smerf,
dev_hotel_analytics,vw_pace_segment_monthly_current,rooms_chg_21__group_social,
dev_hotel_analytics,vw_pace_segment_monthly_current,rooms_chg_21__group_tour,
dev_hotel_analytics,vw_pace_segment_monthly_current,rooms_chg_21__group_wedding,
dev_hotel_analytics,vw_pace_segment_monthly_current,rooms_chg_21__transient_consortia,
dev_hotel_analytics,vw_pace_segment_monthly_current,rooms_chg_21__transient_government,
dev_hotel_analytics,vw_pace_segment_monthly_current,rooms_chg_21__transient_negotiated,
dev_hotel_analytics,vw_pace_segment_monthly_current,rooms_chg_21__transient_opaque,
dev_hotel_analytics,vw_pace_segment_monthly_current,rooms_chg_21__transient_package,
dev_hotel_analytics,vw_pace_segment_monthly_current,rooms_chg_21__transient_packages,
dev_hotel_analytics,vw_pace_segment_monthly_current,rooms_chg_21__transient_promotion,
dev_hotel_analytics,vw_pace_segment_monthly_current,rooms_chg_21__transient_qualified,
dev_hotel_analytics,vw_pace_segment_monthly_current,rooms_chg_21__transient_retail,
dev_hotel_analytics,vw_pace_segment_monthly_current,rooms_chg_21__transient_unqualified,
dev_hotel_analytics,vw_pace_segment_monthly_current,rooms_chg_30__complimentary,
dev_hotel_analytics,vw_pace_segment_monthly_current,rooms_chg_30__group_association,
dev_hotel_analytics,vw_pace_segment_monthly_current,rooms_chg_30__group_citywide,
dev_hotel_analytics,vw_pace_segment_monthly_current,rooms_chg_30__group_corporate,
dev_hotel_analytics,vw_pace_segment_monthly_current,rooms_chg_30__group_entertainment,
dev_hotel_analytics,vw_pace_segment_monthly_current,rooms_chg_30__group_government,
dev_hotel_analytics,vw_pace_segment_monthly_current,rooms_chg_30__group_smerf,
dev_hotel_analytics,vw_pace_segment_monthly_current,rooms_chg_30__group_social,
dev_hotel_analytics,vw_pace_segment_monthly_current,rooms_chg_30__group_tour,
dev_hotel_analytics,vw_pace_segment_monthly_current,rooms_chg_30__group_wedding,
dev_hotel_analytics,vw_pace_segment_monthly_current,rooms_chg_30__transient_consortia,
dev_hotel_analytics,vw_pace_segment_monthly_current,rooms_chg_30__transient_government,
dev_hotel_analytics,vw_pace_segment_monthly_current,rooms_chg_30__transient_negotiated,
dev_hotel_analytics,vw_pace_segment_monthly_current,rooms_chg_30__transient_opaque,
dev_hotel_analytics,vw_pace_segment_monthly_current,rooms_chg_30__transient_package,
dev_hotel_analytics,vw_pace_segment_monthly_current,rooms_chg_30__transient_packages,
dev_hotel_analytics,vw_pace_segment_monthly_current,rooms_chg_30__transient_promotion,
dev_hotel_analytics,vw_pace_segment_monthly_current,rooms_chg_30__transient_qualified,
dev_hotel_analytics,vw_pace_segment_monthly_current,rooms_chg_30__transient_retail,
dev_hotel_analytics,vw_pace_segment_monthly_current,rooms_chg_30__transient_unqualified,
dev_hotel_analytics,vw_pace_segment_monthly_current,rooms_chg_3__complimentary,
dev_hotel_analytics,vw_pace_segment_monthly_current,rooms_chg_3__group_association,
dev_hotel_analytics,vw_pace_segment_monthly_current,rooms_chg_3__group_citywide,
dev_hotel_analytics,vw_pace_segment_monthly_current,rooms_chg_3__group_corporate,
dev_hotel_analytics,vw_pace_segment_monthly_current,rooms_chg_3__group_entertainment,
dev_hotel_analytics,vw_pace_segment_monthly_current,rooms_chg_3__group_government,
dev_hotel_analytics,vw_pace_segment_monthly_current,rooms_chg_3__group_smerf,
dev_hotel_analytics,vw_pace_segment_monthly_current,rooms_chg_3__group_social,
dev_hotel_analytics,vw_pace_segment_monthly_current,rooms_chg_3__group_tour,
dev_hotel_analytics,vw_pace_segment_monthly_current,rooms_chg_3__group_wedding,
dev_hotel_analytics,vw_pace_segment_monthly_current,rooms_chg_3__transient_consortia,
dev_hotel_analytics,vw_pace_segment_monthly_current,rooms_chg_3__transient_government,
dev_hotel_analytics,vw_pace_segment_monthly_current,rooms_chg_3__transient_negotiated,
dev_hotel_analytics,vw_pace_segment_monthly_current,rooms_chg_3__transient_opaque,
dev_hotel_analytics,vw_pace_segment_monthly_current,rooms_chg_3__transient_package,
dev_hotel_analytics,vw_pace_segment_monthly_current,rooms_chg_3__transient_packages,
dev_hotel_analytics,vw_pace_segment_monthly_current,rooms_chg_3__transient_promotion,
dev_hotel_analytics,vw_pace_segment_monthly_current,rooms_chg_3__transient_qualified,
dev_hotel_analytics,vw_pace_segment_monthly_current,rooms_chg_3__transient_retail,
dev_hotel_analytics,vw_pace_segment_monthly_current,rooms_chg_3__transient_unqualified,
dev_hotel_analytics,vw_pace_segment_monthly_current,rooms_chg_60__complimentary,
dev_hotel_analytics,vw_pace_segment_monthly_current,rooms_chg_60__group_association,
dev_hotel_analytics,vw_pace_segment_monthly_current,rooms_chg_60__group_citywide,
dev_hotel_analytics,vw_pace_segment_monthly_current,rooms_chg_60__group_corporate,
dev_hotel_analytics,vw_pace_segment_monthly_current,rooms_chg_60__group_entertainment,
dev_hotel_analytics,vw_pace_segment_monthly_current,rooms_chg_60__group_government,
dev_hotel_analytics,vw_pace_segment_monthly_current,rooms_chg_60__group_smerf,
dev_hotel_analytics,vw_pace_segment_monthly_current,rooms_chg_60__group_social,
dev_hotel_analytics,vw_pace_segment_monthly_current,rooms_chg_60__group_tour,
dev_hotel_analytics,vw_pace_segment_monthly_current,rooms_chg_60__group_wedding,
dev_hotel_analytics,vw_pace_segment_monthly_current,rooms_chg_60__transient_consortia,
dev_hotel_analytics,vw_pace_segment_monthly_current,rooms_chg_60__transient_government,
dev_hotel_analytics,vw_pace_segment_monthly_current,rooms_chg_60__transient_negotiated,
dev_hotel_analytics,vw_pace_segment_monthly_current,rooms_chg_60__transient_opaque,
dev_hotel_analytics,vw_pace_segment_monthly_current,rooms_chg_60__transient_package,
dev_hotel_analytics,vw_pace_segment_monthly_current,rooms_chg_60__transient_packages,
dev_hotel_analytics,vw_pace_segment_monthly_current,rooms_chg_60__transient_promotion,
dev_hotel_analytics,vw_pace_segment_monthly_current,rooms_chg_60__transient_qualified,
dev_hotel_analytics,vw_pace_segment_monthly_current,rooms_chg_60__transient_retail,
dev_hotel_analytics,vw_pace_segment_monthly_current,rooms_chg_60__transient_unqualified,
dev_hotel_analytics,vw_pace_segment_monthly_current,rooms_chg_7__complimentary,
dev_hotel_analytics,vw_pace_segment_monthly_current,rooms_chg_7__group_association,
dev_hotel_analytics,vw_pace_segment_monthly_current,rooms_chg_7__group_citywide,
dev_hotel_analytics,vw_pace_segment_monthly_current,rooms_chg_7__group_corporate,
dev_hotel_analytics,vw_pace_segment_monthly_current,rooms_chg_7__group_entertainment,
dev_hotel_analytics,vw_pace_segment_monthly_current,rooms_chg_7__group_government,
dev_hotel_analytics,vw_pace_segment_monthly_current,rooms_chg_7__group_smerf,
dev_hotel_analytics,vw_pace_segment_monthly_current,rooms_chg_7__group_social,
dev_hotel_analytics,vw_pace_segment_monthly_current,rooms_chg_7__group_tour,
dev_hotel_analytics,vw_pace_segment_monthly_current,rooms_chg_7__group_wedding,
dev_hotel_analytics,vw_pace_segment_monthly_current,rooms_chg_7__transient_consortia,
dev_hotel_analytics,vw_pace_segment_monthly_current,rooms_chg_7__transient_government,
dev_hotel_analytics,vw_pace_segment_monthly_current,rooms_chg_7__transient_negotiated,
dev_hotel_analytics,vw_pace_segment_monthly_current,rooms_chg_7__transient_opaque,
dev_hotel_analytics,vw_pace_segment_monthly_current,rooms_chg_7__transient_package,
dev_hotel_analytics,vw_pace_segment_monthly_current,rooms_chg_7__transient_packages,
dev_hotel_analytics,vw_pace_segment_monthly_current,rooms_chg_7__transient_promotion,
dev_hotel_analytics,vw_pace_segment_monthly_current,rooms_chg_7__transient_qualified,
dev_hotel_analytics,vw_pace_segment_monthly_current,rooms_chg_7__transient_retail,
dev_hotel_analytics,vw_pace_segment_monthly_current,rooms_chg_7__transient_unqualified,
dev_hotel_analytics,vw_pace_segment_monthly_current,rooms_chg_90__complimentary,
dev_hotel_analytics,vw_pace_segment_monthly_current,rooms_chg_90__group_association,
dev_hotel_analytics,vw_pace_segment_monthly_current,rooms_chg_90__group_citywide,
dev_hotel_analytics,vw_pace_segment_monthly_current,rooms_chg_90__group_corporate,
dev_hotel_analytics,vw_pace_segment_monthly_current,rooms_chg_90__group_entertainment,
dev_hotel_analytics,vw_pace_segment_monthly_current,rooms_chg_90__group_government,
dev_hotel_analytics,vw_pace_segment_monthly_current,rooms_chg_90__group_smerf,
dev_hotel_analytics,vw_pace_segment_monthly_current,rooms_chg_90__group_social,
dev_hotel_analytics,vw_pace_segment_monthly_current,rooms_chg_90__group_tour,
dev_hotel_analytics,vw_pace_segment_monthly_current,rooms_chg_90__group_wedding,
dev_hotel_analytics,vw_pace_segment_monthly_current,rooms_chg_90__transient_consortia,
dev_hotel_analytics,vw_pace_segment_monthly_current,rooms_chg_90__transient_government,
dev_hotel_analytics,vw_pace_segment_monthly_current,rooms_chg_90__transient_negotiated,
dev_hotel_analytics,vw_pace_segment_monthly_current,rooms_chg_90__transient_opaque,
dev_hotel_analytics,vw_pace_segment_monthly_current,rooms_chg_90__transient_package,
dev_hotel_analytics,vw_pace_segment_monthly_current,rooms_chg_90__transient_packages,
dev_hotel_analytics,vw_pace_segment_monthly_current,rooms_chg_90__transient_promotion,
dev_hotel_analytics,vw_pace_segment_monthly_current,rooms_chg_90__transient_qualified,
dev_hotel_analytics,vw_pace_segment_monthly_current,rooms_chg_90__transient_retail,
dev_hotel_analytics,vw_pace_segment_monthly_current,rooms_chg_90__transient_unqualified,
dev_hotel_analytics,vw_pace_segment_change_by_period,rooms_forecast,The projected number of rooms expected to be booked.
dev_hotel_analytics,snap_pace_segment,rooms_forecast,The overall rooms forecast for the stay date.
dev_hotel_analytics,vw_pace_roomtype,rooms_forecast,The forecasted number of rooms expected to be booked.
dev_hotel_analytics,snap_pace_roomtype,rooms_forecast,The forecasted number of rooms expected to be booked.
dev_hotel_analytics,vw_pace_segment,rooms_forecast,
dev_hotel_analytics,vw_pace_segment_current,rooms_forecast,
dev_hotel_analytics,vw_pace_segment_monthly,rooms_forecast__complimentary,The forecast for complimentary rooms.
dev_hotel_analytics,vw_pace_segment_monthly,rooms_forecast__group_association,The forecast for group association rooms.
dev_hotel_analytics,vw_pace_segment_monthly,rooms_forecast__group_citywide,The forecast for group citywide rooms.
dev_hotel_analytics,vw_pace_segment_monthly,rooms_forecast__group_corporate,The forecast for group corporate rooms.
dev_hotel_analytics,vw_pace_segment_monthly,rooms_forecast__group_entertainment,The forecast for group entertainment rooms.
dev_hotel_analytics,vw_pace_segment_monthly,rooms_forecast__group_government,The forecast for group government rooms.
dev_hotel_analytics,vw_pace_segment_monthly,rooms_forecast__group_smerf,The forecast for group SMERF rooms.
dev_hotel_analytics,vw_pace_segment_monthly,rooms_forecast__group_social,The forecast for group social rooms.
dev_hotel_analytics,vw_pace_segment_monthly,rooms_forecast__group_tour,The forecast for group tour rooms.
dev_hotel_analytics,vw_pace_segment_monthly,rooms_forecast__group_wedding,The forecast for group wedding rooms.
dev_hotel_analytics,vw_pace_segment_monthly,rooms_forecast__transient_consortia,The forecast for transient consortia rooms.
dev_hotel_analytics,vw_pace_segment_monthly,rooms_forecast__transient_government,The forecast for transient government rooms.
dev_hotel_analytics,vw_pace_segment_monthly,rooms_forecast__transient_negotiated,The forecast for transient negotiated rooms.
dev_hotel_analytics,vw_pace_segment_monthly,rooms_forecast__transient_opaque,The forecast for transient opaque rooms.
dev_hotel_analytics,vw_pace_segment_monthly,rooms_forecast__transient_package,The forecast for transient package rooms.
dev_hotel_analytics,vw_pace_segment_monthly,rooms_forecast__transient_packages,The forecast for transient packages rooms.
dev_hotel_analytics,vw_pace_segment_monthly,rooms_forecast__transient_promotion,The forecast for transient promotion rooms.
dev_hotel_analytics,vw_pace_segment_monthly,rooms_forecast__transient_qualified,The forecast for transient qualified rooms.
dev_hotel_analytics,vw_pace_segment_monthly,rooms_forecast__transient_retail,The forecast for transient retail rooms.
dev_hotel_analytics,vw_pace_segment_monthly,rooms_forecast__transient_unqualified,The forecast for transient unqualified rooms.
dev_hotel_analytics,vw_pace_segment_change_by_period,rooms_forecast_change_120_day,The change in forecasted rooms over 120 days.
dev_hotel_analytics,vw_pace_segment_change_by_period,rooms_forecast_change_14_day,The change in forecasted rooms over 14 days.
dev_hotel_analytics,vw_pace_segment_change_by_period,rooms_forecast_change_1_day,The change in forecasted rooms over 1 day.
dev_hotel_analytics,vw_pace_segment_change_by_period,rooms_forecast_change_21_day,The change in forecasted rooms over 21 days.
dev_hotel_analytics,vw_pace_segment_change_by_period,rooms_forecast_change_30_day,The change in forecasted rooms over 30 days.
dev_hotel_analytics,vw_pace_segment_change_by_period,rooms_forecast_change_3_day,The change in forecasted rooms over 3 days.
dev_hotel_analytics,vw_pace_segment_change_by_period,rooms_forecast_change_60_day,The change in forecasted rooms over 60 days.
dev_hotel_analytics,vw_pace_segment_change_by_period,rooms_forecast_change_7_day,The change in forecasted rooms over 7 days.
dev_hotel_analytics,vw_pace_segment_change_by_period,rooms_forecast_change_90_day,The change in forecasted rooms over 90 days.
dev_hotel_analytics,vw_pace_segment_change_by_period,rooms_ly_actual,The actual number of rooms booked for the same period last year.
dev_hotel_analytics,snap_pace_segment,rooms_ly_actual,The actual number of rooms occupied for the stay date in the previous year.
dev_hotel_analytics,vw_pace_roomtype,rooms_ly_actual,The actual number of rooms booked for the same stay date last year.
dev_hotel_analytics,snap_pace_roomtype,rooms_ly_actual,The actual number of rooms booked for the same stay date last year.
dev_hotel_analytics,vw_pace_roomtype_current,rooms_ly_actual,
dev_hotel_analytics,vw_pace_segment,rooms_ly_actual,
dev_hotel_analytics,vw_pace_segment_current,rooms_ly_actual,
dev_hotel_analytics,vw_ml_feature_90d,rooms_ly_actual,The final actual room count realized for this date last year.
dev_hotel_analytics,vw_pace_segment_monthly,rooms_ly_actual__complimentary,The actual number of complimentary rooms from last year.
dev_hotel_analytics,vw_pace_segment_monthly,rooms_ly_actual__group_association,The actual number of group association rooms from last year.
dev_hotel_analytics,vw_pace_segment_monthly,rooms_ly_actual__group_citywide,The actual number of group citywide rooms from last year.
dev_hotel_analytics,vw_pace_segment_monthly,rooms_ly_actual__group_corporate,The actual number of group corporate rooms from last year.
dev_hotel_analytics,vw_pace_segment_monthly,rooms_ly_actual__group_entertainment,The actual number of group entertainment rooms from last year.
dev_hotel_analytics,vw_pace_segment_monthly,rooms_ly_actual__group_government,The actual number of group government rooms from last year.
dev_hotel_analytics,vw_pace_segment_monthly,rooms_ly_actual__group_smerf,The actual number of group SMERF rooms from last year.
dev_hotel_analytics,vw_pace_segment_monthly,rooms_ly_actual__group_social,The actual number of group social rooms from last year.
dev_hotel_analytics,vw_pace_segment_monthly,rooms_ly_actual__group_tour,The actual number of group tour rooms from last year.
dev_hotel_analytics,vw_pace_segment_monthly,rooms_ly_actual__group_wedding,The actual number of group wedding rooms from last year.
dev_hotel_analytics,vw_pace_segment_monthly,rooms_ly_actual__transient_consortia,The actual number of transient consortia rooms from last year.
dev_hotel_analytics,vw_pace_segment_monthly,rooms_ly_actual__transient_government,The actual number of transient government rooms from last year.
dev_hotel_analytics,vw_pace_segment_monthly,rooms_ly_actual__transient_negotiated,The actual number of transient negotiated rooms from last year.
dev_hotel_analytics,vw_pace_segment_monthly,rooms_ly_actual__transient_opaque,The actual number of transient opaque rooms from last year.
dev_hotel_analytics,vw_pace_segment_monthly,rooms_ly_actual__transient_package,The actual number of transient package rooms from last year.
dev_hotel_analytics,vw_pace_segment_monthly,rooms_ly_actual__transient_packages,The actual number of transient packages rooms from last year.
dev_hotel_analytics,vw_pace_segment_monthly,rooms_ly_actual__transient_promotion,The actual number of transient promotion rooms from last year.
dev_hotel_analytics,vw_pace_segment_monthly,rooms_ly_actual__transient_qualified,The actual number of transient qualified rooms from last year.
dev_hotel_analytics,vw_pace_segment_monthly,rooms_ly_actual__transient_retail,The actual number of transient retail rooms from last year.
dev_hotel_analytics,vw_pace_segment_monthly,rooms_ly_actual__transient_unqualified,The actual number of transient unqualified rooms from last year.
dev_hotel_analytics,vw_pace_segment_change_by_period,rooms_ly_actual_change_120_day,The change in actual rooms last year over 120 days.
dev_hotel_analytics,vw_pace_segment_change_by_period,rooms_ly_actual_change_14_day,The change in actual rooms last year over 14 days.
dev_hotel_analytics,vw_pace_segment_change_by_period,rooms_ly_actual_change_1_day,The change in actual rooms last year over 1 day.
dev_hotel_analytics,vw_pace_segment_change_by_period,rooms_ly_actual_change_21_day,The change in actual rooms last year over 21 days.
dev_hotel_analytics,vw_pace_segment_change_by_period,rooms_ly_actual_change_30_day,The change in actual rooms last year over 30 days.
dev_hotel_analytics,vw_pace_segment_change_by_period,rooms_ly_actual_change_3_day,The change in actual rooms last year over 3 days.
dev_hotel_analytics,vw_pace_segment_change_by_period,rooms_ly_actual_change_60_day,The change in actual rooms last year over 60 days.
dev_hotel_analytics,vw_pace_segment_change_by_period,rooms_ly_actual_change_7_day,The change in actual rooms last year over 7 days.
dev_hotel_analytics,vw_pace_segment_change_by_period,rooms_ly_actual_change_90_day,The change in actual rooms last year over 90 days.
dev_hotel_analytics,vw_pace_segment_change_by_period,rooms_otb,"The number of rooms ""on the books"" or currently booked."
dev_hotel_analytics,snap_pace_segment,rooms_otb,The number of rooms on the books for the stay date.
dev_hotel_analytics,vw_pace_roomtype,rooms_otb,The number of rooms on the books (booked) for the stay date.
dev_hotel_analytics,snap_pace_roomtype,rooms_otb,The number of rooms On The Books (booked) for the stay date.
dev_hotel_analytics,vw_pace_roomtype_current,rooms_otb,
dev_hotel_analytics,stg_pace_segment,rooms_otb,
dev_hotel_analytics,vw_pace_segment,rooms_otb,
dev_hotel_analytics,vw_pace_segment_current,rooms_otb,
dev_hotel_analytics,vw_ml_feature_90d,rooms_otb,Current rooms booked for this stay date and segment.
dev_hotel_analytics,vw_pace_roomtype_change_by_period_current,rooms_otb__commissioner_suite,The number of Commissioner Suite rooms on the books for the current period.
dev_hotel_analytics,vw_pace_segment_monthly_current,rooms_otb__complimentary,
dev_hotel_analytics,vw_pace_segment_change_by_period_current,rooms_otb__complimentary,
dev_hotel_analytics,vw_pace_segment_monthly,rooms_otb__complimentary,The number of complimentary rooms On The Books for the current period.
dev_hotel_analytics,vw_pace_segment_change_by_period_monthly_current,rooms_otb__complimentary,
dev_hotel_analytics,vw_pace_roomtype_change_by_period_current,rooms_otb__deluxe_king,The number of Deluxe King rooms on the books for the current period.
dev_hotel_analytics,vw_pace_roomtype_change_by_period_current,rooms_otb__foundation_king,The number of Foundation King rooms on the books for the current period.
dev_hotel_analytics,vw_pace_roomtype_change_by_period_current,rooms_otb__foundation_king_ada,The number of ADA-compliant Foundation King rooms on the books for the current period.
dev_hotel_analytics,vw_pace_roomtype_change_by_period_current,rooms_otb__foundation_two_queen,The number of Foundation Two Queen rooms on the books for the current period.
dev_hotel_analytics,vw_pace_segment_monthly_current,rooms_otb__group_association,
dev_hotel_analytics,vw_pace_segment_change_by_period_current,rooms_otb__group_association,
dev_hotel_analytics,vw_pace_segment_monthly,rooms_otb__group_association,The number of group association rooms On The Books for the current period.
dev_hotel_analytics,vw_pace_segment_change_by_period_monthly_current,rooms_otb__group_association,
dev_hotel_analytics,vw_pace_segment_monthly_current,rooms_otb__group_citywide,
dev_hotel_analytics,vw_pace_segment_change_by_period_current,rooms_otb__group_citywide,
dev_hotel_analytics,vw_pace_segment_monthly,rooms_otb__group_citywide,The number of group citywide rooms On The Books for the current period.
dev_hotel_analytics,vw_pace_segment_change_by_period_monthly_current,rooms_otb__group_citywide,
dev_hotel_analytics,vw_pace_segment_monthly_current,rooms_otb__group_corporate,
dev_hotel_analytics,vw_pace_segment_change_by_period_current,rooms_otb__group_corporate,
dev_hotel_analytics,vw_pace_segment_monthly,rooms_otb__group_corporate,The number of group corporate rooms On The Books for the current period.
dev_hotel_analytics,vw_pace_segment_change_by_period_monthly_current,rooms_otb__group_corporate,
dev_hotel_analytics,vw_pace_segment_monthly_current,rooms_otb__group_entertainment,
dev_hotel_analytics,vw_pace_segment_change_by_period_current,rooms_otb__group_entertainment,
dev_hotel_analytics,vw_pace_segment_monthly,rooms_otb__group_entertainment,The number of group entertainment rooms On The Books for the current period.
dev_hotel_analytics,vw_pace_segment_change_by_period_monthly_current,rooms_otb__group_entertainment,
dev_hotel_analytics,vw_pace_segment_monthly_current,rooms_otb__group_government,
dev_hotel_analytics,vw_pace_segment_change_by_period_current,rooms_otb__group_government,
dev_hotel_analytics,vw_pace_segment_monthly,rooms_otb__group_government,The number of group government rooms On The Books for the current period.
dev_hotel_analytics,vw_pace_segment_change_by_period_monthly_current,rooms_otb__group_government,
dev_hotel_analytics,vw_pace_segment_monthly_current,rooms_otb__group_smerf,
dev_hotel_analytics,vw_pace_segment_change_by_period_current,rooms_otb__group_smerf,
dev_hotel_analytics,vw_pace_segment_monthly,rooms_otb__group_smerf,The number of group SMERF rooms On The Books for the current period.
dev_hotel_analytics,vw_pace_segment_change_by_period_monthly_current,rooms_otb__group_smerf,
dev_hotel_analytics,vw_pace_segment_monthly_current,rooms_otb__group_social,
dev_hotel_analytics,vw_pace_segment_change_by_period_current,rooms_otb__group_social,
dev_hotel_analytics,vw_pace_segment_monthly,rooms_otb__group_social,The number of group social rooms On The Books for the current period.
dev_hotel_analytics,vw_pace_segment_change_by_period_monthly_current,rooms_otb__group_social,
dev_hotel_analytics,vw_pace_segment_monthly_current,rooms_otb__group_tour,
dev_hotel_analytics,vw_pace_segment_change_by_period_current,rooms_otb__group_tour,
dev_hotel_analytics,vw_pace_segment_monthly,rooms_otb__group_tour,The number of group tour rooms On The Books for the current period.
dev_hotel_analytics,vw_pace_segment_change_by_period_monthly_current,rooms_otb__group_tour,
dev_hotel_analytics,vw_pace_segment_monthly_current,rooms_otb__group_wedding,
dev_hotel_analytics,vw_pace_segment_change_by_period_current,rooms_otb__group_wedding,
dev_hotel_analytics,vw_pace_segment_monthly,rooms_otb__group_wedding,The number of group wedding rooms On The Books for the current period.
dev_hotel_analytics,vw_pace_segment_change_by_period_monthly_current,rooms_otb__group_wedding,
dev_hotel_analytics,vw_pace_roomtype_change_by_period_current,rooms_otb__junior_suite,The number of Junior Suite rooms on the books for the current period.
dev_hotel_analytics,vw_pace_roomtype_change_by_period_current,rooms_otb__king_guestroom,The number of King Guestroom rooms on the books for the current period.
dev_hotel_analytics,vw_pace_roomtype_change_by_period_current,rooms_otb__secretary_suite,The number of Secretary Suite rooms on the books for the current period.
dev_hotel_analytics,vw_pace_segment_monthly_current,rooms_otb__transient_consortia,
dev_hotel_analytics,vw_pace_segment_change_by_period_current,rooms_otb__transient_consortia,
dev_hotel_analytics,vw_pace_segment_monthly,rooms_otb__transient_consortia,The number of transient consortia rooms On The Books for the current period.
dev_hotel_analytics,vw_pace_segment_change_by_period_monthly_current,rooms_otb__transient_consortia,
dev_hotel_analytics,vw_pace_segment_monthly_current,rooms_otb__transient_government,
dev_hotel_analytics,vw_pace_segment_change_by_period_current,rooms_otb__transient_government,
dev_hotel_analytics,vw_pace_segment_monthly,rooms_otb__transient_government,The number of transient government rooms On The Books for the current period.
dev_hotel_analytics,vw_pace_segment_change_by_period_monthly_current,rooms_otb__transient_government,
dev_hotel_analytics,vw_pace_segment_monthly_current,rooms_otb__transient_negotiated,
dev_hotel_analytics,vw_pace_segment_change_by_period_current,rooms_otb__transient_negotiated,
dev_hotel_analytics,vw_pace_segment_monthly,rooms_otb__transient_negotiated,The number of transient negotiated rooms On The Books for the current period.
dev_hotel_analytics,vw_pace_segment_change_by_period_monthly_current,rooms_otb__transient_negotiated,
dev_hotel_analytics,vw_pace_segment_monthly_current,rooms_otb__transient_opaque,
dev_hotel_analytics,vw_pace_segment_change_by_period_current,rooms_otb__transient_opaque,
dev_hotel_analytics,vw_pace_segment_monthly,rooms_otb__transient_opaque,The number of transient opaque rooms On The Books for the current period.
dev_hotel_analytics,vw_pace_segment_change_by_period_monthly_current,rooms_otb__transient_opaque,
dev_hotel_analytics,vw_pace_segment_monthly_current,rooms_otb__transient_package,
dev_hotel_analytics,vw_pace_segment_change_by_period_current,rooms_otb__transient_package,
dev_hotel_analytics,vw_pace_segment_monthly,rooms_otb__transient_package,The number of transient package rooms On The Books for the current period.
dev_hotel_analytics,vw_pace_segment_change_by_period_monthly_current,rooms_otb__transient_package,
dev_hotel_analytics,vw_pace_segment_monthly_current,rooms_otb__transient_packages,
dev_hotel_analytics,vw_pace_segment_change_by_period_current,rooms_otb__transient_packages,
dev_hotel_analytics,vw_pace_segment_monthly,rooms_otb__transient_packages,The number of transient packages rooms On The Books for the current period.
dev_hotel_analytics,vw_pace_segment_change_by_period_monthly_current,rooms_otb__transient_packages,
dev_hotel_analytics,vw_pace_segment_monthly_current,rooms_otb__transient_promotion,
dev_hotel_analytics,vw_pace_segment_change_by_period_current,rooms_otb__transient_promotion,
dev_hotel_analytics,vw_pace_segment_monthly,rooms_otb__transient_promotion,The number of transient promotion rooms On The Books for the current period.
dev_hotel_analytics,vw_pace_segment_change_by_period_monthly_current,rooms_otb__transient_promotion,
dev_hotel_analytics,vw_pace_segment_monthly_current,rooms_otb__transient_qualified,
dev_hotel_analytics,vw_pace_segment_change_by_period_current,rooms_otb__transient_qualified,
dev_hotel_analytics,vw_pace_segment_monthly,rooms_otb__transient_qualified,The number of transient qualified rooms On The Books for the current period.
dev_hotel_analytics,vw_pace_segment_change_by_period_monthly_current,rooms_otb__transient_qualified,
dev_hotel_analytics,vw_pace_segment_monthly_current,rooms_otb__transient_retail,
dev_hotel_analytics,vw_pace_segment_change_by_period_current,rooms_otb__transient_retail,
dev_hotel_analytics,vw_pace_segment_monthly,rooms_otb__transient_retail,The number of transient retail rooms On The Books for the current period.
dev_hotel_analytics,vw_pace_segment_change_by_period_monthly_current,rooms_otb__transient_retail,
dev_hotel_analytics,vw_pace_segment_monthly_current,rooms_otb__transient_unqualified,
dev_hotel_analytics,vw_pace_segment_change_by_period_current,rooms_otb__transient_unqualified,
dev_hotel_analytics,vw_pace_segment_monthly,rooms_otb__transient_unqualified,The number of transient unqualified rooms On The Books for the current period.
dev_hotel_analytics,vw_pace_segment_change_by_period_monthly_current,rooms_otb__transient_unqualified,
dev_hotel_analytics,vw_pace_roomtype_change_by_period_current,rooms_otb__two_queen_guestroom,The number of Two Queen Guestroom rooms on the books for the current period.
dev_hotel_analytics,vw_pace_roomtype_change_by_period_current,rooms_otb__two_queen_guestroom_ada,The number of ADA-compliant Two Queen Guestroom rooms on the books for the current period.
dev_hotel_analytics,vw_pace_segment_change_by_period,rooms_otb_change_120_day,The change in rooms on the books over 120 days.
dev_hotel_analytics,vw_pace_segment_change_by_period,rooms_otb_change_14_day,The change in rooms on the books over 14 days.
dev_hotel_analytics,vw_pace_segment_change_by_period,rooms_otb_change_1_day,The change in rooms on the books over 1 day.
dev_hotel_analytics,vw_pace_segment_change_by_period,rooms_otb_change_21_day,The change in rooms on the books over 21 days.
dev_hotel_analytics,vw_pace_segment_change_by_period,rooms_otb_change_30_day,The change in rooms on the books over 30 days.
dev_hotel_analytics,vw_pace_segment_change_by_period,rooms_otb_change_3_day,The change in rooms on the books over 3 days.
dev_hotel_analytics,vw_pace_segment_change_by_period,rooms_otb_change_60_day,The change in rooms on the books over 60 days.
dev_hotel_analytics,vw_pace_segment_change_by_period,rooms_otb_change_7_day,The change in rooms on the books over 7 days.
dev_hotel_analytics,vw_pace_segment_change_by_period,rooms_otb_change_90_day,The change in rooms on the books over 90 days.
dev_hotel_analytics,vw_pace_roomtype_change_by_period_current,rooms_otb_chg_001_day__commissioner_suite,The 1-day change in Commissioner Suite rooms on the books for the current period.
dev_hotel_analytics,vw_pace_segment_change_by_period_current,rooms_otb_chg_001_day__complimentary,
dev_hotel_analytics,vw_pace_segment_change_by_period_monthly_current,rooms_otb_chg_001_day__complimentary,
dev_hotel_analytics,vw_pace_roomtype_change_by_period_current,rooms_otb_chg_001_day__deluxe_king,The 1-day change in Deluxe King rooms on the books for the current period.
dev_hotel_analytics,vw_pace_roomtype_change_by_period_current,rooms_otb_chg_001_day__foundation_king,The 1-day change in Foundation King rooms on the books for the current period.
dev_hotel_analytics,vw_pace_roomtype_change_by_period_current,rooms_otb_chg_001_day__foundation_king_ada,The 1-day change in ADA-compliant Foundation King rooms on the books for the current period.
dev_hotel_analytics,vw_pace_roomtype_change_by_period_current,rooms_otb_chg_001_day__foundation_two_queen,The 1-day change in Foundation Two Queen rooms on the books for the current period.
dev_hotel_analytics,vw_pace_segment_change_by_period_current,rooms_otb_chg_001_day__group_association,
dev_hotel_analytics,vw_pace_segment_change_by_period_monthly_current,rooms_otb_chg_001_day__group_association,
dev_hotel_analytics,vw_pace_segment_change_by_period_current,rooms_otb_chg_001_day__group_citywide,
dev_hotel_analytics,vw_pace_segment_change_by_period_monthly_current,rooms_otb_chg_001_day__group_citywide,
dev_hotel_analytics,vw_pace_segment_change_by_period_current,rooms_otb_chg_001_day__group_corporate,
dev_hotel_analytics,vw_pace_segment_change_by_period_monthly_current,rooms_otb_chg_001_day__group_corporate,
dev_hotel_analytics,vw_pace_segment_change_by_period_current,rooms_otb_chg_001_day__group_entertainment,
dev_hotel_analytics,vw_pace_segment_change_by_period_monthly_current,rooms_otb_chg_001_day__group_entertainment,
dev_hotel_analytics,vw_pace_segment_change_by_period_current,rooms_otb_chg_001_day__group_government,
dev_hotel_analytics,vw_pace_segment_change_by_period_monthly_current,rooms_otb_chg_001_day__group_government,
dev_hotel_analytics,vw_pace_segment_change_by_period_current,rooms_otb_chg_001_day__group_smerf,
dev_hotel_analytics,vw_pace_segment_change_by_period_monthly_current,rooms_otb_chg_001_day__group_smerf,
dev_hotel_analytics,vw_pace_segment_change_by_period_current,rooms_otb_chg_001_day__group_social,
dev_hotel_analytics,vw_pace_segment_change_by_period_monthly_current,rooms_otb_chg_001_day__group_social,
dev_hotel_analytics,vw_pace_segment_change_by_period_current,rooms_otb_chg_001_day__group_tour,
dev_hotel_analytics,vw_pace_segment_change_by_period_monthly_current,rooms_otb_chg_001_day__group_tour,
dev_hotel_analytics,vw_pace_segment_change_by_period_current,rooms_otb_chg_001_day__group_wedding,
dev_hotel_analytics,vw_pace_segment_change_by_period_monthly_current,rooms_otb_chg_001_day__group_wedding,
dev_hotel_analytics,vw_pace_roomtype_change_by_period_current,rooms_otb_chg_001_day__junior_suite,The 1-day change in Junior Suite rooms on the books for the current period.
dev_hotel_analytics,vw_pace_roomtype_change_by_period_current,rooms_otb_chg_001_day__king_guestroom,The 1-day change in King Guestroom rooms on the books for the current period.
dev_hotel_analytics,vw_pace_roomtype_change_by_period_current,rooms_otb_chg_001_day__secretary_suite,The 1-day change in Secretary Suite rooms on the books for the current period.
dev_hotel_analytics,vw_pace_segment_change_by_period_current,rooms_otb_chg_001_day__transient_consortia,
dev_hotel_analytics,vw_pace_segment_change_by_period_monthly_current,rooms_otb_chg_001_day__transient_consortia,
dev_hotel_analytics,vw_pace_segment_change_by_period_current,rooms_otb_chg_001_day__transient_government,
dev_hotel_analytics,vw_pace_segment_change_by_period_monthly_current,rooms_otb_chg_001_day__transient_government,
dev_hotel_analytics,vw_pace_segment_change_by_period_current,rooms_otb_chg_001_day__transient_negotiated,
dev_hotel_analytics,vw_pace_segment_change_by_period_monthly_current,rooms_otb_chg_001_day__transient_negotiated,
dev_hotel_analytics,vw_pace_segment_change_by_period_current,rooms_otb_chg_001_day__transient_opaque,
dev_hotel_analytics,vw_pace_segment_change_by_period_monthly_current,rooms_otb_chg_001_day__transient_opaque,
dev_hotel_analytics,vw_pace_segment_change_by_period_current,rooms_otb_chg_001_day__transient_package,
dev_hotel_analytics,vw_pace_segment_change_by_period_monthly_current,rooms_otb_chg_001_day__transient_package,
dev_hotel_analytics,vw_pace_segment_change_by_period_current,rooms_otb_chg_001_day__transient_packages,
dev_hotel_analytics,vw_pace_segment_change_by_period_monthly_current,rooms_otb_chg_001_day__transient_packages,
dev_hotel_analytics,vw_pace_segment_change_by_period_current,rooms_otb_chg_001_day__transient_promotion,
dev_hotel_analytics,vw_pace_segment_change_by_period_monthly_current,rooms_otb_chg_001_day__transient_promotion,
dev_hotel_analytics,vw_pace_segment_change_by_period_current,rooms_otb_chg_001_day__transient_qualified,
dev_hotel_analytics,vw_pace_segment_change_by_period_monthly_current,rooms_otb_chg_001_day__transient_qualified,
dev_hotel_analytics,vw_pace_segment_change_by_period_current,rooms_otb_chg_001_day__transient_retail,
dev_hotel_analytics,vw_pace_segment_change_by_period_monthly_current,rooms_otb_chg_001_day__transient_retail,
dev_hotel_analytics,vw_pace_segment_change_by_period_current,rooms_otb_chg_001_day__transient_unqualified,
dev_hotel_analytics,vw_pace_segment_change_by_period_monthly_current,rooms_otb_chg_001_day__transient_unqualified,
dev_hotel_analytics,vw_pace_roomtype_change_by_period_current,rooms_otb_chg_001_day__two_queen_guestroom,The 1-day change in Two Queen Guestroom rooms on the books for the current period.
dev_hotel_analytics,vw_pace_roomtype_change_by_period_current,rooms_otb_chg_001_day__two_queen_guestroom_ada,The 1-day change in ADA-compliant Two Queen Guestroom rooms on the books for the current period.
dev_hotel_analytics,vw_pace_roomtype_change_by_period_current,rooms_otb_chg_003_day__commissioner_suite,The 3-day change in Commissioner Suite rooms on the books for the current period.
dev_hotel_analytics,vw_pace_segment_change_by_period_current,rooms_otb_chg_003_day__complimentary,
dev_hotel_analytics,vw_pace_segment_change_by_period_monthly_current,rooms_otb_chg_003_day__complimentary,
dev_hotel_analytics,vw_pace_roomtype_change_by_period_current,rooms_otb_chg_003_day__deluxe_king,The 3-day change in Deluxe King rooms on the books for the current period.
dev_hotel_analytics,vw_pace_roomtype_change_by_period_current,rooms_otb_chg_003_day__foundation_king,The 3-day change in Foundation King rooms on the books for the current period.
dev_hotel_analytics,vw_pace_roomtype_change_by_period_current,rooms_otb_chg_003_day__foundation_king_ada,The 3-day change in ADA-compliant Foundation King rooms on the books for the current period.
dev_hotel_analytics,vw_pace_roomtype_change_by_period_current,rooms_otb_chg_003_day__foundation_two_queen,The 3-day change in Foundation Two Queen rooms on the books for the current period.
dev_hotel_analytics,vw_pace_segment_change_by_period_current,rooms_otb_chg_003_day__group_association,
dev_hotel_analytics,vw_pace_segment_change_by_period_monthly_current,rooms_otb_chg_003_day__group_association,
dev_hotel_analytics,vw_pace_segment_change_by_period_current,rooms_otb_chg_003_day__group_citywide,
dev_hotel_analytics,vw_pace_segment_change_by_period_monthly_current,rooms_otb_chg_003_day__group_citywide,
dev_hotel_analytics,vw_pace_segment_change_by_period_current,rooms_otb_chg_003_day__group_corporate,
dev_hotel_analytics,vw_pace_segment_change_by_period_monthly_current,rooms_otb_chg_003_day__group_corporate,
dev_hotel_analytics,vw_pace_segment_change_by_period_current,rooms_otb_chg_003_day__group_entertainment,
dev_hotel_analytics,vw_pace_segment_change_by_period_monthly_current,rooms_otb_chg_003_day__group_entertainment,
dev_hotel_analytics,vw_pace_segment_change_by_period_current,rooms_otb_chg_003_day__group_government,
dev_hotel_analytics,vw_pace_segment_change_by_period_monthly_current,rooms_otb_chg_003_day__group_government,
dev_hotel_analytics,vw_pace_segment_change_by_period_current,rooms_otb_chg_003_day__group_smerf,
dev_hotel_analytics,vw_pace_segment_change_by_period_monthly_current,rooms_otb_chg_003_day__group_smerf,
dev_hotel_analytics,vw_pace_segment_change_by_period_current,rooms_otb_chg_003_day__group_social,
dev_hotel_analytics,vw_pace_segment_change_by_period_monthly_current,rooms_otb_chg_003_day__group_social,
dev_hotel_analytics,vw_pace_segment_change_by_period_current,rooms_otb_chg_003_day__group_tour,
dev_hotel_analytics,vw_pace_segment_change_by_period_monthly_current,rooms_otb_chg_003_day__group_tour,
dev_hotel_analytics,vw_pace_segment_change_by_period_current,rooms_otb_chg_003_day__group_wedding,
dev_hotel_analytics,vw_pace_segment_change_by_period_monthly_current,rooms_otb_chg_003_day__group_wedding,
dev_hotel_analytics,vw_pace_roomtype_change_by_period_current,rooms_otb_chg_003_day__junior_suite,The 3-day change in Junior Suite rooms on the books for the current period.
dev_hotel_analytics,vw_pace_roomtype_change_by_period_current,rooms_otb_chg_003_day__king_guestroom,The 3-day change in King Guestroom rooms on the books for the current period.
dev_hotel_analytics,vw_pace_roomtype_change_by_period_current,rooms_otb_chg_003_day__secretary_suite,The 3-day change in Secretary Suite rooms on the books for the current period.
dev_hotel_analytics,vw_pace_segment_change_by_period_current,rooms_otb_chg_003_day__transient_consortia,
dev_hotel_analytics,vw_pace_segment_change_by_period_monthly_current,rooms_otb_chg_003_day__transient_consortia,
dev_hotel_analytics,vw_pace_segment_change_by_period_current,rooms_otb_chg_003_day__transient_government,
dev_hotel_analytics,vw_pace_segment_change_by_period_monthly_current,rooms_otb_chg_003_day__transient_government,
dev_hotel_analytics,vw_pace_segment_change_by_period_current,rooms_otb_chg_003_day__transient_negotiated,
dev_hotel_analytics,vw_pace_segment_change_by_period_monthly_current,rooms_otb_chg_003_day__transient_negotiated,
dev_hotel_analytics,vw_pace_segment_change_by_period_current,rooms_otb_chg_003_day__transient_opaque,
dev_hotel_analytics,vw_pace_segment_change_by_period_monthly_current,rooms_otb_chg_003_day__transient_opaque,
dev_hotel_analytics,vw_pace_segment_change_by_period_current,rooms_otb_chg_003_day__transient_package,
dev_hotel_analytics,vw_pace_segment_change_by_period_monthly_current,rooms_otb_chg_003_day__transient_package,
dev_hotel_analytics,vw_pace_segment_change_by_period_current,rooms_otb_chg_003_day__transient_packages,
dev_hotel_analytics,vw_pace_segment_change_by_period_monthly_current,rooms_otb_chg_003_day__transient_packages,
dev_hotel_analytics,vw_pace_segment_change_by_period_current,rooms_otb_chg_003_day__transient_promotion,
dev_hotel_analytics,vw_pace_segment_change_by_period_monthly_current,rooms_otb_chg_003_day__transient_promotion,
dev_hotel_analytics,vw_pace_segment_change_by_period_current,rooms_otb_chg_003_day__transient_qualified,
dev_hotel_analytics,vw_pace_segment_change_by_period_monthly_current,rooms_otb_chg_003_day__transient_qualified,
dev_hotel_analytics,vw_pace_segment_change_by_period_current,rooms_otb_chg_003_day__transient_retail,
dev_hotel_analytics,vw_pace_segment_change_by_period_monthly_current,rooms_otb_chg_003_day__transient_retail,
dev_hotel_analytics,vw_pace_segment_change_by_period_current,rooms_otb_chg_003_day__transient_unqualified,
dev_hotel_analytics,vw_pace_segment_change_by_period_monthly_current,rooms_otb_chg_003_day__transient_unqualified,
dev_hotel_analytics,vw_pace_roomtype_change_by_period_current,rooms_otb_chg_003_day__two_queen_guestroom,The 3-day change in Two Queen Guestroom rooms on the books for the current period.
dev_hotel_analytics,vw_pace_roomtype_change_by_period_current,rooms_otb_chg_003_day__two_queen_guestroom_ada,The 3-day change in ADA-compliant Two Queen Guestroom rooms on the books for the current period.
dev_hotel_analytics,vw_pace_roomtype_change_by_period_current,rooms_otb_chg_007_day__commissioner_suite,The 7-day change in Commissioner Suite rooms on the books for the current period.
dev_hotel_analytics,vw_pace_segment_change_by_period_current,rooms_otb_chg_007_day__complimentary,
dev_hotel_analytics,vw_pace_segment_change_by_period_monthly_current,rooms_otb_chg_007_day__complimentary,
dev_hotel_analytics,vw_pace_roomtype_change_by_period_current,rooms_otb_chg_007_day__deluxe_king,The 7-day change in Deluxe King rooms on the books for the current period.
dev_hotel_analytics,vw_pace_roomtype_change_by_period_current,rooms_otb_chg_007_day__foundation_king,The 7-day change in Foundation King rooms on the books for the current period.
dev_hotel_analytics,vw_pace_roomtype_change_by_period_current,rooms_otb_chg_007_day__foundation_king_ada,The 7-day change in ADA-compliant Foundation King rooms on the books for the current period.
dev_hotel_analytics,vw_pace_roomtype_change_by_period_current,rooms_otb_chg_007_day__foundation_two_queen,The 7-day change in Foundation Two Queen rooms on the books for the current period.
dev_hotel_analytics,vw_pace_segment_change_by_period_current,rooms_otb_chg_007_day__group_association,
dev_hotel_analytics,vw_pace_segment_change_by_period_monthly_current,rooms_otb_chg_007_day__group_association,
dev_hotel_analytics,vw_pace_segment_change_by_period_current,rooms_otb_chg_007_day__group_citywide,
dev_hotel_analytics,vw_pace_segment_change_by_period_monthly_current,rooms_otb_chg_007_day__group_citywide,
dev_hotel_analytics,vw_pace_segment_change_by_period_current,rooms_otb_chg_007_day__group_corporate,
dev_hotel_analytics,vw_pace_segment_change_by_period_monthly_current,rooms_otb_chg_007_day__group_corporate,
dev_hotel_analytics,vw_pace_segment_change_by_period_current,rooms_otb_chg_007_day__group_entertainment,
dev_hotel_analytics,vw_pace_segment_change_by_period_monthly_current,rooms_otb_chg_007_day__group_entertainment,
dev_hotel_analytics,vw_pace_segment_change_by_period_current,rooms_otb_chg_007_day__group_government,
dev_hotel_analytics,vw_pace_segment_change_by_period_monthly_current,rooms_otb_chg_007_day__group_government,
dev_hotel_analytics,vw_pace_segment_change_by_period_current,rooms_otb_chg_007_day__group_smerf,
dev_hotel_analytics,vw_pace_segment_change_by_period_monthly_current,rooms_otb_chg_007_day__group_smerf,
dev_hotel_analytics,vw_pace_segment_change_by_period_current,rooms_otb_chg_007_day__group_social,
dev_hotel_analytics,vw_pace_segment_change_by_period_monthly_current,rooms_otb_chg_007_day__group_social,
dev_hotel_analytics,vw_pace_segment_change_by_period_current,rooms_otb_chg_007_day__group_tour,
dev_hotel_analytics,vw_pace_segment_change_by_period_monthly_current,rooms_otb_chg_007_day__group_tour,
dev_hotel_analytics,vw_pace_segment_change_by_period_current,rooms_otb_chg_007_day__group_wedding,
dev_hotel_analytics,vw_pace_segment_change_by_period_monthly_current,rooms_otb_chg_007_day__group_wedding,
dev_hotel_analytics,vw_pace_roomtype_change_by_period_current,rooms_otb_chg_007_day__junior_suite,The 7-day change in Junior Suite rooms on the books for the current period.
dev_hotel_analytics,vw_pace_roomtype_change_by_period_current,rooms_otb_chg_007_day__king_guestroom,The 7-day change in King Guestroom rooms on the books for the current period.
dev_hotel_analytics,vw_pace_roomtype_change_by_period_current,rooms_otb_chg_007_day__secretary_suite,The 7-day change in Secretary Suite rooms on the books for the current period.
dev_hotel_analytics,vw_pace_segment_change_by_period_current,rooms_otb_chg_007_day__transient_consortia,
dev_hotel_analytics,vw_pace_segment_change_by_period_monthly_current,rooms_otb_chg_007_day__transient_consortia,
dev_hotel_analytics,vw_pace_segment_change_by_period_current,rooms_otb_chg_007_day__transient_government,
dev_hotel_analytics,vw_pace_segment_change_by_period_monthly_current,rooms_otb_chg_007_day__transient_government,
dev_hotel_analytics,vw_pace_segment_change_by_period_current,rooms_otb_chg_007_day__transient_negotiated,
dev_hotel_analytics,vw_pace_segment_change_by_period_monthly_current,rooms_otb_chg_007_day__transient_negotiated,
dev_hotel_analytics,vw_pace_segment_change_by_period_current,rooms_otb_chg_007_day__transient_opaque,
dev_hotel_analytics,vw_pace_segment_change_by_period_monthly_current,rooms_otb_chg_007_day__transient_opaque,
dev_hotel_analytics,vw_pace_segment_change_by_period_current,rooms_otb_chg_007_day__transient_package,
dev_hotel_analytics,vw_pace_segment_change_by_period_monthly_current,rooms_otb_chg_007_day__transient_package,
dev_hotel_analytics,vw_pace_segment_change_by_period_current,rooms_otb_chg_007_day__transient_packages,
dev_hotel_analytics,vw_pace_segment_change_by_period_monthly_current,rooms_otb_chg_007_day__transient_packages,
dev_hotel_analytics,vw_pace_segment_change_by_period_current,rooms_otb_chg_007_day__transient_promotion,
dev_hotel_analytics,vw_pace_segment_change_by_period_monthly_current,rooms_otb_chg_007_day__transient_promotion,
dev_hotel_analytics,vw_pace_segment_change_by_period_current,rooms_otb_chg_007_day__transient_qualified,
dev_hotel_analytics,vw_pace_segment_change_by_period_monthly_current,rooms_otb_chg_007_day__transient_qualified,
dev_hotel_analytics,vw_pace_segment_change_by_period_current,rooms_otb_chg_007_day__transient_retail,
dev_hotel_analytics,vw_pace_segment_change_by_period_monthly_current,rooms_otb_chg_007_day__transient_retail,
dev_hotel_analytics,vw_pace_segment_change_by_period_current,rooms_otb_chg_007_day__transient_unqualified,
dev_hotel_analytics,vw_pace_segment_change_by_period_monthly_current,rooms_otb_chg_007_day__transient_unqualified,
dev_hotel_analytics,vw_pace_roomtype_change_by_period_current,rooms_otb_chg_007_day__two_queen_guestroom,The 7-day change in Two Queen Guestroom rooms on the books for the current period.
dev_hotel_analytics,vw_pace_roomtype_change_by_period_current,rooms_otb_chg_007_day__two_queen_guestroom_ada,The 7-day change in ADA-compliant Two Queen Guestroom rooms on the books for the current period.
dev_hotel_analytics,vw_pace_roomtype_change_by_period_current,rooms_otb_chg_014_day__commissioner_suite,The 14-day change in Commissioner Suite rooms on the books for the current period.
dev_hotel_analytics,vw_pace_segment_change_by_period_current,rooms_otb_chg_014_day__complimentary,
dev_hotel_analytics,vw_pace_segment_change_by_period_monthly_current,rooms_otb_chg_014_day__complimentary,
dev_hotel_analytics,vw_pace_roomtype_change_by_period_current,rooms_otb_chg_014_day__deluxe_king,The 14-day change in Deluxe King rooms on the books for the current period.
dev_hotel_analytics,vw_pace_roomtype_change_by_period_current,rooms_otb_chg_014_day__foundation_king,The 14-day change in Foundation King rooms on the books for the current period.
dev_hotel_analytics,vw_pace_roomtype_change_by_period_current,rooms_otb_chg_014_day__foundation_king_ada,The 14-day change in ADA-compliant Foundation King rooms on the books for the current period.
dev_hotel_analytics,vw_pace_roomtype_change_by_period_current,rooms_otb_chg_014_day__foundation_two_queen,The 14-day change in Foundation Two Queen rooms on the books for the current period.
dev_hotel_analytics,vw_pace_segment_change_by_period_current,rooms_otb_chg_014_day__group_association,
dev_hotel_analytics,vw_pace_segment_change_by_period_monthly_current,rooms_otb_chg_014_day__group_association,
dev_hotel_analytics,vw_pace_segment_change_by_period_current,rooms_otb_chg_014_day__group_citywide,
dev_hotel_analytics,vw_pace_segment_change_by_period_monthly_current,rooms_otb_chg_014_day__group_citywide,
dev_hotel_analytics,vw_pace_segment_change_by_period_current,rooms_otb_chg_014_day__group_corporate,
dev_hotel_analytics,vw_pace_segment_change_by_period_monthly_current,rooms_otb_chg_014_day__group_corporate,
dev_hotel_analytics,vw_pace_segment_change_by_period_current,rooms_otb_chg_014_day__group_entertainment,
dev_hotel_analytics,vw_pace_segment_change_by_period_monthly_current,rooms_otb_chg_014_day__group_entertainment,
dev_hotel_analytics,vw_pace_segment_change_by_period_current,rooms_otb_chg_014_day__group_government,
dev_hotel_analytics,vw_pace_segment_change_by_period_monthly_current,rooms_otb_chg_014_day__group_government,
dev_hotel_analytics,vw_pace_segment_change_by_period_current,rooms_otb_chg_014_day__group_smerf,
dev_hotel_analytics,vw_pace_segment_change_by_period_monthly_current,rooms_otb_chg_014_day__group_smerf,
dev_hotel_analytics,vw_pace_segment_change_by_period_current,rooms_otb_chg_014_day__group_social,
dev_hotel_analytics,vw_pace_segment_change_by_period_monthly_current,rooms_otb_chg_014_day__group_social,
dev_hotel_analytics,vw_pace_segment_change_by_period_current,rooms_otb_chg_014_day__group_tour,
dev_hotel_analytics,vw_pace_segment_change_by_period_monthly_current,rooms_otb_chg_014_day__group_tour,
dev_hotel_analytics,vw_pace_segment_change_by_period_current,rooms_otb_chg_014_day__group_wedding,
dev_hotel_analytics,vw_pace_segment_change_by_period_monthly_current,rooms_otb_chg_014_day__group_wedding,
dev_hotel_analytics,vw_pace_roomtype_change_by_period_current,rooms_otb_chg_014_day__junior_suite,The 14-day change in Junior Suite rooms on the books for the current period.
dev_hotel_analytics,vw_pace_roomtype_change_by_period_current,rooms_otb_chg_014_day__king_guestroom,The 14-day change in King Guestroom rooms on the books for the current period.
dev_hotel_analytics,vw_pace_roomtype_change_by_period_current,rooms_otb_chg_014_day__secretary_suite,The 14-day change in Secretary Suite rooms on the books for the current period.
dev_hotel_analytics,vw_pace_segment_change_by_period_current,rooms_otb_chg_014_day__transient_consortia,
dev_hotel_analytics,vw_pace_segment_change_by_period_monthly_current,rooms_otb_chg_014_day__transient_consortia,
dev_hotel_analytics,vw_pace_segment_change_by_period_current,rooms_otb_chg_014_day__transient_government,
dev_hotel_analytics,vw_pace_segment_change_by_period_monthly_current,rooms_otb_chg_014_day__transient_government,
dev_hotel_analytics,vw_pace_segment_change_by_period_current,rooms_otb_chg_014_day__transient_negotiated,
dev_hotel_analytics,vw_pace_segment_change_by_period_monthly_current,rooms_otb_chg_014_day__transient_negotiated,
dev_hotel_analytics,vw_pace_segment_change_by_period_current,rooms_otb_chg_014_day__transient_opaque,
dev_hotel_analytics,vw_pace_segment_change_by_period_monthly_current,rooms_otb_chg_014_day__transient_opaque,
dev_hotel_analytics,vw_pace_segment_change_by_period_current,rooms_otb_chg_014_day__transient_package,
dev_hotel_analytics,vw_pace_segment_change_by_period_monthly_current,rooms_otb_chg_014_day__transient_package,
dev_hotel_analytics,vw_pace_segment_change_by_period_current,rooms_otb_chg_014_day__transient_packages,
dev_hotel_analytics,vw_pace_segment_change_by_period_monthly_current,rooms_otb_chg_014_day__transient_packages,
dev_hotel_analytics,vw_pace_segment_change_by_period_current,rooms_otb_chg_014_day__transient_promotion,
dev_hotel_analytics,vw_pace_segment_change_by_period_monthly_current,rooms_otb_chg_014_day__transient_promotion,
dev_hotel_analytics,vw_pace_segment_change_by_period_current,rooms_otb_chg_014_day__transient_qualified,
dev_hotel_analytics,vw_pace_segment_change_by_period_monthly_current,rooms_otb_chg_014_day__transient_qualified,
dev_hotel_analytics,vw_pace_segment_change_by_period_current,rooms_otb_chg_014_day__transient_retail,
dev_hotel_analytics,vw_pace_segment_change_by_period_monthly_current,rooms_otb_chg_014_day__transient_retail,
dev_hotel_analytics,vw_pace_segment_change_by_period_current,rooms_otb_chg_014_day__transient_unqualified,
dev_hotel_analytics,vw_pace_segment_change_by_period_monthly_current,rooms_otb_chg_014_day__transient_unqualified,
dev_hotel_analytics,vw_pace_roomtype_change_by_period_current,rooms_otb_chg_014_day__two_queen_guestroom,The 14-day change in Two Queen Guestroom rooms on the books for the current period.
dev_hotel_analytics,vw_pace_roomtype_change_by_period_current,rooms_otb_chg_014_day__two_queen_guestroom_ada,The 14-day change in ADA-compliant Two Queen Guestroom rooms on the books for the current period.
dev_hotel_analytics,vw_pace_roomtype_change_by_period_current,rooms_otb_chg_021_day__commissioner_suite,The 21-day change in Commissioner Suite rooms on the books for the current period.
dev_hotel_analytics,vw_pace_segment_change_by_period_current,rooms_otb_chg_021_day__complimentary,
dev_hotel_analytics,vw_pace_segment_change_by_period_monthly_current,rooms_otb_chg_021_day__complimentary,
dev_hotel_analytics,vw_pace_roomtype_change_by_period_current,rooms_otb_chg_021_day__deluxe_king,The 21-day change in Deluxe King rooms on the books for the current period.
dev_hotel_analytics,vw_pace_roomtype_change_by_period_current,rooms_otb_chg_021_day__foundation_king,The 21-day change in Foundation King rooms on the books for the current period.
dev_hotel_analytics,vw_pace_roomtype_change_by_period_current,rooms_otb_chg_021_day__foundation_king_ada,The 21-day change in ADA-compliant Foundation King rooms on the books for the current period.
dev_hotel_analytics,vw_pace_roomtype_change_by_period_current,rooms_otb_chg_021_day__foundation_two_queen,The 21-day change in Foundation Two Queen rooms on the books for the current period.
dev_hotel_analytics,vw_pace_segment_change_by_period_current,rooms_otb_chg_021_day__group_association,
dev_hotel_analytics,vw_pace_segment_change_by_period_monthly_current,rooms_otb_chg_021_day__group_association,
dev_hotel_analytics,vw_pace_segment_change_by_period_current,rooms_otb_chg_021_day__group_citywide,
dev_hotel_analytics,vw_pace_segment_change_by_period_monthly_current,rooms_otb_chg_021_day__group_citywide,
dev_hotel_analytics,vw_pace_segment_change_by_period_current,rooms_otb_chg_021_day__group_corporate,
dev_hotel_analytics,vw_pace_segment_change_by_period_monthly_current,rooms_otb_chg_021_day__group_corporate,
dev_hotel_analytics,vw_pace_segment_change_by_period_current,rooms_otb_chg_021_day__group_entertainment,
dev_hotel_analytics,vw_pace_segment_change_by_period_monthly_current,rooms_otb_chg_021_day__group_entertainment,
dev_hotel_analytics,vw_pace_segment_change_by_period_current,rooms_otb_chg_021_day__group_government,
dev_hotel_analytics,vw_pace_segment_change_by_period_monthly_current,rooms_otb_chg_021_day__group_government,
dev_hotel_analytics,vw_pace_segment_change_by_period_current,rooms_otb_chg_021_day__group_smerf,
dev_hotel_analytics,vw_pace_segment_change_by_period_monthly_current,rooms_otb_chg_021_day__group_smerf,
dev_hotel_analytics,vw_pace_segment_change_by_period_current,rooms_otb_chg_021_day__group_social,
dev_hotel_analytics,vw_pace_segment_change_by_period_monthly_current,rooms_otb_chg_021_day__group_social,
dev_hotel_analytics,vw_pace_segment_change_by_period_current,rooms_otb_chg_021_day__group_tour,
dev_hotel_analytics,vw_pace_segment_change_by_period_monthly_current,rooms_otb_chg_021_day__group_tour,
dev_hotel_analytics,vw_pace_segment_change_by_period_current,rooms_otb_chg_021_day__group_wedding,
dev_hotel_analytics,vw_pace_segment_change_by_period_monthly_current,rooms_otb_chg_021_day__group_wedding,
dev_hotel_analytics,vw_pace_roomtype_change_by_period_current,rooms_otb_chg_021_day__junior_suite,The 21-day change in Junior Suite rooms on the books for the current period.
dev_hotel_analytics,vw_pace_roomtype_change_by_period_current,rooms_otb_chg_021_day__king_guestroom,The 21-day change in King Guestroom rooms on the books for the current period.
dev_hotel_analytics,vw_pace_roomtype_change_by_period_current,rooms_otb_chg_021_day__secretary_suite,The 21-day change in Secretary Suite rooms on the books for the current period.
dev_hotel_analytics,vw_pace_segment_change_by_period_current,rooms_otb_chg_021_day__transient_consortia,
dev_hotel_analytics,vw_pace_segment_change_by_period_monthly_current,rooms_otb_chg_021_day__transient_consortia,
dev_hotel_analytics,vw_pace_segment_change_by_period_current,rooms_otb_chg_021_day__transient_government,
dev_hotel_analytics,vw_pace_segment_change_by_period_monthly_current,rooms_otb_chg_021_day__transient_government,
dev_hotel_analytics,vw_pace_segment_change_by_period_current,rooms_otb_chg_021_day__transient_negotiated,
dev_hotel_analytics,vw_pace_segment_change_by_period_monthly_current,rooms_otb_chg_021_day__transient_negotiated,
dev_hotel_analytics,vw_pace_segment_change_by_period_current,rooms_otb_chg_021_day__transient_opaque,
dev_hotel_analytics,vw_pace_segment_change_by_period_monthly_current,rooms_otb_chg_021_day__transient_opaque,
dev_hotel_analytics,vw_pace_segment_change_by_period_current,rooms_otb_chg_021_day__transient_package,
dev_hotel_analytics,vw_pace_segment_change_by_period_monthly_current,rooms_otb_chg_021_day__transient_package,
dev_hotel_analytics,vw_pace_segment_change_by_period_current,rooms_otb_chg_021_day__transient_packages,
dev_hotel_analytics,vw_pace_segment_change_by_period_monthly_current,rooms_otb_chg_021_day__transient_packages,
dev_hotel_analytics,vw_pace_segment_change_by_period_current,rooms_otb_chg_021_day__transient_promotion,
dev_hotel_analytics,vw_pace_segment_change_by_period_monthly_current,rooms_otb_chg_021_day__transient_promotion,
dev_hotel_analytics,vw_pace_segment_change_by_period_current,rooms_otb_chg_021_day__transient_qualified,
dev_hotel_analytics,vw_pace_segment_change_by_period_monthly_current,rooms_otb_chg_021_day__transient_qualified,
dev_hotel_analytics,vw_pace_segment_change_by_period_current,rooms_otb_chg_021_day__transient_retail,
dev_hotel_analytics,vw_pace_segment_change_by_period_monthly_current,rooms_otb_chg_021_day__transient_retail,
dev_hotel_analytics,vw_pace_segment_change_by_period_current,rooms_otb_chg_021_day__transient_unqualified,
dev_hotel_analytics,vw_pace_segment_change_by_period_monthly_current,rooms_otb_chg_021_day__transient_unqualified,
dev_hotel_analytics,vw_pace_roomtype_change_by_period_current,rooms_otb_chg_021_day__two_queen_guestroom,The 21-day change in Two Queen Guestroom rooms on the books for the current period.
dev_hotel_analytics,vw_pace_roomtype_change_by_period_current,rooms_otb_chg_021_day__two_queen_guestroom_ada,The 21-day change in ADA-compliant Two Queen Guestroom rooms on the books for the current period.
dev_hotel_analytics,vw_pace_roomtype_change_by_period_current,rooms_otb_chg_030_day__commissioner_suite,The 30-day change in Commissioner Suite rooms on the books for the current period.
dev_hotel_analytics,vw_pace_segment_change_by_period_current,rooms_otb_chg_030_day__complimentary,
dev_hotel_analytics,vw_pace_segment_change_by_period_monthly_current,rooms_otb_chg_030_day__complimentary,
dev_hotel_analytics,vw_pace_roomtype_change_by_period_current,rooms_otb_chg_030_day__deluxe_king,The 30-day change in Deluxe King rooms on the books for the current period.
dev_hotel_analytics,vw_pace_roomtype_change_by_period_current,rooms_otb_chg_030_day__foundation_king,The 30-day change in Foundation King rooms on the books for the current period.
dev_hotel_analytics,vw_pace_roomtype_change_by_period_current,rooms_otb_chg_030_day__foundation_king_ada,The 30-day change in ADA-compliant Foundation King rooms on the books for the current period.
dev_hotel_analytics,vw_pace_roomtype_change_by_period_current,rooms_otb_chg_030_day__foundation_two_queen,The 30-day change in Foundation Two Queen rooms on the books for the current period.
dev_hotel_analytics,vw_pace_segment_change_by_period_current,rooms_otb_chg_030_day__group_association,
dev_hotel_analytics,vw_pace_segment_change_by_period_monthly_current,rooms_otb_chg_030_day__group_association,
dev_hotel_analytics,vw_pace_segment_change_by_period_current,rooms_otb_chg_030_day__group_citywide,
dev_hotel_analytics,vw_pace_segment_change_by_period_monthly_current,rooms_otb_chg_030_day__group_citywide,
dev_hotel_analytics,vw_pace_segment_change_by_period_current,rooms_otb_chg_030_day__group_corporate,
dev_hotel_analytics,vw_pace_segment_change_by_period_monthly_current,rooms_otb_chg_030_day__group_corporate,
dev_hotel_analytics,vw_pace_segment_change_by_period_current,rooms_otb_chg_030_day__group_entertainment,
dev_hotel_analytics,vw_pace_segment_change_by_period_monthly_current,rooms_otb_chg_030_day__group_entertainment,
dev_hotel_analytics,vw_pace_segment_change_by_period_current,rooms_otb_chg_030_day__group_government,
dev_hotel_analytics,vw_pace_segment_change_by_period_monthly_current,rooms_otb_chg_030_day__group_government,
dev_hotel_analytics,vw_pace_segment_change_by_period_current,rooms_otb_chg_030_day__group_smerf,
dev_hotel_analytics,vw_pace_segment_change_by_period_monthly_current,rooms_otb_chg_030_day__group_smerf,
dev_hotel_analytics,vw_pace_segment_change_by_period_current,rooms_otb_chg_030_day__group_social,
dev_hotel_analytics,vw_pace_segment_change_by_period_monthly_current,rooms_otb_chg_030_day__group_social,
dev_hotel_analytics,vw_pace_segment_change_by_period_current,rooms_otb_chg_030_day__group_tour,
dev_hotel_analytics,vw_pace_segment_change_by_period_monthly_current,rooms_otb_chg_030_day__group_tour,
dev_hotel_analytics,vw_pace_segment_change_by_period_current,rooms_otb_chg_030_day__group_wedding,
dev_hotel_analytics,vw_pace_segment_change_by_period_monthly_current,rooms_otb_chg_030_day__group_wedding,
dev_hotel_analytics,vw_pace_roomtype_change_by_period_current,rooms_otb_chg_030_day__junior_suite,The 30-day change in Junior Suite rooms on the books for the current period.
dev_hotel_analytics,vw_pace_roomtype_change_by_period_current,rooms_otb_chg_030_day__king_guestroom,The 30-day change in King Guestroom rooms on the books for the current period.
dev_hotel_analytics,vw_pace_roomtype_change_by_period_current,rooms_otb_chg_030_day__secretary_suite,The 30-day change in Secretary Suite rooms on the books for the current period.
dev_hotel_analytics,vw_pace_segment_change_by_period_current,rooms_otb_chg_030_day__transient_consortia,
dev_hotel_analytics,vw_pace_segment_change_by_period_monthly_current,rooms_otb_chg_030_day__transient_consortia,
dev_hotel_analytics,vw_pace_segment_change_by_period_current,rooms_otb_chg_030_day__transient_government,
dev_hotel_analytics,vw_pace_segment_change_by_period_monthly_current,rooms_otb_chg_030_day__transient_government,
dev_hotel_analytics,vw_pace_segment_change_by_period_current,rooms_otb_chg_030_day__transient_negotiated,
dev_hotel_analytics,vw_pace_segment_change_by_period_monthly_current,rooms_otb_chg_030_day__transient_negotiated,
dev_hotel_analytics,vw_pace_segment_change_by_period_current,rooms_otb_chg_030_day__transient_opaque,
dev_hotel_analytics,vw_pace_segment_change_by_period_monthly_current,rooms_otb_chg_030_day__transient_opaque,
dev_hotel_analytics,vw_pace_segment_change_by_period_current,rooms_otb_chg_030_day__transient_package,
dev_hotel_analytics,vw_pace_segment_change_by_period_monthly_current,rooms_otb_chg_030_day__transient_package,
dev_hotel_analytics,vw_pace_segment_change_by_period_current,rooms_otb_chg_030_day__transient_packages,
dev_hotel_analytics,vw_pace_segment_change_by_period_monthly_current,rooms_otb_chg_030_day__transient_packages,
dev_hotel_analytics,vw_pace_segment_change_by_period_current,rooms_otb_chg_030_day__transient_promotion,
dev_hotel_analytics,vw_pace_segment_change_by_period_monthly_current,rooms_otb_chg_030_day__transient_promotion,
dev_hotel_analytics,vw_pace_segment_change_by_period_current,rooms_otb_chg_030_day__transient_qualified,
dev_hotel_analytics,vw_pace_segment_change_by_period_monthly_current,rooms_otb_chg_030_day__transient_qualified,
dev_hotel_analytics,vw_pace_segment_change_by_period_current,rooms_otb_chg_030_day__transient_retail,
dev_hotel_analytics,vw_pace_segment_change_by_period_monthly_current,rooms_otb_chg_030_day__transient_retail,
dev_hotel_analytics,vw_pace_segment_change_by_period_current,rooms_otb_chg_030_day__transient_unqualified,
dev_hotel_analytics,vw_pace_segment_change_by_period_monthly_current,rooms_otb_chg_030_day__transient_unqualified,
dev_hotel_analytics,vw_pace_roomtype_change_by_period_current,rooms_otb_chg_030_day__two_queen_guestroom,The 30-day change in Two Queen Guestroom rooms on the books for the current period.
dev_hotel_analytics,vw_pace_roomtype_change_by_period_current,rooms_otb_chg_030_day__two_queen_guestroom_ada,The 30-day change in ADA-compliant Two Queen Guestroom rooms on the books for the current period.
dev_hotel_analytics,vw_pace_roomtype_change_by_period_current,rooms_otb_chg_060_day__commissioner_suite,The 60-day change in Commissioner Suite rooms on the books for the current period.
dev_hotel_analytics,vw_pace_segment_change_by_period_current,rooms_otb_chg_060_day__complimentary,
dev_hotel_analytics,vw_pace_segment_change_by_period_monthly_current,rooms_otb_chg_060_day__complimentary,
dev_hotel_analytics,vw_pace_roomtype_change_by_period_current,rooms_otb_chg_060_day__deluxe_king,The 60-day change in Deluxe King rooms on the books for the current period.
dev_hotel_analytics,vw_pace_roomtype_change_by_period_current,rooms_otb_chg_060_day__foundation_king,The 60-day change in Foundation King rooms on the books for the current period.
dev_hotel_analytics,vw_pace_roomtype_change_by_period_current,rooms_otb_chg_060_day__foundation_king_ada,The 60-day change in ADA-compliant Foundation King rooms on the books for the current period.
dev_hotel_analytics,vw_pace_roomtype_change_by_period_current,rooms_otb_chg_060_day__foundation_two_queen,The 60-day change in Foundation Two Queen rooms on the books for the current period.
dev_hotel_analytics,vw_pace_segment_change_by_period_current,rooms_otb_chg_060_day__group_association,
dev_hotel_analytics,vw_pace_segment_change_by_period_monthly_current,rooms_otb_chg_060_day__group_association,
dev_hotel_analytics,vw_pace_segment_change_by_period_current,rooms_otb_chg_060_day__group_citywide,
dev_hotel_analytics,vw_pace_segment_change_by_period_monthly_current,rooms_otb_chg_060_day__group_citywide,
dev_hotel_analytics,vw_pace_segment_change_by_period_current,rooms_otb_chg_060_day__group_corporate,
dev_hotel_analytics,vw_pace_segment_change_by_period_monthly_current,rooms_otb_chg_060_day__group_corporate,
dev_hotel_analytics,vw_pace_segment_change_by_period_current,rooms_otb_chg_060_day__group_entertainment,
dev_hotel_analytics,vw_pace_segment_change_by_period_monthly_current,rooms_otb_chg_060_day__group_entertainment,
dev_hotel_analytics,vw_pace_segment_change_by_period_current,rooms_otb_chg_060_day__group_government,
dev_hotel_analytics,vw_pace_segment_change_by_period_monthly_current,rooms_otb_chg_060_day__group_government,
dev_hotel_analytics,vw_pace_segment_change_by_period_current,rooms_otb_chg_060_day__group_smerf,
dev_hotel_analytics,vw_pace_segment_change_by_period_monthly_current,rooms_otb_chg_060_day__group_smerf,
dev_hotel_analytics,vw_pace_segment_change_by_period_current,rooms_otb_chg_060_day__group_social,
dev_hotel_analytics,vw_pace_segment_change_by_period_monthly_current,rooms_otb_chg_060_day__group_social,
dev_hotel_analytics,vw_pace_segment_change_by_period_current,rooms_otb_chg_060_day__group_tour,
dev_hotel_analytics,vw_pace_segment_change_by_period_monthly_current,rooms_otb_chg_060_day__group_tour,
dev_hotel_analytics,vw_pace_segment_change_by_period_current,rooms_otb_chg_060_day__group_wedding,
dev_hotel_analytics,vw_pace_segment_change_by_period_monthly_current,rooms_otb_chg_060_day__group_wedding,
dev_hotel_analytics,vw_pace_roomtype_change_by_period_current,rooms_otb_chg_060_day__junior_suite,The 60-day change in Junior Suite rooms on the books for the current period.
dev_hotel_analytics,vw_pace_roomtype_change_by_period_current,rooms_otb_chg_060_day__king_guestroom,The 60-day change in King Guestroom rooms on the books for the current period.
dev_hotel_analytics,vw_pace_roomtype_change_by_period_current,rooms_otb_chg_060_day__secretary_suite,The 60-day change in Secretary Suite rooms on the books for the current period.
dev_hotel_analytics,vw_pace_segment_change_by_period_current,rooms_otb_chg_060_day__transient_consortia,
dev_hotel_analytics,vw_pace_segment_change_by_period_monthly_current,rooms_otb_chg_060_day__transient_consortia,
dev_hotel_analytics,vw_pace_segment_change_by_period_current,rooms_otb_chg_060_day__transient_government,
dev_hotel_analytics,vw_pace_segment_change_by_period_monthly_current,rooms_otb_chg_060_day__transient_government,
dev_hotel_analytics,vw_pace_segment_change_by_period_current,rooms_otb_chg_060_day__transient_negotiated,
dev_hotel_analytics,vw_pace_segment_change_by_period_monthly_current,rooms_otb_chg_060_day__transient_negotiated,
dev_hotel_analytics,vw_pace_segment_change_by_period_current,rooms_otb_chg_060_day__transient_opaque,
dev_hotel_analytics,vw_pace_segment_change_by_period_monthly_current,rooms_otb_chg_060_day__transient_opaque,
dev_hotel_analytics,vw_pace_segment_change_by_period_current,rooms_otb_chg_060_day__transient_package,
dev_hotel_analytics,vw_pace_segment_change_by_period_monthly_current,rooms_otb_chg_060_day__transient_package,
dev_hotel_analytics,vw_pace_segment_change_by_period_current,rooms_otb_chg_060_day__transient_packages,
dev_hotel_analytics,vw_pace_segment_change_by_period_monthly_current,rooms_otb_chg_060_day__transient_packages,
dev_hotel_analytics,vw_pace_segment_change_by_period_current,rooms_otb_chg_060_day__transient_promotion,
dev_hotel_analytics,vw_pace_segment_change_by_period_monthly_current,rooms_otb_chg_060_day__transient_promotion,
dev_hotel_analytics,vw_pace_segment_change_by_period_current,rooms_otb_chg_060_day__transient_qualified,
dev_hotel_analytics,vw_pace_segment_change_by_period_monthly_current,rooms_otb_chg_060_day__transient_qualified,
dev_hotel_analytics,vw_pace_segment_change_by_period_current,rooms_otb_chg_060_day__transient_retail,
dev_hotel_analytics,vw_pace_segment_change_by_period_monthly_current,rooms_otb_chg_060_day__transient_retail,
dev_hotel_analytics,vw_pace_segment_change_by_period_current,rooms_otb_chg_060_day__transient_unqualified,
dev_hotel_analytics,vw_pace_segment_change_by_period_monthly_current,rooms_otb_chg_060_day__transient_unqualified,
dev_hotel_analytics,vw_pace_roomtype_change_by_period_current,rooms_otb_chg_060_day__two_queen_guestroom,The 60-day change in Two Queen Guestroom rooms on the books for the current period.
dev_hotel_analytics,vw_pace_roomtype_change_by_period_current,rooms_otb_chg_060_day__two_queen_guestroom_ada,The 60-day change in ADA-compliant Two Queen Guestroom rooms on the books for the current period.
dev_hotel_analytics,vw_pace_roomtype_change_by_period_current,rooms_otb_chg_090_day__commissioner_suite,The 90-day change in Commissioner Suite rooms on the books for the current period.
dev_hotel_analytics,vw_pace_segment_change_by_period_current,rooms_otb_chg_090_day__complimentary,
dev_hotel_analytics,vw_pace_segment_change_by_period_monthly_current,rooms_otb_chg_090_day__complimentary,
dev_hotel_analytics,vw_pace_roomtype_change_by_period_current,rooms_otb_chg_090_day__deluxe_king,The 90-day change in Deluxe King rooms on the books for the current period.
dev_hotel_analytics,vw_pace_roomtype_change_by_period_current,rooms_otb_chg_090_day__foundation_king,The 90-day change in Foundation King rooms on the books for the current period.
dev_hotel_analytics,vw_pace_roomtype_change_by_period_current,rooms_otb_chg_090_day__foundation_king_ada,The 90-day change in ADA-compliant Foundation King rooms on the books for the current period.
dev_hotel_analytics,vw_pace_roomtype_change_by_period_current,rooms_otb_chg_090_day__foundation_two_queen,The 90-day change in Foundation Two Queen rooms on the books for the current period.
dev_hotel_analytics,vw_pace_segment_change_by_period_current,rooms_otb_chg_090_day__group_association,
dev_hotel_analytics,vw_pace_segment_change_by_period_monthly_current,rooms_otb_chg_090_day__group_association,
dev_hotel_analytics,vw_pace_segment_change_by_period_current,rooms_otb_chg_090_day__group_citywide,
dev_hotel_analytics,vw_pace_segment_change_by_period_monthly_current,rooms_otb_chg_090_day__group_citywide,
dev_hotel_analytics,vw_pace_segment_change_by_period_current,rooms_otb_chg_090_day__group_corporate,
dev_hotel_analytics,vw_pace_segment_change_by_period_monthly_current,rooms_otb_chg_090_day__group_corporate,
dev_hotel_analytics,vw_pace_segment_change_by_period_current,rooms_otb_chg_090_day__group_entertainment,
dev_hotel_analytics,vw_pace_segment_change_by_period_monthly_current,rooms_otb_chg_090_day__group_entertainment,
dev_hotel_analytics,vw_pace_segment_change_by_period_current,rooms_otb_chg_090_day__group_government,
dev_hotel_analytics,vw_pace_segment_change_by_period_monthly_current,rooms_otb_chg_090_day__group_government,
dev_hotel_analytics,vw_pace_segment_change_by_period_current,rooms_otb_chg_090_day__group_smerf,
dev_hotel_analytics,vw_pace_segment_change_by_period_monthly_current,rooms_otb_chg_090_day__group_smerf,
dev_hotel_analytics,vw_pace_segment_change_by_period_current,rooms_otb_chg_090_day__group_social,
dev_hotel_analytics,vw_pace_segment_change_by_period_monthly_current,rooms_otb_chg_090_day__group_social,
dev_hotel_analytics,vw_pace_segment_change_by_period_current,rooms_otb_chg_090_day__group_tour,
dev_hotel_analytics,vw_pace_segment_change_by_period_monthly_current,rooms_otb_chg_090_day__group_tour,
dev_hotel_analytics,vw_pace_segment_change_by_period_current,rooms_otb_chg_090_day__group_wedding,
dev_hotel_analytics,vw_pace_segment_change_by_period_monthly_current,rooms_otb_chg_090_day__group_wedding,
dev_hotel_analytics,vw_pace_roomtype_change_by_period_current,rooms_otb_chg_090_day__junior_suite,The 90-day change in Junior Suite rooms on the books for the current period.
dev_hotel_analytics,vw_pace_roomtype_change_by_period_current,rooms_otb_chg_090_day__king_guestroom,The 90-day change in King Guestroom rooms on the books for the current period.
dev_hotel_analytics,vw_pace_roomtype_change_by_period_current,rooms_otb_chg_090_day__secretary_suite,The 90-day change in Secretary Suite rooms on the books for the current period.
dev_hotel_analytics,vw_pace_segment_change_by_period_current,rooms_otb_chg_090_day__transient_consortia,
dev_hotel_analytics,vw_pace_segment_change_by_period_monthly_current,rooms_otb_chg_090_day__transient_consortia,
dev_hotel_analytics,vw_pace_segment_change_by_period_current,rooms_otb_chg_090_day__transient_government,
dev_hotel_analytics,vw_pace_segment_change_by_period_monthly_current,rooms_otb_chg_090_day__transient_government,
dev_hotel_analytics,vw_pace_segment_change_by_period_current,rooms_otb_chg_090_day__transient_negotiated,
dev_hotel_analytics,vw_pace_segment_change_by_period_monthly_current,rooms_otb_chg_090_day__transient_negotiated,
dev_hotel_analytics,vw_pace_segment_change_by_period_current,rooms_otb_chg_090_day__transient_opaque,
dev_hotel_analytics,vw_pace_segment_change_by_period_monthly_current,rooms_otb_chg_090_day__transient_opaque,
dev_hotel_analytics,vw_pace_segment_change_by_period_current,rooms_otb_chg_090_day__transient_package,
dev_hotel_analytics,vw_pace_segment_change_by_period_monthly_current,rooms_otb_chg_090_day__transient_package,
dev_hotel_analytics,vw_pace_segment_change_by_period_current,rooms_otb_chg_090_day__transient_packages,
dev_hotel_analytics,vw_pace_segment_change_by_period_monthly_current,rooms_otb_chg_090_day__transient_packages,
dev_hotel_analytics,vw_pace_segment_change_by_period_current,rooms_otb_chg_090_day__transient_promotion,
dev_hotel_analytics,vw_pace_segment_change_by_period_monthly_current,rooms_otb_chg_090_day__transient_promotion,
dev_hotel_analytics,vw_pace_segment_change_by_period_current,rooms_otb_chg_090_day__transient_qualified,
dev_hotel_analytics,vw_pace_segment_change_by_period_monthly_current,rooms_otb_chg_090_day__transient_qualified,
dev_hotel_analytics,vw_pace_segment_change_by_period_current,rooms_otb_chg_090_day__transient_retail,
dev_hotel_analytics,vw_pace_segment_change_by_period_monthly_current,rooms_otb_chg_090_day__transient_retail,
dev_hotel_analytics,vw_pace_segment_change_by_period_current,rooms_otb_chg_090_day__transient_unqualified,
dev_hotel_analytics,vw_pace_segment_change_by_period_monthly_current,rooms_otb_chg_090_day__transient_unqualified,
dev_hotel_analytics,vw_pace_roomtype_change_by_period_current,rooms_otb_chg_090_day__two_queen_guestroom,The 90-day change in Two Queen Guestroom rooms on the books for the current period.
dev_hotel_analytics,vw_pace_roomtype_change_by_period_current,rooms_otb_chg_090_day__two_queen_guestroom_ada,The 90-day change in ADA-compliant Two Queen Guestroom rooms on the books for the current period.
dev_hotel_analytics,vw_pace_roomtype_change_by_period_current,rooms_otb_chg_120_day__commissioner_suite,The 120-day change in Commissioner Suite rooms on the books for the current period.
dev_hotel_analytics,vw_pace_segment_change_by_period_current,rooms_otb_chg_120_day__complimentary,
dev_hotel_analytics,vw_pace_segment_change_by_period_monthly_current,rooms_otb_chg_120_day__complimentary,
dev_hotel_analytics,vw_pace_roomtype_change_by_period_current,rooms_otb_chg_120_day__deluxe_king,The 120-day change in Deluxe King rooms on the books for the current period.
dev_hotel_analytics,vw_pace_roomtype_change_by_period_current,rooms_otb_chg_120_day__foundation_king,The 120-day change in Foundation King rooms on the books for the current period.
dev_hotel_analytics,vw_pace_roomtype_change_by_period_current,rooms_otb_chg_120_day__foundation_king_ada,The 120-day change in ADA-compliant Foundation King rooms on the books for the current period.
dev_hotel_analytics,vw_pace_roomtype_change_by_period_current,rooms_otb_chg_120_day__foundation_two_queen,The 120-day change in Foundation Two Queen rooms on the books for the current period.
dev_hotel_analytics,vw_pace_segment_change_by_period_current,rooms_otb_chg_120_day__group_association,
dev_hotel_analytics,vw_pace_segment_change_by_period_monthly_current,rooms_otb_chg_120_day__group_association,
dev_hotel_analytics,vw_pace_segment_change_by_period_current,rooms_otb_chg_120_day__group_citywide,
dev_hotel_analytics,vw_pace_segment_change_by_period_monthly_current,rooms_otb_chg_120_day__group_citywide,
dev_hotel_analytics,vw_pace_segment_change_by_period_current,rooms_otb_chg_120_day__group_corporate,
dev_hotel_analytics,vw_pace_segment_change_by_period_monthly_current,rooms_otb_chg_120_day__group_corporate,
dev_hotel_analytics,vw_pace_segment_change_by_period_current,rooms_otb_chg_120_day__group_entertainment,
dev_hotel_analytics,vw_pace_segment_change_by_period_monthly_current,rooms_otb_chg_120_day__group_entertainment,
dev_hotel_analytics,vw_pace_segment_change_by_period_current,rooms_otb_chg_120_day__group_government,
dev_hotel_analytics,vw_pace_segment_change_by_period_monthly_current,rooms_otb_chg_120_day__group_government,
dev_hotel_analytics,vw_pace_segment_change_by_period_current,rooms_otb_chg_120_day__group_smerf,
dev_hotel_analytics,vw_pace_segment_change_by_period_monthly_current,rooms_otb_chg_120_day__group_smerf,
dev_hotel_analytics,vw_pace_segment_change_by_period_current,rooms_otb_chg_120_day__group_social,
dev_hotel_analytics,vw_pace_segment_change_by_period_monthly_current,rooms_otb_chg_120_day__group_social,
dev_hotel_analytics,vw_pace_segment_change_by_period_current,rooms_otb_chg_120_day__group_tour,
dev_hotel_analytics,vw_pace_segment_change_by_period_monthly_current,rooms_otb_chg_120_day__group_tour,
dev_hotel_analytics,vw_pace_segment_change_by_period_current,rooms_otb_chg_120_day__group_wedding,
dev_hotel_analytics,vw_pace_segment_change_by_period_monthly_current,rooms_otb_chg_120_day__group_wedding,
dev_hotel_analytics,vw_pace_roomtype_change_by_period_current,rooms_otb_chg_120_day__junior_suite,The 120-day change in Junior Suite rooms on the books for the current period.
dev_hotel_analytics,vw_pace_roomtype_change_by_period_current,rooms_otb_chg_120_day__king_guestroom,The 120-day change in King Guestroom rooms on the books for the current period.
dev_hotel_analytics,vw_pace_roomtype_change_by_period_current,rooms_otb_chg_120_day__secretary_suite,The 120-day change in Secretary Suite rooms on the books for the current period.
dev_hotel_analytics,vw_pace_segment_change_by_period_current,rooms_otb_chg_120_day__transient_consortia,
dev_hotel_analytics,vw_pace_segment_change_by_period_monthly_current,rooms_otb_chg_120_day__transient_consortia,
dev_hotel_analytics,vw_pace_segment_change_by_period_current,rooms_otb_chg_120_day__transient_government,
dev_hotel_analytics,vw_pace_segment_change_by_period_monthly_current,rooms_otb_chg_120_day__transient_government,
dev_hotel_analytics,vw_pace_segment_change_by_period_current,rooms_otb_chg_120_day__transient_negotiated,
dev_hotel_analytics,vw_pace_segment_change_by_period_monthly_current,rooms_otb_chg_120_day__transient_negotiated,
dev_hotel_analytics,vw_pace_segment_change_by_period_current,rooms_otb_chg_120_day__transient_opaque,
dev_hotel_analytics,vw_pace_segment_change_by_period_monthly_current,rooms_otb_chg_120_day__transient_opaque,
dev_hotel_analytics,vw_pace_segment_change_by_period_current,rooms_otb_chg_120_day__transient_package,
dev_hotel_analytics,vw_pace_segment_change_by_period_monthly_current,rooms_otb_chg_120_day__transient_package,
dev_hotel_analytics,vw_pace_segment_change_by_period_current,rooms_otb_chg_120_day__transient_packages,
dev_hotel_analytics,vw_pace_segment_change_by_period_monthly_current,rooms_otb_chg_120_day__transient_packages,
dev_hotel_analytics,vw_pace_segment_change_by_period_current,rooms_otb_chg_120_day__transient_promotion,
dev_hotel_analytics,vw_pace_segment_change_by_period_monthly_current,rooms_otb_chg_120_day__transient_promotion,
dev_hotel_analytics,vw_pace_segment_change_by_period_current,rooms_otb_chg_120_day__transient_qualified,
dev_hotel_analytics,vw_pace_segment_change_by_period_monthly_current,rooms_otb_chg_120_day__transient_qualified,
dev_hotel_analytics,vw_pace_segment_change_by_period_current,rooms_otb_chg_120_day__transient_retail,
dev_hotel_analytics,vw_pace_segment_change_by_period_monthly_current,rooms_otb_chg_120_day__transient_retail,
dev_hotel_analytics,vw_pace_segment_change_by_period_current,rooms_otb_chg_120_day__transient_unqualified,
dev_hotel_analytics,vw_pace_segment_change_by_period_monthly_current,rooms_otb_chg_120_day__transient_unqualified,
dev_hotel_analytics,vw_pace_roomtype_change_by_period_current,rooms_otb_chg_120_day__two_queen_guestroom,The 120-day change in Two Queen Guestroom rooms on the books for the current period.
dev_hotel_analytics,vw_pace_roomtype_change_by_period_current,rooms_otb_chg_120_day__two_queen_guestroom_ada,The 120-day change in ADA-compliant Two Queen Guestroom rooms on the books for the current period.
dev_hotel_analytics,fct_pacing_all_windows,rooms_otb_complimentary,
dev_hotel_analytics,fct_pacing_all_windows,rooms_otb_group_association,
dev_hotel_analytics,fct_pacing_all_windows,rooms_otb_group_citywide,
dev_hotel_analytics,fct_pacing_all_windows,rooms_otb_group_corporate,
dev_hotel_analytics,fct_pacing_all_windows,rooms_otb_group_entertainment,
dev_hotel_analytics,fct_pacing_all_windows,rooms_otb_group_government,
dev_hotel_analytics,fct_pacing_all_windows,rooms_otb_group_smerf,
dev_hotel_analytics,fct_pacing_all_windows,rooms_otb_group_social,
dev_hotel_analytics,fct_pacing_all_windows,rooms_otb_group_tour,
dev_hotel_analytics,fct_pacing_all_windows,rooms_otb_group_wedding,
dev_hotel_analytics,fct_pacing_all_windows,rooms_otb_transient_consortia,
dev_hotel_analytics,fct_pacing_all_windows,rooms_otb_transient_government,
dev_hotel_analytics,fct_pacing_all_windows,rooms_otb_transient_negotiated,
dev_hotel_analytics,fct_pacing_all_windows,rooms_otb_transient_opaque,
dev_hotel_analytics,fct_pacing_all_windows,rooms_otb_transient_package,
dev_hotel_analytics,fct_pacing_all_windows,rooms_otb_transient_packages,
dev_hotel_analytics,fct_pacing_all_windows,rooms_otb_transient_promotion,
dev_hotel_analytics,fct_pacing_all_windows,rooms_otb_transient_qualified,
dev_hotel_analytics,fct_pacing_all_windows,rooms_otb_transient_retail,
dev_hotel_analytics,fct_pacing_all_windows,rooms_otb_transient_unqualified,
dev_hotel_forecast,stg_pms_import,rooms_sold,
dev_hotel_analytics,vw_pace_segment_change_by_period,rooms_st2y,The number of rooms booked for the same time two years ago.
dev_hotel_analytics,snap_pace_segment,rooms_st2y,The number of rooms on the books for the stay date at the same time two years ago.
dev_hotel_analytics,vw_pace_roomtype,rooms_st2y,The number of rooms on the books for the same stay date two years ago.
dev_hotel_analytics,snap_pace_roomtype,rooms_st2y,The number of rooms booked for the same stay date two years ago.
dev_hotel_analytics,vw_pace_roomtype_current,rooms_st2y,
dev_hotel_analytics,vw_pace_segment,rooms_st2y,
dev_hotel_analytics,vw_pace_segment_current,rooms_st2y,
dev_hotel_analytics,vw_pace_segment_monthly,rooms_st2y__complimentary,The number of complimentary rooms for the same time two years ago.
dev_hotel_analytics,vw_pace_segment_monthly,rooms_st2y__group_association,The number of group association rooms for the same time two years ago.
dev_hotel_analytics,vw_pace_segment_monthly,rooms_st2y__group_citywide,The number of group citywide rooms for the same time two years ago.
dev_hotel_analytics,vw_pace_segment_monthly,rooms_st2y__group_corporate,The number of group corporate rooms for the same time two years ago.
dev_hotel_analytics,vw_pace_segment_monthly,rooms_st2y__group_entertainment,The number of group entertainment rooms for the same time two years ago.
dev_hotel_analytics,vw_pace_segment_monthly,rooms_st2y__group_government,The number of group government rooms for the same time two years ago.
dev_hotel_analytics,vw_pace_segment_monthly,rooms_st2y__group_smerf,The number of group SMERF rooms for the same time two years ago.
dev_hotel_analytics,vw_pace_segment_monthly,rooms_st2y__group_social,The number of group social rooms for the same time two years ago.
dev_hotel_analytics,vw_pace_segment_monthly,rooms_st2y__group_tour,The number of group tour rooms for the same time two years ago.
dev_hotel_analytics,vw_pace_segment_monthly,rooms_st2y__group_wedding,The number of group wedding rooms for the same time two years ago.
dev_hotel_analytics,vw_pace_segment_monthly,rooms_st2y__transient_consortia,The number of transient consortia rooms for the same time two years ago.
dev_hotel_analytics,vw_pace_segment_monthly,rooms_st2y__transient_government,The number of transient government rooms for the same time two years ago.
dev_hotel_analytics,vw_pace_segment_monthly,rooms_st2y__transient_negotiated,The number of transient negotiated rooms for the same time two years ago.
dev_hotel_analytics,vw_pace_segment_monthly,rooms_st2y__transient_opaque,The number of transient opaque rooms for the same time two years ago.
dev_hotel_analytics,vw_pace_segment_monthly,rooms_st2y__transient_package,The number of transient package rooms for the same time two years ago.
dev_hotel_analytics,vw_pace_segment_monthly,rooms_st2y__transient_packages,The number of transient packages rooms for the same time two years ago.
dev_hotel_analytics,vw_pace_segment_monthly,rooms_st2y__transient_promotion,The number of transient promotion rooms for the same time two years ago.
dev_hotel_analytics,vw_pace_segment_monthly,rooms_st2y__transient_qualified,The number of transient qualified rooms for the same time two years ago.
dev_hotel_analytics,vw_pace_segment_monthly,rooms_st2y__transient_retail,The number of transient retail rooms for the same time two years ago.
dev_hotel_analytics,vw_pace_segment_monthly,rooms_st2y__transient_unqualified,The number of transient unqualified rooms for the same time two years ago.
dev_hotel_analytics,vw_pace_segment_change_by_period,rooms_st2y_change_120_day,The change in rooms same time two years ago over 120 days.
dev_hotel_analytics,vw_pace_segment_change_by_period,rooms_st2y_change_14_day,The change in rooms same time two years ago over 14 days.
dev_hotel_analytics,vw_pace_segment_change_by_period,rooms_st2y_change_1_day,The change in rooms same time two years ago over 1 day.
dev_hotel_analytics,vw_pace_segment_change_by_period,rooms_st2y_change_21_day,The change in rooms same time two years ago over 21 days.
dev_hotel_analytics,vw_pace_segment_change_by_period,rooms_st2y_change_30_day,The change in rooms same time two years ago over 30 days.
dev_hotel_analytics,vw_pace_segment_change_by_period,rooms_st2y_change_3_day,The change in rooms same time two years ago over 3 days.
dev_hotel_analytics,vw_pace_segment_change_by_period,rooms_st2y_change_60_day,The change in rooms same time two years ago over 60 days.
dev_hotel_analytics,vw_pace_segment_change_by_period,rooms_st2y_change_7_day,The change in rooms same time two years ago over 7 days.
dev_hotel_analytics,vw_pace_segment_change_by_period,rooms_st2y_change_90_day,The change in rooms same time two years ago over 90 days.
dev_hotel_analytics,vw_pace_segment_change_by_period,rooms_stly,The number of rooms booked for the same time last year.
dev_hotel_analytics,snap_pace_segment,rooms_stly,The number of rooms on the books for the stay date at the same time last year.
dev_hotel_analytics,vw_pace_roomtype,rooms_stly,The number of rooms on the books for the same stay date last year.
dev_hotel_analytics,snap_pace_roomtype,rooms_stly,The number of rooms booked for the same stay date last year.
dev_hotel_analytics,vw_pace_roomtype_current,rooms_stly,
dev_hotel_analytics,vw_pace_segment,rooms_stly,
dev_hotel_analytics,vw_pace_segment_current,rooms_stly,
dev_hotel_analytics,vw_ml_feature_90d,rooms_stly,Rooms on the books at the same time last year (Same Time Last Year).
dev_hotel_analytics,vw_pace_roomtype_change_by_period_current,rooms_stly__commissioner_suite,The number of Commissioner Suite rooms on the books for the same period last year.
dev_hotel_analytics,vw_pace_segment_change_by_period_current,rooms_stly__complimentary,
dev_hotel_analytics,vw_pace_segment_monthly,rooms_stly__complimentary,The number of complimentary rooms for the same time last year.
dev_hotel_analytics,vw_pace_segment_change_by_period_monthly_current,rooms_stly__complimentary,
dev_hotel_analytics,vw_pace_roomtype_change_by_period_current,rooms_stly__deluxe_king,The number of Deluxe King rooms on the books for the same period last year.
dev_hotel_analytics,vw_pace_roomtype_change_by_period_current,rooms_stly__foundation_king,The number of Foundation King rooms on the books for the same period last year.
dev_hotel_analytics,vw_pace_roomtype_change_by_period_current,rooms_stly__foundation_king_ada,The number of ADA-compliant Foundation King rooms on the books for the same period last year.
dev_hotel_analytics,vw_pace_roomtype_change_by_period_current,rooms_stly__foundation_two_queen,The number of Foundation Two Queen rooms on the books for the same period last year.
dev_hotel_analytics,vw_pace_segment_change_by_period_current,rooms_stly__group_association,
dev_hotel_analytics,vw_pace_segment_monthly,rooms_stly__group_association,The number of group association rooms for the same time last year.
dev_hotel_analytics,vw_pace_segment_change_by_period_monthly_current,rooms_stly__group_association,
dev_hotel_analytics,vw_pace_segment_change_by_period_current,rooms_stly__group_citywide,
dev_hotel_analytics,vw_pace_segment_monthly,rooms_stly__group_citywide,The number of group citywide rooms for the same time last year.
dev_hotel_analytics,vw_pace_segment_change_by_period_monthly_current,rooms_stly__group_citywide,
dev_hotel_analytics,vw_pace_segment_change_by_period_current,rooms_stly__group_corporate,
dev_hotel_analytics,vw_pace_segment_monthly,rooms_stly__group_corporate,The number of group corporate rooms for the same time last year.
dev_hotel_analytics,vw_pace_segment_change_by_period_monthly_current,rooms_stly__group_corporate,
dev_hotel_analytics,vw_pace_segment_change_by_period_current,rooms_stly__group_entertainment,
dev_hotel_analytics,vw_pace_segment_monthly,rooms_stly__group_entertainment,The number of group entertainment rooms for the same time last year.
dev_hotel_analytics,vw_pace_segment_change_by_period_monthly_current,rooms_stly__group_entertainment,
dev_hotel_analytics,vw_pace_segment_change_by_period_current,rooms_stly__group_government,
dev_hotel_analytics,vw_pace_segment_monthly,rooms_stly__group_government,The number of group government rooms for the same time last year.
dev_hotel_analytics,vw_pace_segment_change_by_period_monthly_current,rooms_stly__group_government,
dev_hotel_analytics,vw_pace_segment_change_by_period_current,rooms_stly__group_smerf,
dev_hotel_analytics,vw_pace_segment_monthly,rooms_stly__group_smerf,The number of group SMERF rooms for the same time last year.
dev_hotel_analytics,vw_pace_segment_change_by_period_monthly_current,rooms_stly__group_smerf,
dev_hotel_analytics,vw_pace_segment_change_by_period_current,rooms_stly__group_social,
dev_hotel_analytics,vw_pace_segment_monthly,rooms_stly__group_social,The number of group social rooms for the same time last year.
dev_hotel_analytics,vw_pace_segment_change_by_period_monthly_current,rooms_stly__group_social,
dev_hotel_analytics,vw_pace_segment_change_by_period_current,rooms_stly__group_tour,
dev_hotel_analytics,vw_pace_segment_monthly,rooms_stly__group_tour,The number of group tour rooms for the same time last year.
dev_hotel_analytics,vw_pace_segment_change_by_period_monthly_current,rooms_stly__group_tour,
dev_hotel_analytics,vw_pace_segment_change_by_period_current,rooms_stly__group_wedding,
dev_hotel_analytics,vw_pace_segment_monthly,rooms_stly__group_wedding,The number of group wedding rooms for the same time last year.
dev_hotel_analytics,vw_pace_segment_change_by_period_monthly_current,rooms_stly__group_wedding,
dev_hotel_analytics,vw_pace_roomtype_change_by_period_current,rooms_stly__junior_suite,The number of Junior Suite rooms on the books for the same period last year.
dev_hotel_analytics,vw_pace_roomtype_change_by_period_current,rooms_stly__king_guestroom,The number of King Guestroom rooms on the books for the same period last year.
dev_hotel_analytics,vw_pace_roomtype_change_by_period_current,rooms_stly__secretary_suite,The number of Secretary Suite rooms on the books for the same period last year.
dev_hotel_analytics,vw_pace_segment_change_by_period_current,rooms_stly__transient_consortia,
dev_hotel_analytics,vw_pace_segment_monthly,rooms_stly__transient_consortia,The number of transient consortia rooms for the same time last year.
dev_hotel_analytics,vw_pace_segment_change_by_period_monthly_current,rooms_stly__transient_consortia,
dev_hotel_analytics,vw_pace_segment_change_by_period_current,rooms_stly__transient_government,
dev_hotel_analytics,vw_pace_segment_monthly,rooms_stly__transient_government,The number of transient government rooms for the same time last year.
dev_hotel_analytics,vw_pace_segment_change_by_period_monthly_current,rooms_stly__transient_government,
dev_hotel_analytics,vw_pace_segment_change_by_period_current,rooms_stly__transient_negotiated,
dev_hotel_analytics,vw_pace_segment_monthly,rooms_stly__transient_negotiated,The number of transient negotiated rooms for the same time last year.
dev_hotel_analytics,vw_pace_segment_change_by_period_monthly_current,rooms_stly__transient_negotiated,
dev_hotel_analytics,vw_pace_segment_change_by_period_current,rooms_stly__transient_opaque,
dev_hotel_analytics,vw_pace_segment_monthly,rooms_stly__transient_opaque,The number of transient opaque rooms for the same time last year.
dev_hotel_analytics,vw_pace_segment_change_by_period_monthly_current,rooms_stly__transient_opaque,
dev_hotel_analytics,vw_pace_segment_change_by_period_current,rooms_stly__transient_package,
dev_hotel_analytics,vw_pace_segment_monthly,rooms_stly__transient_package,The number of transient package rooms for the same time last year.
dev_hotel_analytics,vw_pace_segment_change_by_period_monthly_current,rooms_stly__transient_package,
dev_hotel_analytics,vw_pace_segment_change_by_period_current,rooms_stly__transient_packages,
dev_hotel_analytics,vw_pace_segment_monthly,rooms_stly__transient_packages,The number of transient packages rooms for the same time last year.
dev_hotel_analytics,vw_pace_segment_change_by_period_monthly_current,rooms_stly__transient_packages,
dev_hotel_analytics,vw_pace_segment_change_by_period_current,rooms_stly__transient_promotion,
dev_hotel_analytics,vw_pace_segment_monthly,rooms_stly__transient_promotion,The number of transient promotion rooms for the same time last year.
dev_hotel_analytics,vw_pace_segment_change_by_period_monthly_current,rooms_stly__transient_promotion,
dev_hotel_analytics,vw_pace_segment_change_by_period_current,rooms_stly__transient_qualified,
dev_hotel_analytics,vw_pace_segment_monthly,rooms_stly__transient_qualified,The number of transient qualified rooms for the same time last year.
dev_hotel_analytics,vw_pace_segment_change_by_period_monthly_current,rooms_stly__transient_qualified,
dev_hotel_analytics,vw_pace_segment_change_by_period_current,rooms_stly__transient_retail,
dev_hotel_analytics,vw_pace_segment_monthly,rooms_stly__transient_retail,The number of transient retail rooms for the same time last year.
dev_hotel_analytics,vw_pace_segment_change_by_period_monthly_current,rooms_stly__transient_retail,
dev_hotel_analytics,vw_pace_segment_change_by_period_current,rooms_stly__transient_unqualified,
dev_hotel_analytics,vw_pace_segment_monthly,rooms_stly__transient_unqualified,The number of transient unqualified rooms for the same time last year.
dev_hotel_analytics,vw_pace_segment_change_by_period_monthly_current,rooms_stly__transient_unqualified,
dev_hotel_analytics,vw_pace_roomtype_change_by_period_current,rooms_stly__two_queen_guestroom,The number of Two Queen Guestroom rooms on the books for the same period last year.
dev_hotel_analytics,vw_pace_roomtype_change_by_period_current,rooms_stly__two_queen_guestroom_ada,The number of ADA-compliant Two Queen Guestroom rooms on the books for the same period last year.
dev_hotel_analytics,vw_pace_segment_change_by_period,rooms_stly_change_120_day,The change in rooms same time last year over 120 days.
dev_hotel_analytics,vw_pace_segment_change_by_period,rooms_stly_change_14_day,The change in rooms same time last year over 14 days.
dev_hotel_analytics,vw_pace_segment_change_by_period,rooms_stly_change_1_day,The change in rooms same time last year over 1 day.
dev_hotel_analytics,vw_pace_segment_change_by_period,rooms_stly_change_21_day,The change in rooms same time last year over 21 days.
dev_hotel_analytics,vw_pace_segment_change_by_period,rooms_stly_change_30_day,The change in rooms same time last year over 30 days.
dev_hotel_analytics,vw_pace_segment_change_by_period,rooms_stly_change_3_day,The change in rooms same time last year over 3 days.
dev_hotel_analytics,vw_pace_segment_change_by_period,rooms_stly_change_60_day,The change in rooms same time last year over 60 days.
dev_hotel_analytics,vw_pace_segment_change_by_period,rooms_stly_change_7_day,The change in rooms same time last year over 7 days.
dev_hotel_analytics,vw_pace_segment_change_by_period,rooms_stly_change_90_day,The change in rooms same time last year over 90 days.
dev_hotel_analytics,vw_pace_roomtype_change_by_period_current,rooms_stly_chg_001_day__commissioner_suite,The 1-day change in Commissioner Suite rooms on the books for the same period last year.
dev_hotel_analytics,vw_pace_segment_change_by_period_current,rooms_stly_chg_001_day__complimentary,
dev_hotel_analytics,vw_pace_segment_change_by_period_monthly_current,rooms_stly_chg_001_day__complimentary,
dev_hotel_analytics,vw_pace_roomtype_change_by_period_current,rooms_stly_chg_001_day__deluxe_king,The 1-day change in Deluxe King rooms on the books for the same period last year.
dev_hotel_analytics,vw_pace_roomtype_change_by_period_current,rooms_stly_chg_001_day__foundation_king,The 1-day change in Foundation King rooms on the books for the same period last year.
dev_hotel_analytics,vw_pace_roomtype_change_by_period_current,rooms_stly_chg_001_day__foundation_king_ada,The 1-day change in ADA-compliant Foundation King rooms on the books for the same period last year.
dev_hotel_analytics,vw_pace_roomtype_change_by_period_current,rooms_stly_chg_001_day__foundation_two_queen,The 1-day change in Foundation Two Queen rooms on the books for the same period last year.
dev_hotel_analytics,vw_pace_segment_change_by_period_current,rooms_stly_chg_001_day__group_association,
dev_hotel_analytics,vw_pace_segment_change_by_period_monthly_current,rooms_stly_chg_001_day__group_association,
dev_hotel_analytics,vw_pace_segment_change_by_period_current,rooms_stly_chg_001_day__group_citywide,
dev_hotel_analytics,vw_pace_segment_change_by_period_monthly_current,rooms_stly_chg_001_day__group_citywide,
dev_hotel_analytics,vw_pace_segment_change_by_period_current,rooms_stly_chg_001_day__group_corporate,
dev_hotel_analytics,vw_pace_segment_change_by_period_monthly_current,rooms_stly_chg_001_day__group_corporate,
dev_hotel_analytics,vw_pace_segment_change_by_period_current,rooms_stly_chg_001_day__group_entertainment,
dev_hotel_analytics,vw_pace_segment_change_by_period_monthly_current,rooms_stly_chg_001_day__group_entertainment,
dev_hotel_analytics,vw_pace_segment_change_by_period_current,rooms_stly_chg_001_day__group_government,
dev_hotel_analytics,vw_pace_segment_change_by_period_monthly_current,rooms_stly_chg_001_day__group_government,
dev_hotel_analytics,vw_pace_segment_change_by_period_current,rooms_stly_chg_001_day__group_smerf,
dev_hotel_analytics,vw_pace_segment_change_by_period_monthly_current,rooms_stly_chg_001_day__group_smerf,
dev_hotel_analytics,vw_pace_segment_change_by_period_current,rooms_stly_chg_001_day__group_social,
dev_hotel_analytics,vw_pace_segment_change_by_period_monthly_current,rooms_stly_chg_001_day__group_social,
dev_hotel_analytics,vw_pace_segment_change_by_period_current,rooms_stly_chg_001_day__group_tour,
dev_hotel_analytics,vw_pace_segment_change_by_period_monthly_current,rooms_stly_chg_001_day__group_tour,
dev_hotel_analytics,vw_pace_segment_change_by_period_current,rooms_stly_chg_001_day__group_wedding,
dev_hotel_analytics,vw_pace_segment_change_by_period_monthly_current,rooms_stly_chg_001_day__group_wedding,
dev_hotel_analytics,vw_pace_roomtype_change_by_period_current,rooms_stly_chg_001_day__junior_suite,The 1-day change in Junior Suite rooms on the books for the same period last year.
dev_hotel_analytics,vw_pace_roomtype_change_by_period_current,rooms_stly_chg_001_day__king_guestroom,The 1-day change in King Guestroom rooms on the books for the same period last year.
dev_hotel_analytics,vw_pace_roomtype_change_by_period_current,rooms_stly_chg_001_day__secretary_suite,The 1-day change in Secretary Suite rooms on the books for the same period last year.
dev_hotel_analytics,vw_pace_segment_change_by_period_current,rooms_stly_chg_001_day__transient_consortia,
dev_hotel_analytics,vw_pace_segment_change_by_period_monthly_current,rooms_stly_chg_001_day__transient_consortia,
dev_hotel_analytics,vw_pace_segment_change_by_period_current,rooms_stly_chg_001_day__transient_government,
dev_hotel_analytics,vw_pace_segment_change_by_period_monthly_current,rooms_stly_chg_001_day__transient_government,
dev_hotel_analytics,vw_pace_segment_change_by_period_current,rooms_stly_chg_001_day__transient_negotiated,
dev_hotel_analytics,vw_pace_segment_change_by_period_monthly_current,rooms_stly_chg_001_day__transient_negotiated,
dev_hotel_analytics,vw_pace_segment_change_by_period_current,rooms_stly_chg_001_day__transient_opaque,
dev_hotel_analytics,vw_pace_segment_change_by_period_monthly_current,rooms_stly_chg_001_day__transient_opaque,
dev_hotel_analytics,vw_pace_segment_change_by_period_current,rooms_stly_chg_001_day__transient_package,
dev_hotel_analytics,vw_pace_segment_change_by_period_monthly_current,rooms_stly_chg_001_day__transient_package,
dev_hotel_analytics,vw_pace_segment_change_by_period_current,rooms_stly_chg_001_day__transient_packages,
dev_hotel_analytics,vw_pace_segment_change_by_period_monthly_current,rooms_stly_chg_001_day__transient_packages,
dev_hotel_analytics,vw_pace_segment_change_by_period_current,rooms_stly_chg_001_day__transient_promotion,
dev_hotel_analytics,vw_pace_segment_change_by_period_monthly_current,rooms_stly_chg_001_day__transient_promotion,
dev_hotel_analytics,vw_pace_segment_change_by_period_current,rooms_stly_chg_001_day__transient_qualified,
dev_hotel_analytics,vw_pace_segment_change_by_period_monthly_current,rooms_stly_chg_001_day__transient_qualified,
dev_hotel_analytics,vw_pace_segment_change_by_period_current,rooms_stly_chg_001_day__transient_retail,
dev_hotel_analytics,vw_pace_segment_change_by_period_monthly_current,rooms_stly_chg_001_day__transient_retail,
dev_hotel_analytics,vw_pace_segment_change_by_period_current,rooms_stly_chg_001_day__transient_unqualified,
dev_hotel_analytics,vw_pace_segment_change_by_period_monthly_current,rooms_stly_chg_001_day__transient_unqualified,
dev_hotel_analytics,vw_pace_roomtype_change_by_period_current,rooms_stly_chg_001_day__two_queen_guestroom,The 1-day change in Two Queen Guestroom rooms on the books for the same period last year.
dev_hotel_analytics,vw_pace_roomtype_change_by_period_current,rooms_stly_chg_001_day__two_queen_guestroom_ada,The 1-day change in ADA-compliant Two Queen Guestroom rooms on the books for the same period last year.
dev_hotel_analytics,vw_pace_roomtype_change_by_period_current,rooms_stly_chg_003_day__commissioner_suite,The 3-day change in Commissioner Suite rooms on the books for the same period last year.
dev_hotel_analytics,vw_pace_segment_change_by_period_current,rooms_stly_chg_003_day__complimentary,
dev_hotel_analytics,vw_pace_segment_change_by_period_monthly_current,rooms_stly_chg_003_day__complimentary,
dev_hotel_analytics,vw_pace_roomtype_change_by_period_current,rooms_stly_chg_003_day__deluxe_king,The 3-day change in Deluxe King rooms on the books for the same period last year.
dev_hotel_analytics,vw_pace_roomtype_change_by_period_current,rooms_stly_chg_003_day__foundation_king,The 3-day change in Foundation King rooms on the books for the same period last year.
dev_hotel_analytics,vw_pace_roomtype_change_by_period_current,rooms_stly_chg_003_day__foundation_king_ada,The 3-day change in ADA-compliant Foundation King rooms on the books for the same period last year.
dev_hotel_analytics,vw_pace_roomtype_change_by_period_current,rooms_stly_chg_003_day__foundation_two_queen,The 3-day change in Foundation Two Queen rooms on the books for the same period last year.
dev_hotel_analytics,vw_pace_segment_change_by_period_current,rooms_stly_chg_003_day__group_association,
dev_hotel_analytics,vw_pace_segment_change_by_period_monthly_current,rooms_stly_chg_003_day__group_association,
dev_hotel_analytics,vw_pace_segment_change_by_period_current,rooms_stly_chg_003_day__group_citywide,
dev_hotel_analytics,vw_pace_segment_change_by_period_monthly_current,rooms_stly_chg_003_day__group_citywide,
dev_hotel_analytics,vw_pace_segment_change_by_period_current,rooms_stly_chg_003_day__group_corporate,
dev_hotel_analytics,vw_pace_segment_change_by_period_monthly_current,rooms_stly_chg_003_day__group_corporate,
dev_hotel_analytics,vw_pace_segment_change_by_period_current,rooms_stly_chg_003_day__group_entertainment,
dev_hotel_analytics,vw_pace_segment_change_by_period_monthly_current,rooms_stly_chg_003_day__group_entertainment,
dev_hotel_analytics,vw_pace_segment_change_by_period_current,rooms_stly_chg_003_day__group_government,
dev_hotel_analytics,vw_pace_segment_change_by_period_monthly_current,rooms_stly_chg_003_day__group_government,
dev_hotel_analytics,vw_pace_segment_change_by_period_current,rooms_stly_chg_003_day__group_smerf,
dev_hotel_analytics,vw_pace_segment_change_by_period_monthly_current,rooms_stly_chg_003_day__group_smerf,
dev_hotel_analytics,vw_pace_segment_change_by_period_current,rooms_stly_chg_003_day__group_social,
dev_hotel_analytics,vw_pace_segment_change_by_period_monthly_current,rooms_stly_chg_003_day__group_social,
dev_hotel_analytics,vw_pace_segment_change_by_period_current,rooms_stly_chg_003_day__group_tour,
dev_hotel_analytics,vw_pace_segment_change_by_period_monthly_current,rooms_stly_chg_003_day__group_tour,
dev_hotel_analytics,vw_pace_segment_change_by_period_current,rooms_stly_chg_003_day__group_wedding,
dev_hotel_analytics,vw_pace_segment_change_by_period_monthly_current,rooms_stly_chg_003_day__group_wedding,
dev_hotel_analytics,vw_pace_roomtype_change_by_period_current,rooms_stly_chg_003_day__junior_suite,The 3-day change in Junior Suite rooms on the books for the same period last year.
dev_hotel_analytics,vw_pace_roomtype_change_by_period_current,rooms_stly_chg_003_day__king_guestroom,The 3-day change in King Guestroom rooms on the books for the same period last year.
dev_hotel_analytics,vw_pace_roomtype_change_by_period_current,rooms_stly_chg_003_day__secretary_suite,The 3-day change in Secretary Suite rooms on the books for the same period last year.
dev_hotel_analytics,vw_pace_segment_change_by_period_current,rooms_stly_chg_003_day__transient_consortia,
dev_hotel_analytics,vw_pace_segment_change_by_period_monthly_current,rooms_stly_chg_003_day__transient_consortia,
dev_hotel_analytics,vw_pace_segment_change_by_period_current,rooms_stly_chg_003_day__transient_government,
dev_hotel_analytics,vw_pace_segment_change_by_period_monthly_current,rooms_stly_chg_003_day__transient_government,
dev_hotel_analytics,vw_pace_segment_change_by_period_current,rooms_stly_chg_003_day__transient_negotiated,
dev_hotel_analytics,vw_pace_segment_change_by_period_monthly_current,rooms_stly_chg_003_day__transient_negotiated,
dev_hotel_analytics,vw_pace_segment_change_by_period_current,rooms_stly_chg_003_day__transient_opaque,
dev_hotel_analytics,vw_pace_segment_change_by_period_monthly_current,rooms_stly_chg_003_day__transient_opaque,
dev_hotel_analytics,vw_pace_segment_change_by_period_current,rooms_stly_chg_003_day__transient_package,
dev_hotel_analytics,vw_pace_segment_change_by_period_monthly_current,rooms_stly_chg_003_day__transient_package,
dev_hotel_analytics,vw_pace_segment_change_by_period_current,rooms_stly_chg_003_day__transient_packages,
dev_hotel_analytics,vw_pace_segment_change_by_period_monthly_current,rooms_stly_chg_003_day__transient_packages,
dev_hotel_analytics,vw_pace_segment_change_by_period_current,rooms_stly_chg_003_day__transient_promotion,
dev_hotel_analytics,vw_pace_segment_change_by_period_monthly_current,rooms_stly_chg_003_day__transient_promotion,
dev_hotel_analytics,vw_pace_segment_change_by_period_current,rooms_stly_chg_003_day__transient_qualified,
dev_hotel_analytics,vw_pace_segment_change_by_period_monthly_current,rooms_stly_chg_003_day__transient_qualified,
dev_hotel_analytics,vw_pace_segment_change_by_period_current,rooms_stly_chg_003_day__transient_retail,
dev_hotel_analytics,vw_pace_segment_change_by_period_monthly_current,rooms_stly_chg_003_day__transient_retail,
dev_hotel_analytics,vw_pace_segment_change_by_period_current,rooms_stly_chg_003_day__transient_unqualified,
dev_hotel_analytics,vw_pace_segment_change_by_period_monthly_current,rooms_stly_chg_003_day__transient_unqualified,
dev_hotel_analytics,vw_pace_roomtype_change_by_period_current,rooms_stly_chg_003_day__two_queen_guestroom,The 3-day change in Two Queen Guestroom rooms on the books for the same period last year.
dev_hotel_analytics,vw_pace_roomtype_change_by_period_current,rooms_stly_chg_003_day__two_queen_guestroom_ada,The 3-day change in ADA-compliant Two Queen Guestroom rooms on the books for the same period last year.
dev_hotel_analytics,vw_pace_roomtype_change_by_period_current,rooms_stly_chg_007_day__commissioner_suite,The 7-day change in Commissioner Suite rooms on the books for the same period last year.
dev_hotel_analytics,vw_pace_segment_change_by_period_current,rooms_stly_chg_007_day__complimentary,
dev_hotel_analytics,vw_pace_segment_change_by_period_monthly_current,rooms_stly_chg_007_day__complimentary,
dev_hotel_analytics,vw_pace_roomtype_change_by_period_current,rooms_stly_chg_007_day__deluxe_king,The 7-day change in Deluxe King rooms on the books for the same period last year.
dev_hotel_analytics,vw_pace_roomtype_change_by_period_current,rooms_stly_chg_007_day__foundation_king,The 7-day change in Foundation King rooms on the books for the same period last year.
dev_hotel_analytics,vw_pace_roomtype_change_by_period_current,rooms_stly_chg_007_day__foundation_king_ada,The 7-day change in ADA-compliant Foundation King rooms on the books for the same period last year.
dev_hotel_analytics,vw_pace_roomtype_change_by_period_current,rooms_stly_chg_007_day__foundation_two_queen,The 7-day change in Foundation Two Queen rooms on the books for the same period last year.
dev_hotel_analytics,vw_pace_segment_change_by_period_current,rooms_stly_chg_007_day__group_association,
dev_hotel_analytics,vw_pace_segment_change_by_period_monthly_current,rooms_stly_chg_007_day__group_association,
dev_hotel_analytics,vw_pace_segment_change_by_period_current,rooms_stly_chg_007_day__group_citywide,
dev_hotel_analytics,vw_pace_segment_change_by_period_monthly_current,rooms_stly_chg_007_day__group_citywide,
dev_hotel_analytics,vw_pace_segment_change_by_period_current,rooms_stly_chg_007_day__group_corporate,
dev_hotel_analytics,vw_pace_segment_change_by_period_monthly_current,rooms_stly_chg_007_day__group_corporate,
dev_hotel_analytics,vw_pace_segment_change_by_period_current,rooms_stly_chg_007_day__group_entertainment,
dev_hotel_analytics,vw_pace_segment_change_by_period_monthly_current,rooms_stly_chg_007_day__group_entertainment,
dev_hotel_analytics,vw_pace_segment_change_by_period_current,rooms_stly_chg_007_day__group_government,
dev_hotel_analytics,vw_pace_segment_change_by_period_monthly_current,rooms_stly_chg_007_day__group_government,
dev_hotel_analytics,vw_pace_segment_change_by_period_current,rooms_stly_chg_007_day__group_smerf,
dev_hotel_analytics,vw_pace_segment_change_by_period_monthly_current,rooms_stly_chg_007_day__group_smerf,
dev_hotel_analytics,vw_pace_segment_change_by_period_current,rooms_stly_chg_007_day__group_social,
dev_hotel_analytics,vw_pace_segment_change_by_period_monthly_current,rooms_stly_chg_007_day__group_social,
dev_hotel_analytics,vw_pace_segment_change_by_period_current,rooms_stly_chg_007_day__group_tour,
dev_hotel_analytics,vw_pace_segment_change_by_period_monthly_current,rooms_stly_chg_007_day__group_tour,
dev_hotel_analytics,vw_pace_segment_change_by_period_current,rooms_stly_chg_007_day__group_wedding,
dev_hotel_analytics,vw_pace_segment_change_by_period_monthly_current,rooms_stly_chg_007_day__group_wedding,
dev_hotel_analytics,vw_pace_roomtype_change_by_period_current,rooms_stly_chg_007_day__junior_suite,The 7-day change in Junior Suite rooms on the books for the same period last year.
dev_hotel_analytics,vw_pace_roomtype_change_by_period_current,rooms_stly_chg_007_day__king_guestroom,The 7-day change in King Guestroom rooms on the books for the same period last year.
dev_hotel_analytics,vw_pace_roomtype_change_by_period_current,rooms_stly_chg_007_day__secretary_suite,The 7-day change in Secretary Suite rooms on the books for the same period last year.
dev_hotel_analytics,vw_pace_segment_change_by_period_current,rooms_stly_chg_007_day__transient_consortia,
dev_hotel_analytics,vw_pace_segment_change_by_period_monthly_current,rooms_stly_chg_007_day__transient_consortia,
dev_hotel_analytics,vw_pace_segment_change_by_period_current,rooms_stly_chg_007_day__transient_government,
dev_hotel_analytics,vw_pace_segment_change_by_period_monthly_current,rooms_stly_chg_007_day__transient_government,
dev_hotel_analytics,vw_pace_segment_change_by_period_current,rooms_stly_chg_007_day__transient_negotiated,
dev_hotel_analytics,vw_pace_segment_change_by_period_monthly_current,rooms_stly_chg_007_day__transient_negotiated,
dev_hotel_analytics,vw_pace_segment_change_by_period_current,rooms_stly_chg_007_day__transient_opaque,
dev_hotel_analytics,vw_pace_segment_change_by_period_monthly_current,rooms_stly_chg_007_day__transient_opaque,
dev_hotel_analytics,vw_pace_segment_change_by_period_current,rooms_stly_chg_007_day__transient_package,
dev_hotel_analytics,vw_pace_segment_change_by_period_monthly_current,rooms_stly_chg_007_day__transient_package,
dev_hotel_analytics,vw_pace_segment_change_by_period_current,rooms_stly_chg_007_day__transient_packages,
dev_hotel_analytics,vw_pace_segment_change_by_period_monthly_current,rooms_stly_chg_007_day__transient_packages,
dev_hotel_analytics,vw_pace_segment_change_by_period_current,rooms_stly_chg_007_day__transient_promotion,
dev_hotel_analytics,vw_pace_segment_change_by_period_monthly_current,rooms_stly_chg_007_day__transient_promotion,
dev_hotel_analytics,vw_pace_segment_change_by_period_current,rooms_stly_chg_007_day__transient_qualified,
dev_hotel_analytics,vw_pace_segment_change_by_period_monthly_current,rooms_stly_chg_007_day__transient_qualified,
dev_hotel_analytics,vw_pace_segment_change_by_period_current,rooms_stly_chg_007_day__transient_retail,
dev_hotel_analytics,vw_pace_segment_change_by_period_monthly_current,rooms_stly_chg_007_day__transient_retail,
dev_hotel_analytics,vw_pace_segment_change_by_period_current,rooms_stly_chg_007_day__transient_unqualified,
dev_hotel_analytics,vw_pace_segment_change_by_period_monthly_current,rooms_stly_chg_007_day__transient_unqualified,
dev_hotel_analytics,vw_pace_roomtype_change_by_period_current,rooms_stly_chg_007_day__two_queen_guestroom,The 7-day change in Two Queen Guestroom rooms on the books for the same period last year.
dev_hotel_analytics,vw_pace_roomtype_change_by_period_current,rooms_stly_chg_007_day__two_queen_guestroom_ada,The 7-day change in ADA-compliant Two Queen Guestroom rooms on the books for the same period last year.
dev_hotel_analytics,vw_pace_roomtype_change_by_period_current,rooms_stly_chg_014_day__commissioner_suite,The 14-day change in Commissioner Suite rooms on the books for the same period last year.
dev_hotel_analytics,vw_pace_segment_change_by_period_current,rooms_stly_chg_014_day__complimentary,
dev_hotel_analytics,vw_pace_segment_change_by_period_monthly_current,rooms_stly_chg_014_day__complimentary,
dev_hotel_analytics,vw_pace_roomtype_change_by_period_current,rooms_stly_chg_014_day__deluxe_king,The 14-day change in Deluxe King rooms on the books for the same period last year.
dev_hotel_analytics,vw_pace_roomtype_change_by_period_current,rooms_stly_chg_014_day__foundation_king,The 14-day change in Foundation King rooms on the books for the same period last year.
dev_hotel_analytics,vw_pace_roomtype_change_by_period_current,rooms_stly_chg_014_day__foundation_king_ada,The 14-day change in ADA-compliant Foundation King rooms on the books for the same period last year.
dev_hotel_analytics,vw_pace_roomtype_change_by_period_current,rooms_stly_chg_014_day__foundation_two_queen,The 14-day change in Foundation Two Queen rooms on the books for the same period last year.
dev_hotel_analytics,vw_pace_segment_change_by_period_current,rooms_stly_chg_014_day__group_association,
dev_hotel_analytics,vw_pace_segment_change_by_period_monthly_current,rooms_stly_chg_014_day__group_association,
dev_hotel_analytics,vw_pace_segment_change_by_period_current,rooms_stly_chg_014_day__group_citywide,
dev_hotel_analytics,vw_pace_segment_change_by_period_monthly_current,rooms_stly_chg_014_day__group_citywide,
dev_hotel_analytics,vw_pace_segment_change_by_period_current,rooms_stly_chg_014_day__group_corporate,
dev_hotel_analytics,vw_pace_segment_change_by_period_monthly_current,rooms_stly_chg_014_day__group_corporate,
dev_hotel_analytics,vw_pace_segment_change_by_period_current,rooms_stly_chg_014_day__group_entertainment,
dev_hotel_analytics,vw_pace_segment_change_by_period_monthly_current,rooms_stly_chg_014_day__group_entertainment,
dev_hotel_analytics,vw_pace_segment_change_by_period_current,rooms_stly_chg_014_day__group_government,
dev_hotel_analytics,vw_pace_segment_change_by_period_monthly_current,rooms_stly_chg_014_day__group_government,
dev_hotel_analytics,vw_pace_segment_change_by_period_current,rooms_stly_chg_014_day__group_smerf,
dev_hotel_analytics,vw_pace_segment_change_by_period_monthly_current,rooms_stly_chg_014_day__group_smerf,
dev_hotel_analytics,vw_pace_segment_change_by_period_current,rooms_stly_chg_014_day__group_social,
dev_hotel_analytics,vw_pace_segment_change_by_period_monthly_current,rooms_stly_chg_014_day__group_social,
dev_hotel_analytics,vw_pace_segment_change_by_period_current,rooms_stly_chg_014_day__group_tour,
dev_hotel_analytics,vw_pace_segment_change_by_period_monthly_current,rooms_stly_chg_014_day__group_tour,
dev_hotel_analytics,vw_pace_segment_change_by_period_current,rooms_stly_chg_014_day__group_wedding,
dev_hotel_analytics,vw_pace_segment_change_by_period_monthly_current,rooms_stly_chg_014_day__group_wedding,
dev_hotel_analytics,vw_pace_roomtype_change_by_period_current,rooms_stly_chg_014_day__junior_suite,The 14-day change in Junior Suite rooms on the books for the same period last year.
dev_hotel_analytics,vw_pace_roomtype_change_by_period_current,rooms_stly_chg_014_day__king_guestroom,The 14-day change in King Guestroom rooms on the books for the same period last year.
dev_hotel_analytics,vw_pace_roomtype_change_by_period_current,rooms_stly_chg_014_day__secretary_suite,The 14-day change in Secretary Suite rooms on the books for the same period last year.
dev_hotel_analytics,vw_pace_segment_change_by_period_current,rooms_stly_chg_014_day__transient_consortia,
dev_hotel_analytics,vw_pace_segment_change_by_period_monthly_current,rooms_stly_chg_014_day__transient_consortia,
dev_hotel_analytics,vw_pace_segment_change_by_period_current,rooms_stly_chg_014_day__transient_government,
dev_hotel_analytics,vw_pace_segment_change_by_period_monthly_current,rooms_stly_chg_014_day__transient_government,
dev_hotel_analytics,vw_pace_segment_change_by_period_current,rooms_stly_chg_014_day__transient_negotiated,
dev_hotel_analytics,vw_pace_segment_change_by_period_monthly_current,rooms_stly_chg_014_day__transient_negotiated,
dev_hotel_analytics,vw_pace_segment_change_by_period_current,rooms_stly_chg_014_day__transient_opaque,
dev_hotel_analytics,vw_pace_segment_change_by_period_monthly_current,rooms_stly_chg_014_day__transient_opaque,
dev_hotel_analytics,vw_pace_segment_change_by_period_current,rooms_stly_chg_014_day__transient_package,
dev_hotel_analytics,vw_pace_segment_change_by_period_monthly_current,rooms_stly_chg_014_day__transient_package,
dev_hotel_analytics,vw_pace_segment_change_by_period_current,rooms_stly_chg_014_day__transient_packages,
dev_hotel_analytics,vw_pace_segment_change_by_period_monthly_current,rooms_stly_chg_014_day__transient_packages,
dev_hotel_analytics,vw_pace_segment_change_by_period_current,rooms_stly_chg_014_day__transient_promotion,
dev_hotel_analytics,vw_pace_segment_change_by_period_monthly_current,rooms_stly_chg_014_day__transient_promotion,
dev_hotel_analytics,vw_pace_segment_change_by_period_current,rooms_stly_chg_014_day__transient_qualified,
dev_hotel_analytics,vw_pace_segment_change_by_period_monthly_current,rooms_stly_chg_014_day__transient_qualified,
dev_hotel_analytics,vw_pace_segment_change_by_period_current,rooms_stly_chg_014_day__transient_retail,
dev_hotel_analytics,vw_pace_segment_change_by_period_monthly_current,rooms_stly_chg_014_day__transient_retail,
dev_hotel_analytics,vw_pace_segment_change_by_period_current,rooms_stly_chg_014_day__transient_unqualified,
dev_hotel_analytics,vw_pace_segment_change_by_period_monthly_current,rooms_stly_chg_014_day__transient_unqualified,
dev_hotel_analytics,vw_pace_roomtype_change_by_period_current,rooms_stly_chg_014_day__two_queen_guestroom,The 14-day change in Two Queen Guestroom rooms on the books for the same period last year.
dev_hotel_analytics,vw_pace_roomtype_change_by_period_current,rooms_stly_chg_014_day__two_queen_guestroom_ada,The 14-day change in ADA-compliant Two Queen Guestroom rooms on the books for the same period last year.
dev_hotel_analytics,vw_pace_roomtype_change_by_period_current,rooms_stly_chg_021_day__commissioner_suite,The 21-day change in Commissioner Suite rooms on the books for the same period last year.
dev_hotel_analytics,vw_pace_segment_change_by_period_current,rooms_stly_chg_021_day__complimentary,
dev_hotel_analytics,vw_pace_segment_change_by_period_monthly_current,rooms_stly_chg_021_day__complimentary,
dev_hotel_analytics,vw_pace_roomtype_change_by_period_current,rooms_stly_chg_021_day__deluxe_king,The 21-day change in Deluxe King rooms on the books for the same period last year.
dev_hotel_analytics,vw_pace_roomtype_change_by_period_current,rooms_stly_chg_021_day__foundation_king,The 21-day change in Foundation King rooms on the books for the same period last year.
dev_hotel_analytics,vw_pace_roomtype_change_by_period_current,rooms_stly_chg_021_day__foundation_king_ada,The 21-day change in ADA-compliant Foundation King rooms on the books for the same period last year.
dev_hotel_analytics,vw_pace_roomtype_change_by_period_current,rooms_stly_chg_021_day__foundation_two_queen,The 21-day change in Foundation Two Queen rooms on the books for the same period last year.
dev_hotel_analytics,vw_pace_segment_change_by_period_current,rooms_stly_chg_021_day__group_association,
dev_hotel_analytics,vw_pace_segment_change_by_period_monthly_current,rooms_stly_chg_021_day__group_association,
dev_hotel_analytics,vw_pace_segment_change_by_period_current,rooms_stly_chg_021_day__group_citywide,
dev_hotel_analytics,vw_pace_segment_change_by_period_monthly_current,rooms_stly_chg_021_day__group_citywide,
dev_hotel_analytics,vw_pace_segment_change_by_period_current,rooms_stly_chg_021_day__group_corporate,
dev_hotel_analytics,vw_pace_segment_change_by_period_monthly_current,rooms_stly_chg_021_day__group_corporate,
dev_hotel_analytics,vw_pace_segment_change_by_period_current,rooms_stly_chg_021_day__group_entertainment,
dev_hotel_analytics,vw_pace_segment_change_by_period_monthly_current,rooms_stly_chg_021_day__group_entertainment,
dev_hotel_analytics,vw_pace_segment_change_by_period_current,rooms_stly_chg_021_day__group_government,
dev_hotel_analytics,vw_pace_segment_change_by_period_monthly_current,rooms_stly_chg_021_day__group_government,
dev_hotel_analytics,vw_pace_segment_change_by_period_current,rooms_stly_chg_021_day__group_smerf,
dev_hotel_analytics,vw_pace_segment_change_by_period_monthly_current,rooms_stly_chg_021_day__group_smerf,
dev_hotel_analytics,vw_pace_segment_change_by_period_current,rooms_stly_chg_021_day__group_social,
dev_hotel_analytics,vw_pace_segment_change_by_period_monthly_current,rooms_stly_chg_021_day__group_social,
dev_hotel_analytics,vw_pace_segment_change_by_period_current,rooms_stly_chg_021_day__group_tour,
dev_hotel_analytics,vw_pace_segment_change_by_period_monthly_current,rooms_stly_chg_021_day__group_tour,
dev_hotel_analytics,vw_pace_segment_change_by_period_current,rooms_stly_chg_021_day__group_wedding,
dev_hotel_analytics,vw_pace_segment_change_by_period_monthly_current,rooms_stly_chg_021_day__group_wedding,
dev_hotel_analytics,vw_pace_roomtype_change_by_period_current,rooms_stly_chg_021_day__junior_suite,The 21-day change in Junior Suite rooms on the books for the same period last year.
dev_hotel_analytics,vw_pace_roomtype_change_by_period_current,rooms_stly_chg_021_day__king_guestroom,The 21-day change in King Guestroom rooms on the books for the same period last year.
dev_hotel_analytics,vw_pace_roomtype_change_by_period_current,rooms_stly_chg_021_day__secretary_suite,The 21-day change in Secretary Suite rooms on the books for the same period last year.
dev_hotel_analytics,vw_pace_segment_change_by_period_current,rooms_stly_chg_021_day__transient_consortia,
dev_hotel_analytics,vw_pace_segment_change_by_period_monthly_current,rooms_stly_chg_021_day__transient_consortia,
dev_hotel_analytics,vw_pace_segment_change_by_period_current,rooms_stly_chg_021_day__transient_government,
dev_hotel_analytics,vw_pace_segment_change_by_period_monthly_current,rooms_stly_chg_021_day__transient_government,
dev_hotel_analytics,vw_pace_segment_change_by_period_current,rooms_stly_chg_021_day__transient_negotiated,
dev_hotel_analytics,vw_pace_segment_change_by_period_monthly_current,rooms_stly_chg_021_day__transient_negotiated,
dev_hotel_analytics,vw_pace_segment_change_by_period_current,rooms_stly_chg_021_day__transient_opaque,
dev_hotel_analytics,vw_pace_segment_change_by_period_monthly_current,rooms_stly_chg_021_day__transient_opaque,
dev_hotel_analytics,vw_pace_segment_change_by_period_current,rooms_stly_chg_021_day__transient_package,
dev_hotel_analytics,vw_pace_segment_change_by_period_monthly_current,rooms_stly_chg_021_day__transient_package,
dev_hotel_analytics,vw_pace_segment_change_by_period_current,rooms_stly_chg_021_day__transient_packages,
dev_hotel_analytics,vw_pace_segment_change_by_period_monthly_current,rooms_stly_chg_021_day__transient_packages,
dev_hotel_analytics,vw_pace_segment_change_by_period_current,rooms_stly_chg_021_day__transient_promotion,
dev_hotel_analytics,vw_pace_segment_change_by_period_monthly_current,rooms_stly_chg_021_day__transient_promotion,
dev_hotel_analytics,vw_pace_segment_change_by_period_current,rooms_stly_chg_021_day__transient_qualified,
dev_hotel_analytics,vw_pace_segment_change_by_period_monthly_current,rooms_stly_chg_021_day__transient_qualified,
dev_hotel_analytics,vw_pace_segment_change_by_period_current,rooms_stly_chg_021_day__transient_retail,
dev_hotel_analytics,vw_pace_segment_change_by_period_monthly_current,rooms_stly_chg_021_day__transient_retail,
dev_hotel_analytics,vw_pace_segment_change_by_period_current,rooms_stly_chg_021_day__transient_unqualified,
dev_hotel_analytics,vw_pace_segment_change_by_period_monthly_current,rooms_stly_chg_021_day__transient_unqualified,
dev_hotel_analytics,vw_pace_roomtype_change_by_period_current,rooms_stly_chg_021_day__two_queen_guestroom,The 21-day change in Two Queen Guestroom rooms on the books for the same period last year.
dev_hotel_analytics,vw_pace_roomtype_change_by_period_current,rooms_stly_chg_021_day__two_queen_guestroom_ada,The 21-day change in ADA-compliant Two Queen Guestroom rooms on the books for the same period last year.
dev_hotel_analytics,vw_pace_roomtype_change_by_period_current,rooms_stly_chg_030_day__commissioner_suite,The 30-day change in Commissioner Suite rooms on the books for the same period last year.
dev_hotel_analytics,vw_pace_segment_change_by_period_current,rooms_stly_chg_030_day__complimentary,
dev_hotel_analytics,vw_pace_segment_change_by_period_monthly_current,rooms_stly_chg_030_day__complimentary,
dev_hotel_analytics,vw_pace_roomtype_change_by_period_current,rooms_stly_chg_030_day__deluxe_king,The 30-day change in Deluxe King rooms on the books for the same period last year.
dev_hotel_analytics,vw_pace_roomtype_change_by_period_current,rooms_stly_chg_030_day__foundation_king,The 30-day change in Foundation King rooms on the books for the same period last year.
dev_hotel_analytics,vw_pace_roomtype_change_by_period_current,rooms_stly_chg_030_day__foundation_king_ada,The 30-day change in ADA-compliant Foundation King rooms on the books for the same period last year.
dev_hotel_analytics,vw_pace_roomtype_change_by_period_current,rooms_stly_chg_030_day__foundation_two_queen,The 30-day change in Foundation Two Queen rooms on the books for the same period last year.
dev_hotel_analytics,vw_pace_segment_change_by_period_current,rooms_stly_chg_030_day__group_association,
dev_hotel_analytics,vw_pace_segment_change_by_period_monthly_current,rooms_stly_chg_030_day__group_association,
dev_hotel_analytics,vw_pace_segment_change_by_period_current,rooms_stly_chg_030_day__group_citywide,
dev_hotel_analytics,vw_pace_segment_change_by_period_monthly_current,rooms_stly_chg_030_day__group_citywide,
dev_hotel_analytics,vw_pace_segment_change_by_period_current,rooms_stly_chg_030_day__group_corporate,
dev_hotel_analytics,vw_pace_segment_change_by_period_monthly_current,rooms_stly_chg_030_day__group_corporate,
dev_hotel_analytics,vw_pace_segment_change_by_period_current,rooms_stly_chg_030_day__group_entertainment,
dev_hotel_analytics,vw_pace_segment_change_by_period_monthly_current,rooms_stly_chg_030_day__group_entertainment,
dev_hotel_analytics,vw_pace_segment_change_by_period_current,rooms_stly_chg_030_day__group_government,
dev_hotel_analytics,vw_pace_segment_change_by_period_monthly_current,rooms_stly_chg_030_day__group_government,
dev_hotel_analytics,vw_pace_segment_change_by_period_current,rooms_stly_chg_030_day__group_smerf,
dev_hotel_analytics,vw_pace_segment_change_by_period_monthly_current,rooms_stly_chg_030_day__group_smerf,
dev_hotel_analytics,vw_pace_segment_change_by_period_current,rooms_stly_chg_030_day__group_social,
dev_hotel_analytics,vw_pace_segment_change_by_period_monthly_current,rooms_stly_chg_030_day__group_social,
dev_hotel_analytics,vw_pace_segment_change_by_period_current,rooms_stly_chg_030_day__group_tour,
dev_hotel_analytics,vw_pace_segment_change_by_period_monthly_current,rooms_stly_chg_030_day__group_tour,
dev_hotel_analytics,vw_pace_segment_change_by_period_current,rooms_stly_chg_030_day__group_wedding,
dev_hotel_analytics,vw_pace_segment_change_by_period_monthly_current,rooms_stly_chg_030_day__group_wedding,
dev_hotel_analytics,vw_pace_roomtype_change_by_period_current,rooms_stly_chg_030_day__junior_suite,The 30-day change in Junior Suite rooms on the books for the same period last year.
dev_hotel_analytics,vw_pace_roomtype_change_by_period_current,rooms_stly_chg_030_day__king_guestroom,The 30-day change in King Guestroom rooms on the books for the same period last year.
dev_hotel_analytics,vw_pace_roomtype_change_by_period_current,rooms_stly_chg_030_day__secretary_suite,The 30-day change in Secretary Suite rooms on the books for the same period last year.
dev_hotel_analytics,vw_pace_segment_change_by_period_current,rooms_stly_chg_030_day__transient_consortia,
dev_hotel_analytics,vw_pace_segment_change_by_period_monthly_current,rooms_stly_chg_030_day__transient_consortia,
dev_hotel_analytics,vw_pace_segment_change_by_period_current,rooms_stly_chg_030_day__transient_government,
dev_hotel_analytics,vw_pace_segment_change_by_period_monthly_current,rooms_stly_chg_030_day__transient_government,
dev_hotel_analytics,vw_pace_segment_change_by_period_current,rooms_stly_chg_030_day__transient_negotiated,
dev_hotel_analytics,vw_pace_segment_change_by_period_monthly_current,rooms_stly_chg_030_day__transient_negotiated,
dev_hotel_analytics,vw_pace_segment_change_by_period_current,rooms_stly_chg_030_day__transient_opaque,
dev_hotel_analytics,vw_pace_segment_change_by_period_monthly_current,rooms_stly_chg_030_day__transient_opaque,
dev_hotel_analytics,vw_pace_segment_change_by_period_current,rooms_stly_chg_030_day__transient_package,
dev_hotel_analytics,vw_pace_segment_change_by_period_monthly_current,rooms_stly_chg_030_day__transient_package,
dev_hotel_analytics,vw_pace_segment_change_by_period_current,rooms_stly_chg_030_day__transient_packages,
dev_hotel_analytics,vw_pace_segment_change_by_period_monthly_current,rooms_stly_chg_030_day__transient_packages,
dev_hotel_analytics,vw_pace_segment_change_by_period_current,rooms_stly_chg_030_day__transient_promotion,
dev_hotel_analytics,vw_pace_segment_change_by_period_monthly_current,rooms_stly_chg_030_day__transient_promotion,
dev_hotel_analytics,vw_pace_segment_change_by_period_current,rooms_stly_chg_030_day__transient_qualified,
dev_hotel_analytics,vw_pace_segment_change_by_period_monthly_current,rooms_stly_chg_030_day__transient_qualified,
dev_hotel_analytics,vw_pace_segment_change_by_period_current,rooms_stly_chg_030_day__transient_retail,
dev_hotel_analytics,vw_pace_segment_change_by_period_monthly_current,rooms_stly_chg_030_day__transient_retail,
dev_hotel_analytics,vw_pace_segment_change_by_period_current,rooms_stly_chg_030_day__transient_unqualified,
dev_hotel_analytics,vw_pace_segment_change_by_period_monthly_current,rooms_stly_chg_030_day__transient_unqualified,
dev_hotel_analytics,vw_pace_roomtype_change_by_period_current,rooms_stly_chg_030_day__two_queen_guestroom,The 30-day change in Two Queen Guestroom rooms on the books for the same period last year.
dev_hotel_analytics,vw_pace_roomtype_change_by_period_current,rooms_stly_chg_030_day__two_queen_guestroom_ada,The 30-day change in ADA-compliant Two Queen Guestroom rooms on the books for the same period last year.
dev_hotel_analytics,vw_pace_roomtype_change_by_period_current,rooms_stly_chg_060_day__commissioner_suite,The 60-day change in Commissioner Suite rooms on the books for the same period last year.
dev_hotel_analytics,vw_pace_segment_change_by_period_current,rooms_stly_chg_060_day__complimentary,
dev_hotel_analytics,vw_pace_segment_change_by_period_monthly_current,rooms_stly_chg_060_day__complimentary,
dev_hotel_analytics,vw_pace_roomtype_change_by_period_current,rooms_stly_chg_060_day__deluxe_king,The 60-day change in Deluxe King rooms on the books for the same period last year.
dev_hotel_analytics,vw_pace_roomtype_change_by_period_current,rooms_stly_chg_060_day__foundation_king,The 60-day change in Foundation King rooms on the books for the same period last year.
dev_hotel_analytics,vw_pace_roomtype_change_by_period_current,rooms_stly_chg_060_day__foundation_king_ada,The 60-day change in ADA-compliant Foundation King rooms on the books for the same period last year.
dev_hotel_analytics,vw_pace_roomtype_change_by_period_current,rooms_stly_chg_060_day__foundation_two_queen,The 60-day change in Foundation Two Queen rooms on the books for the same period last year.
dev_hotel_analytics,vw_pace_segment_change_by_period_current,rooms_stly_chg_060_day__group_association,
dev_hotel_analytics,vw_pace_segment_change_by_period_monthly_current,rooms_stly_chg_060_day__group_association,
dev_hotel_analytics,vw_pace_segment_change_by_period_current,rooms_stly_chg_060_day__group_citywide,
dev_hotel_analytics,vw_pace_segment_change_by_period_monthly_current,rooms_stly_chg_060_day__group_citywide,
dev_hotel_analytics,vw_pace_segment_change_by_period_current,rooms_stly_chg_060_day__group_corporate,
dev_hotel_analytics,vw_pace_segment_change_by_period_monthly_current,rooms_stly_chg_060_day__group_corporate,
dev_hotel_analytics,vw_pace_segment_change_by_period_current,rooms_stly_chg_060_day__group_entertainment,
dev_hotel_analytics,vw_pace_segment_change_by_period_monthly_current,rooms_stly_chg_060_day__group_entertainment,
dev_hotel_analytics,vw_pace_segment_change_by_period_current,rooms_stly_chg_060_day__group_government,
dev_hotel_analytics,vw_pace_segment_change_by_period_monthly_current,rooms_stly_chg_060_day__group_government,
dev_hotel_analytics,vw_pace_segment_change_by_period_current,rooms_stly_chg_060_day__group_smerf,
dev_hotel_analytics,vw_pace_segment_change_by_period_monthly_current,rooms_stly_chg_060_day__group_smerf,
dev_hotel_analytics,vw_pace_segment_change_by_period_current,rooms_stly_chg_060_day__group_social,
dev_hotel_analytics,vw_pace_segment_change_by_period_monthly_current,rooms_stly_chg_060_day__group_social,
dev_hotel_analytics,vw_pace_segment_change_by_period_current,rooms_stly_chg_060_day__group_tour,
dev_hotel_analytics,vw_pace_segment_change_by_period_monthly_current,rooms_stly_chg_060_day__group_tour,
dev_hotel_analytics,vw_pace_segment_change_by_period_current,rooms_stly_chg_060_day__group_wedding,
dev_hotel_analytics,vw_pace_segment_change_by_period_monthly_current,rooms_stly_chg_060_day__group_wedding,
dev_hotel_analytics,vw_pace_roomtype_change_by_period_current,rooms_stly_chg_060_day__junior_suite,The 60-day change in Junior Suite rooms on the books for the same period last year.
dev_hotel_analytics,vw_pace_roomtype_change_by_period_current,rooms_stly_chg_060_day__king_guestroom,The 60-day change in King Guestroom rooms on the books for the same period last year.
dev_hotel_analytics,vw_pace_roomtype_change_by_period_current,rooms_stly_chg_060_day__secretary_suite,The 60-day change in Secretary Suite rooms on the books for the same period last year.
dev_hotel_analytics,vw_pace_segment_change_by_period_current,rooms_stly_chg_060_day__transient_consortia,
dev_hotel_analytics,vw_pace_segment_change_by_period_monthly_current,rooms_stly_chg_060_day__transient_consortia,
dev_hotel_analytics,vw_pace_segment_change_by_period_current,rooms_stly_chg_060_day__transient_government,
dev_hotel_analytics,vw_pace_segment_change_by_period_monthly_current,rooms_stly_chg_060_day__transient_government,
dev_hotel_analytics,vw_pace_segment_change_by_period_current,rooms_stly_chg_060_day__transient_negotiated,
dev_hotel_analytics,vw_pace_segment_change_by_period_monthly_current,rooms_stly_chg_060_day__transient_negotiated,
dev_hotel_analytics,vw_pace_segment_change_by_period_current,rooms_stly_chg_060_day__transient_opaque,
dev_hotel_analytics,vw_pace_segment_change_by_period_monthly_current,rooms_stly_chg_060_day__transient_opaque,
dev_hotel_analytics,vw_pace_segment_change_by_period_current,rooms_stly_chg_060_day__transient_package,
dev_hotel_analytics,vw_pace_segment_change_by_period_monthly_current,rooms_stly_chg_060_day__transient_package,
dev_hotel_analytics,vw_pace_segment_change_by_period_current,rooms_stly_chg_060_day__transient_packages,
dev_hotel_analytics,vw_pace_segment_change_by_period_monthly_current,rooms_stly_chg_060_day__transient_packages,
dev_hotel_analytics,vw_pace_segment_change_by_period_current,rooms_stly_chg_060_day__transient_promotion,
dev_hotel_analytics,vw_pace_segment_change_by_period_monthly_current,rooms_stly_chg_060_day__transient_promotion,
dev_hotel_analytics,vw_pace_segment_change_by_period_current,rooms_stly_chg_060_day__transient_qualified,
dev_hotel_analytics,vw_pace_segment_change_by_period_monthly_current,rooms_stly_chg_060_day__transient_qualified,
dev_hotel_analytics,vw_pace_segment_change_by_period_current,rooms_stly_chg_060_day__transient_retail,
dev_hotel_analytics,vw_pace_segment_change_by_period_monthly_current,rooms_stly_chg_060_day__transient_retail,
dev_hotel_analytics,vw_pace_segment_change_by_period_current,rooms_stly_chg_060_day__transient_unqualified,
dev_hotel_analytics,vw_pace_segment_change_by_period_monthly_current,rooms_stly_chg_060_day__transient_unqualified,
dev_hotel_analytics,vw_pace_roomtype_change_by_period_current,rooms_stly_chg_060_day__two_queen_guestroom,The 60-day change in Two Queen Guestroom rooms on the books for the same period last year.
dev_hotel_analytics,vw_pace_roomtype_change_by_period_current,rooms_stly_chg_060_day__two_queen_guestroom_ada,The 60-day change in ADA-compliant Two Queen Guestroom rooms on the books for the same period last year.
dev_hotel_analytics,vw_pace_roomtype_change_by_period_current,rooms_stly_chg_090_day__commissioner_suite,The 90-day change in Commissioner Suite rooms on the books for the same period last year.
dev_hotel_analytics,vw_pace_segment_change_by_period_current,rooms_stly_chg_090_day__complimentary,
dev_hotel_analytics,vw_pace_segment_change_by_period_monthly_current,rooms_stly_chg_090_day__complimentary,
dev_hotel_analytics,vw_pace_roomtype_change_by_period_current,rooms_stly_chg_090_day__deluxe_king,The 90-day change in Deluxe King rooms on the books for the same period last year
dev_hotel_analytics,vw_pace_roomtype_change_by_period_current,rooms_stly_chg_090_day__foundation_king,
dev_hotel_analytics,vw_pace_roomtype_change_by_period_current,rooms_stly_chg_090_day__foundation_king_ada,
dev_hotel_analytics,vw_pace_roomtype_change_by_period_current,rooms_stly_chg_090_day__foundation_two_queen,
dev_hotel_analytics,vw_pace_segment_change_by_period_current,rooms_stly_chg_090_day__group_association,
dev_hotel_analytics,vw_pace_segment_change_by_period_monthly_current,rooms_stly_chg_090_day__group_association,
dev_hotel_analytics,vw_pace_segment_change_by_period_current,rooms_stly_chg_090_day__group_citywide,
dev_hotel_analytics,vw_pace_segment_change_by_period_monthly_current,rooms_stly_chg_090_day__group_citywide,
dev_hotel_analytics,vw_pace_segment_change_by_period_current,rooms_stly_chg_090_day__group_corporate,
dev_hotel_analytics,vw_pace_segment_change_by_period_monthly_current,rooms_stly_chg_090_day__group_corporate,
dev_hotel_analytics,vw_pace_segment_change_by_period_current,rooms_stly_chg_090_day__group_entertainment,
dev_hotel_analytics,vw_pace_segment_change_by_period_monthly_current,rooms_stly_chg_090_day__group_entertainment,
dev_hotel_analytics,vw_pace_segment_change_by_period_current,rooms_stly_chg_090_day__group_government,
dev_hotel_analytics,vw_pace_segment_change_by_period_monthly_current,rooms_stly_chg_090_day__group_government,
dev_hotel_analytics,vw_pace_segment_change_by_period_current,rooms_stly_chg_090_day__group_smerf,
dev_hotel_analytics,vw_pace_segment_change_by_period_monthly_current,rooms_stly_chg_090_day__group_smerf,
dev_hotel_analytics,vw_pace_segment_change_by_period_current,rooms_stly_chg_090_day__group_social,
dev_hotel_analytics,vw_pace_segment_change_by_period_monthly_current,rooms_stly_chg_090_day__group_social,
dev_hotel_analytics,vw_pace_segment_change_by_period_current,rooms_stly_chg_090_day__group_tour,
dev_hotel_analytics,vw_pace_segment_change_by_period_monthly_current,rooms_stly_chg_090_day__group_tour,
dev_hotel_analytics,vw_pace_segment_change_by_period_current,rooms_stly_chg_090_day__group_wedding,
dev_hotel_analytics,vw_pace_segment_change_by_period_monthly_current,rooms_stly_chg_090_day__group_wedding,
dev_hotel_analytics,vw_pace_roomtype_change_by_period_current,rooms_stly_chg_090_day__junior_suite,
dev_hotel_analytics,vw_pace_roomtype_change_by_period_current,rooms_stly_chg_090_day__king_guestroom,
dev_hotel_analytics,vw_pace_roomtype_change_by_period_current,rooms_stly_chg_090_day__secretary_suite,
dev_hotel_analytics,vw_pace_segment_change_by_period_current,rooms_stly_chg_090_day__transient_consortia,
dev_hotel_analytics,vw_pace_segment_change_by_period_monthly_current,rooms_stly_chg_090_day__transient_consortia,
dev_hotel_analytics,vw_pace_segment_change_by_period_current,rooms_stly_chg_090_day__transient_government,
dev_hotel_analytics,vw_pace_segment_change_by_period_monthly_current,rooms_stly_chg_090_day__transient_government,
dev_hotel_analytics,vw_pace_segment_change_by_period_current,rooms_stly_chg_090_day__transient_negotiated,
dev_hotel_analytics,vw_pace_segment_change_by_period_monthly_current,rooms_stly_chg_090_day__transient_negotiated,
dev_hotel_analytics,vw_pace_segment_change_by_period_current,rooms_stly_chg_090_day__transient_opaque,
dev_hotel_analytics,vw_pace_segment_change_by_period_monthly_current,rooms_stly_chg_090_day__transient_opaque,
dev_hotel_analytics,vw_pace_segment_change_by_period_current,rooms_stly_chg_090_day__transient_package,
dev_hotel_analytics,vw_pace_segment_change_by_period_monthly_current,rooms_stly_chg_090_day__transient_package,
dev_hotel_analytics,vw_pace_segment_change_by_period_current,rooms_stly_chg_090_day__transient_packages,
dev_hotel_analytics,vw_pace_segment_change_by_period_monthly_current,rooms_stly_chg_090_day__transient_packages,
dev_hotel_analytics,vw_pace_segment_change_by_period_current,rooms_stly_chg_090_day__transient_promotion,
dev_hotel_analytics,vw_pace_segment_change_by_period_monthly_current,rooms_stly_chg_090_day__transient_promotion,
dev_hotel_analytics,vw_pace_segment_change_by_period_current,rooms_stly_chg_090_day__transient_qualified,
dev_hotel_analytics,vw_pace_segment_change_by_period_monthly_current,rooms_stly_chg_090_day__transient_qualified,
dev_hotel_analytics,vw_pace_segment_change_by_period_current,rooms_stly_chg_090_day__transient_retail,
dev_hotel_analytics,vw_pace_segment_change_by_period_monthly_current,rooms_stly_chg_090_day__transient_retail,
dev_hotel_analytics,vw_pace_segment_change_by_period_current,rooms_stly_chg_090_day__transient_unqualified,
dev_hotel_analytics,vw_pace_segment_change_by_period_monthly_current,rooms_stly_chg_090_day__transient_unqualified,
dev_hotel_analytics,vw_pace_roomtype_change_by_period_current,rooms_stly_chg_090_day__two_queen_guestroom,
dev_hotel_analytics,vw_pace_roomtype_change_by_period_current,rooms_stly_chg_090_day__two_queen_guestroom_ada,
dev_hotel_analytics,vw_pace_roomtype_change_by_period_current,rooms_stly_chg_120_day__commissioner_suite,
dev_hotel_analytics,vw_pace_segment_change_by_period_current,rooms_stly_chg_120_day__complimentary,
dev_hotel_analytics,vw_pace_segment_change_by_period_monthly_current,rooms_stly_chg_120_day__complimentary,
dev_hotel_analytics,vw_pace_roomtype_change_by_period_current,rooms_stly_chg_120_day__deluxe_king,
dev_hotel_analytics,vw_pace_roomtype_change_by_period_current,rooms_stly_chg_120_day__foundation_king,
dev_hotel_analytics,vw_pace_roomtype_change_by_period_current,rooms_stly_chg_120_day__foundation_king_ada,
dev_hotel_analytics,vw_pace_roomtype_change_by_period_current,rooms_stly_chg_120_day__foundation_two_queen,
dev_hotel_analytics,vw_pace_segment_change_by_period_current,rooms_stly_chg_120_day__group_association,
dev_hotel_analytics,vw_pace_segment_change_by_period_monthly_current,rooms_stly_chg_120_day__group_association,
dev_hotel_analytics,vw_pace_segment_change_by_period_current,rooms_stly_chg_120_day__group_citywide,
dev_hotel_analytics,vw_pace_segment_change_by_period_monthly_current,rooms_stly_chg_120_day__group_citywide,
dev_hotel_analytics,vw_pace_segment_change_by_period_current,rooms_stly_chg_120_day__group_corporate,
dev_hotel_analytics,vw_pace_segment_change_by_period_monthly_current,rooms_stly_chg_120_day__group_corporate,
dev_hotel_analytics,vw_pace_segment_change_by_period_current,rooms_stly_chg_120_day__group_entertainment,
dev_hotel_analytics,vw_pace_segment_change_by_period_monthly_current,rooms_stly_chg_120_day__group_entertainment,
dev_hotel_analytics,vw_pace_segment_change_by_period_current,rooms_stly_chg_120_day__group_government,
dev_hotel_analytics,vw_pace_segment_change_by_period_monthly_current,rooms_stly_chg_120_day__group_government,
dev_hotel_analytics,vw_pace_segment_change_by_period_current,rooms_stly_chg_120_day__group_smerf,
dev_hotel_analytics,vw_pace_segment_change_by_period_monthly_current,rooms_stly_chg_120_day__group_smerf,
dev_hotel_analytics,vw_pace_segment_change_by_period_current,rooms_stly_chg_120_day__group_social,
dev_hotel_analytics,vw_pace_segment_change_by_period_monthly_current,rooms_stly_chg_120_day__group_social,
dev_hotel_analytics,vw_pace_segment_change_by_period_current,rooms_stly_chg_120_day__group_tour,
dev_hotel_analytics,vw_pace_segment_change_by_period_monthly_current,rooms_stly_chg_120_day__group_tour,
dev_hotel_analytics,vw_pace_segment_change_by_period_current,rooms_stly_chg_120_day__group_wedding,
dev_hotel_analytics,vw_pace_segment_change_by_period_monthly_current,rooms_stly_chg_120_day__group_wedding,
dev_hotel_analytics,vw_pace_roomtype_change_by_period_current,rooms_stly_chg_120_day__junior_suite,
dev_hotel_analytics,vw_pace_roomtype_change_by_period_current,rooms_stly_chg_120_day__king_guestroom,
dev_hotel_analytics,vw_pace_roomtype_change_by_period_current,rooms_stly_chg_120_day__secretary_suite,
dev_hotel_analytics,vw_pace_segment_change_by_period_current,rooms_stly_chg_120_day__transient_consortia,
dev_hotel_analytics,vw_pace_segment_change_by_period_monthly_current,rooms_stly_chg_120_day__transient_consortia,
dev_hotel_analytics,vw_pace_segment_change_by_period_current,rooms_stly_chg_120_day__transient_government,
dev_hotel_analytics,vw_pace_segment_change_by_period_monthly_current,rooms_stly_chg_120_day__transient_government,
dev_hotel_analytics,vw_pace_segment_change_by_period_current,rooms_stly_chg_120_day__transient_negotiated,
dev_hotel_analytics,vw_pace_segment_change_by_period_monthly_current,rooms_stly_chg_120_day__transient_negotiated,
dev_hotel_analytics,vw_pace_segment_change_by_period_current,rooms_stly_chg_120_day__transient_opaque,
dev_hotel_analytics,vw_pace_segment_change_by_period_monthly_current,rooms_stly_chg_120_day__transient_opaque,
dev_hotel_analytics,vw_pace_segment_change_by_period_current,rooms_stly_chg_120_day__transient_package,
dev_hotel_analytics,vw_pace_segment_change_by_period_monthly_current,rooms_stly_chg_120_day__transient_package,
dev_hotel_analytics,vw_pace_segment_change_by_period_current,rooms_stly_chg_120_day__transient_packages,
dev_hotel_analytics,vw_pace_segment_change_by_period_monthly_current,rooms_stly_chg_120_day__transient_packages,
dev_hotel_analytics,vw_pace_segment_change_by_period_current,rooms_stly_chg_120_day__transient_promotion,
dev_hotel_analytics,vw_pace_segment_change_by_period_monthly_current,rooms_stly_chg_120_day__transient_promotion,
dev_hotel_analytics,vw_pace_segment_change_by_period_current,rooms_stly_chg_120_day__transient_qualified,
dev_hotel_analytics,vw_pace_segment_change_by_period_monthly_current,rooms_stly_chg_120_day__transient_qualified,
dev_hotel_analytics,vw_pace_segment_change_by_period_current,rooms_stly_chg_120_day__transient_retail,
dev_hotel_analytics,vw_pace_segment_change_by_period_monthly_current,rooms_stly_chg_120_day__transient_retail,
dev_hotel_analytics,vw_pace_segment_change_by_period_current,rooms_stly_chg_120_day__transient_unqualified,
dev_hotel_analytics,vw_pace_segment_change_by_period_monthly_current,rooms_stly_chg_120_day__transient_unqualified,
dev_hotel_analytics,vw_pace_roomtype_change_by_period_current,rooms_stly_chg_120_day__two_queen_guestroom,
dev_hotel_analytics,vw_pace_roomtype_change_by_period_current,rooms_stly_chg_120_day__two_queen_guestroom_ada,
dev_hotel_analytics,vw_pace_roomtype,roomtype,The general classification of a room within a property.
dev_hotel_analytics,snap_pace_roomtype,roomtype,The specific type of room being tracked.
dev_hotel_analytics,vw_pace_roomtype_current,roomtype,
dev_hotel_analytics,dim_roomtype,roomtype,
dev_hotel_analytics,vw_pace_roomtype,roomtype_available_rooms,The number of available rooms for a specific room type.
dev_hotel_analytics,vw_pace_roomtype_current,roomtype_available_rooms,
dev_hotel_analytics,dim_roomtype,roomtype_available_rooms,
dev_hotel_analytics,vw_pace_roomtype,roomtype_category,The general category of a room type.
dev_hotel_analytics,vw_pace_roomtype_current,roomtype_category,
dev_hotel_analytics,dim_roomtype,roomtype_category,
dev_hotel_analytics,vw_pace_roomtype,roomtype_category_base,The base category of a room type.
dev_hotel_analytics,vw_pace_roomtype_current,roomtype_category_base,
dev_hotel_analytics,dim_roomtype,roomtype_category_base,
dev_hotel_analytics,vw_pace_roomtype,roomtype_category_code,The code for the category of a room type.
dev_hotel_analytics,vw_pace_roomtype_current,roomtype_category_code,
dev_hotel_analytics,dim_roomtype,roomtype_category_code,
dev_hotel_analytics,vw_pace_roomtype,roomtype_class,The classification of a room type.
dev_hotel_analytics,vw_pace_roomtype_current,roomtype_class,
dev_hotel_analytics,dim_roomtype,roomtype_class,
dev_hotel_analytics,vw_pace_roomtype,roomtype_code,The unique code for a specific room type.
dev_hotel_analytics,vw_pace_roomtype_current,roomtype_code,
dev_hotel_analytics,dim_roomtype,roomtype_code,
dev_hotel_analytics,dim_roomtype,roomtype_key,
dev_hotel_analytics,fact_competitor_rates,roomtype_label,"Source bucket: BAR, Lowest, or Lowest Flex"
dev_hotel_analytics,fact_competitor_rates,roomtype_name,
dev_hotel_analytics,vw_pace_roomtype,roomtype_sort,The sorting order for room types.
dev_hotel_analytics,vw_pace_roomtype_current,roomtype_sort,
dev_hotel_analytics,dim_roomtype,roomtype_sort,
dev_hotel_g4a,p_ga4_PagesAndScreens_281286275,screenPageViews,The number of app screens or web pages your users viewed. Repeated views of a single page or screen are counted. (screen_view + page_view events).
dev_hotel_g4a,ga4_PagesAndScreens_281286275,screenPageViews,
dev_hotel_g4a,ga4_Audiences_281286275,screenPageViewsPerSession,
dev_hotel_g4a,p_ga4_Audiences_281286275,screenPageViewsPerSession,The number of app screens or web pages your users viewed per session. Repeated views of a single page or screen are counted. (screen_view + page_view events) / sessions.
dev_hotel_g4a,p_ga4_PagesAndScreens_281286275,screenPageViewsPerUser,The number of app screens or web pages your users viewed per active user. Repeated views of a single page or screen are counted. (screen_view + page_view events) / active users.
dev_hotel_g4a,ga4_PagesAndScreens_281286275,screenPageViewsPerUser,
dev_hotel_g4a,ga4_TechDetails_281286275,screenResolution,
dev_hotel_g4a,p_ga4_TechDetails_281286275,screenResolution,"The screen resolution of the user's monitor. For example, 1920x1080."
dev_hotel_analytics,vw_demand_segment,segment,
dev_hotel_analytics,vw_pace_segment_change_by_period,segment,The general category or group to which a booking belongs.
dev_hotel_analytics,snap_pace_segment,segment,The market segment associated with the booking data.
dev_hotel_analytics,snap_demand_property,segment,"The market segment (e.g., Transient, Group, Contract). Note: This table name implies property-level data, so segment might be aggregated or specific use-case."
dev_hotel_analytics,snap_demand_segment,segment,"The market segment (e.g., Transient, Group, Contract)."
dev_hotel_analytics,stg_pace_segment,segment,
dev_hotel_analytics,demand_total_hotel_daily,segment,
dev_hotel_analytics,vw_pace_segment,segment,
dev_hotel_analytics,dim_segment_demand,segment,
dev_hotel_analytics,vw_pace_segment_current,segment,
dev_hotel_analytics,snap_demand_property_totals,segment,
dev_hotel_analytics,dim_segment,segment,
dev_hotel_analytics,vw_ml_feature_90d,segment,"Market segment (e.g., Corporate, Transient, Group)."
dev_hotel_forecast,fact_segment_daily,segment_class,
dev_hotel_forecast,dim_hotel_config,segment_class,
dev_hotel_forecast,fact_daily_weights,segment_class,
dev_hotel_analytics,vw_pace_segment_change_by_period,segment_code,The unique code for the booking segment.
dev_hotel_analytics,vw_pace_segment,segment_code,
dev_hotel_analytics,dim_segment_demand,segment_code,
dev_hotel_analytics,vw_pace_segment_current,segment_code,
dev_hotel_analytics,dim_segment,segment_code,
dev_hotel_analytics,vw_pace_segment_change_by_period,segment_group,The broader grouping for the booking segment.
dev_hotel_analytics,vw_pace_segment,segment_group,
dev_hotel_analytics,dim_segment_demand,segment_group,
dev_hotel_analytics,vw_pace_segment_current,segment_group,
dev_hotel_analytics,dim_segment,segment_group,
dev_hotel_analytics,vw_pace_segment_change_by_period,segment_group_code,The unique code for the segment group.
dev_hotel_analytics,vw_pace_segment,segment_group_code,
dev_hotel_analytics,dim_segment_demand,segment_group_code,
dev_hotel_analytics,vw_pace_segment_current,segment_group_code,
dev_hotel_analytics,dim_segment,segment_group_code,
dev_hotel_forecast,fact_segment_daily,segment_id,
dev_hotel_forecast,dim_hotel_config,segment_id,
dev_hotel_forecast,fact_daily_weights,segment_id,
dev_hotel_analytics,dim_segment_demand,segment_key,
dev_hotel_forecast,dim_hotel_config,segment_label,
dev_hotel_analytics,vw_pace_segment_change_by_period,segment_sort,A numerical value used for sorting the segments.
dev_hotel_analytics,vw_pace_segment,segment_sort,
dev_hotel_analytics,dim_segment_demand,segment_sort,
dev_hotel_analytics,vw_pace_segment_current,segment_sort,
dev_hotel_analytics,dim_segment,segment_sort,
dev_hotel_costar,DayStar,sent_to_big_query,Sent to big query
dev_hotel_sales,sertifisem__DataMap__c,sertifisem__CopyFrom__c,
dev_hotel_sales,sertifisem__DataMap__c,sertifisem__CopyTo__c,
dev_hotel_sales,sertifisem__DataMapItem__c,sertifisem__DataMap__c,
dev_hotel_sales,sertifisem__DataMapItem__c,sertifisem__From__c,
dev_hotel_sales,sertifisem__DataMapItem__c,sertifisem__To__c,
dev_hotel_g4a,p_ga4_TrafficAcquisition_281286275,sessionCampaignName,"The marketing campaign name for a session. Includes Google Ads Campaigns, Manual Campaigns, & other Campaigns."
dev_hotel_g4a,ga4_TrafficAcquisition_281286275,sessionCampaignName,
dev_hotel_g4a,p_ga4_TrafficAcquisition_281286275,sessionDefaultChannelGroup,"The session's default channel group is based primarily on source and medium. An enumeration which includes Direct, Organic Search, Paid Social, Organic Social, Email, Affiliates, Referral, Paid Search, Video, and Display."
dev_hotel_g4a,ga4_TrafficAcquisition_281286275,sessionDefaultChannelGroup,
dev_hotel_g4a,ga4_LandingPage_281286275,sessionKeyEventRate,
dev_hotel_g4a,p_ga4_TrafficAcquisition_281286275,sessionKeyEventRate,The percentage of sessions in which any key event was triggered.
dev_hotel_g4a,p_ga4_LandingPage_281286275,sessionKeyEventRate,The percentage of sessions in which any key event was triggered.
dev_hotel_g4a,ga4_TrafficAcquisition_281286275,sessionKeyEventRate,
dev_hotel_g4a,p_ga4_TrafficAcquisition_281286275,sessionMedium,The medium that initiated a session on your website or app.
dev_hotel_g4a,ga4_TrafficAcquisition_281286275,sessionMedium,
dev_hotel_g4a,p_ga4_TrafficAcquisition_281286275,sessionPrimaryChannelGroup,The primary channel group that led to the session. Primary channel groups are the channel groups used in standard reports in Google Analytics and serve as an active record of your property's data in alignment with channel grouping over time.
dev_hotel_g4a,ga4_TrafficAcquisition_281286275,sessionPrimaryChannelGroup,
dev_hotel_g4a,p_ga4_TrafficAcquisition_281286275,sessionSource,The source that initiated a session on your website or app.
dev_hotel_g4a,ga4_TrafficAcquisition_281286275,sessionSource,
dev_hotel_g4a,p_ga4_TrafficAcquisition_281286275,sessionSourceMedium,The combined values of the dimensions sessionSource and sessionMedium.
dev_hotel_g4a,ga4_TrafficAcquisition_281286275,sessionSourceMedium,
dev_hotel_g4a,p_ga4_TrafficAcquisition_281286275,sessionSourcePlatform,The source platform of the session's campaign. Don't depend on this field returning Manual for traffic that uses UTMs; this field will update from returning Manual to returning (not set) for an upcoming feature launch.
dev_hotel_g4a,ga4_TrafficAcquisition_281286275,sessionSourcePlatform,
dev_hotel_g4a,ga4_LandingPage_281286275,sessions,
dev_hotel_g4a,p_ga4_TrafficAcquisition_281286275,sessions,The number of sessions that began on your site or app (event triggered: session_start).
dev_hotel_g4a,p_ga4_LandingPage_281286275,sessions,The number of sessions that began on your site or app (event triggered: session_start).
dev_hotel_g4a,ga4_TrafficAcquisition_281286275,sessions,
dev_hotel_g4a,ga4_Audiences_281286275,sessions,
dev_hotel_g4a,p_ga4_Audiences_281286275,sessions,The number of sessions that began on your site or app (event triggered: session_start).
dev_hotel_analytics,fct_pacing_all_windows,snapshot_date,
dev_hotel_analytics,vw_demand_segment,snapshot_date,
dev_hotel_analytics,vw_pace_segment_change_by_period,snapshot_date,The date when the data snapshot was taken.
dev_hotel_analytics,vw_pace_segment_monthly_current,snapshot_date,
dev_hotel_analytics,snap_pace_segment,snapshot_date,The date when the booking data was recorded.
dev_hotel_analytics,snap_demand_property,snapshot_date,The date when the report was generated or data was snapshotted.
dev_hotel_analytics,snap_demand_segment,snapshot_date,The date when the report was generated or data was snapshotted.
dev_hotel_analytics,vw_pace_roomtype,snapshot_date,The date when the data snapshot was taken.
dev_hotel_analytics,snap_pace_roomtype,snapshot_date,The date when the data snapshot was taken.
dev_hotel_analytics,snap_demand_channel,snapshot_date,The date when the report was generated or data was snapshotted.
dev_hotel_analytics,vw_pace_roomtype_change_by_period_current,snapshot_date,The date on which the data snapshot was taken.
dev_hotel_analytics,demand_channel_mix_daily,snapshot_date,
dev_hotel_analytics,vw_pace_roomtype_current,snapshot_date,
dev_hotel_analytics,stg_pace_segment,snapshot_date,
dev_hotel_analytics,vw_pace_segment_change_by_period_current,snapshot_date,
dev_hotel_analytics,demand_total_hotel_daily,snapshot_date,
dev_hotel_analytics,vw_pace_segment,snapshot_date,
dev_hotel_analytics,vw_pace_segment_current,snapshot_date,
dev_hotel_analytics,snap_demand_property_totals,snapshot_date,
dev_hotel_analytics,demand_segment_mix_daily,snapshot_date,
dev_hotel_analytics,vw_ml_feature_90d,snapshot_date,The date the data was recorded (used to calculate pace).
dev_hotel_analytics,snap_pace_property,snapshot_date,
dev_hotel_analytics,vw_pace_property,snapshot_date,The date when the data snapshot was taken.
dev_hotel_analytics,vw_pace_segment_monthly,snapshot_date,The date when the data snapshot was taken.
dev_hotel_analytics,vw_pace_property_current,snapshot_date,The date when this data snapshot was taken.
dev_hotel_analytics,vw_pace_segment_change_by_period_monthly_current,snapshot_date,
dev_hotel_analytics,vw_demand_channel,snapshot_date,
dev_hotel_analytics,dim_source,source,
dev_hotel_analytics,dim_channel_demand,source,
dev_hotel_analytics,dim_source,source_code,
dev_hotel_analytics,dim_channel_demand,source_code,
dev_hotel_analytics,dim_channel_demand,source_group,
dev_hotel_analytics,dim_channel_demand,source_group_code,
dev_hotel_analytics,dim_source,source_sort,
dev_hotel_analytics,snap_pace_property,special_events,
dev_hotel_analytics,vw_pace_property,special_events,Information about special events occurring on the stay date.
dev_hotel_analytics,vw_pace_property_current,special_events,Information about special events occurring on the stay date.
dev_hotel_analytics,snap_pace_property,special_events_ly,
dev_hotel_analytics,vw_pace_property,special_events_ly,Information about special events occurring on the stay date in the previous year.
dev_hotel_analytics,vw_pace_property_current,special_events_ly,Information about special events occurring on the same stay date in the previous year.
dev_hotel_analytics,dim_events,start_date,
dev_hotel_costar,CompsetData,state,
dev_hotel_costar,metrics_fact_costar,state,The state where the property is located.
dev_hotel_forecast,fact_segment_daily,status,
dev_hotel_costar,MonthlyStar,stay_date,Consumed Stay Date %m-%d-%y
dev_hotel_costar,DayStar,stay_date,Filters the information and consumed revenue and other metrics based on the guest's stay dates.
dev_hotel_analytics,fct_pacing_all_windows,stay_date,
dev_hotel_analytics,vw_pace_segment_change_by_period,stay_date,The date for which the booking or revenue data is recorded.
dev_hotel_analytics,vw_pace_segment_monthly_current,stay_date,
dev_hotel_analytics,snap_pace_segment,stay_date,The date for which the booking and revenue data applies.
dev_hotel_analytics,snap_demand_property,stay_date,The stay date or 'day' for which the metrics apply.
dev_hotel_analytics,snap_demand_segment,stay_date,The stay date or 'day' for which the metrics apply.
dev_hotel_analytics,vw_pace_roomtype,stay_date,The date for which the room and revenue data is recorded.
dev_hotel_analytics,snap_pace_roomtype,stay_date,The date for which the room and revenue data applies.
dev_hotel_analytics,snap_demand_channel,stay_date,The stay date or 'day' for which the metrics apply.
dev_hotel_analytics,vw_pace_roomtype_change_by_period_current,stay_date,The specific date for which the stay data is relevant.
dev_hotel_analytics,vw_pace_roomtype_current,stay_date,
dev_hotel_analytics,stg_pace_segment,stay_date,
dev_hotel_analytics,vw_pace_segment_change_by_period_current,stay_date,
dev_hotel_analytics,demand_total_hotel_daily,stay_date,
dev_hotel_analytics,vw_pace_segment,stay_date,
dev_hotel_analytics,vw_pace_segment_current,stay_date,
dev_hotel_analytics,vw_ml_feature_90d,stay_date,The date of the guest stay.
dev_hotel_analytics,snap_pace_property,stay_date,
dev_hotel_analytics,vw_pace_property,stay_date,The date for which the hotel stay information is recorded.
dev_hotel_analytics,vw_pace_segment_monthly,stay_date,The specific date for which the stay data is relevant.
dev_hotel_analytics,vw_pace_property_current,stay_date,The specific date for which the data is recorded.
dev_hotel_analytics,vw_pace_segment_change_by_period_monthly_current,stay_date,
dev_hotel_costar,MonthlyStar,stay_date_py,Consumed Stay Date Prior Year %m-%d-%y
dev_hotel_costar,DayStar,stay_date_py,Filters the information and consumed revenue and other metrics based on the guest's stay dates.
dev_hotel_costar,MonthlyStar,stay_date_text,%m-%d-%E4Y
dev_hotel_costar,DayStar,stay_date_text,Filters the information and consumed revenue and other metrics based on the guest's stay dates.
dev_hotel_costar,MonthlyStar,stay_date_text_py,%m-%d-%E4Y
dev_hotel_costar,DayStar,stay_date_text_py,Filters the information and consumed revenue and other metrics based on the guest's stay dates.
dev_hotel_analytics,vw_ml_feature_90d,stay_dow,"Day of week (1=Sun, 7=Sat) to capture day-of-week demand patterns."
dev_hotel_analytics,fct_pacing_all_windows,stay_month,
dev_hotel_analytics,vw_pace_segment_monthly_current,stay_month,
dev_hotel_analytics,vw_pace_roomtype_change_by_period_current,stay_month,The month for which the stay data is relevant.
dev_hotel_analytics,vw_pace_segment_change_by_period_current,stay_month,
dev_hotel_analytics,vw_ml_feature_90d,stay_month,The month of arrival (1-12) to capture seasonality.
dev_hotel_analytics,vw_pace_segment_monthly,stay_month,The month for which the stay data is relevant.
dev_hotel_analytics,vw_pace_segment_change_by_period_monthly_current,stay_month,
dev_hotel_costar,metrics_fact_costar,str_id,An identifier associated with a property's census data.
dev_hotel_analytics,dim_source,subsource,
dev_hotel_analytics,dim_source,subsource_code,
dev_hotel_forecast,dim_segment_mapping,target_segment_class,
dev_hotel_forecast,dim_segment_mapping,target_segment_id,
dev_hotel_g4a,p_ga4_DemographicDetails_281286275,totalRevenue,"The sum of revenue from purchases, subscriptions, and advertising (Purchase revenue plus Subscription revenue plus Ad revenue) minus refunded transaction revenue."
dev_hotel_g4a,ga4_Events_281286275,totalRevenue,
dev_hotel_g4a,ga4_LandingPage_281286275,totalRevenue,
dev_hotel_g4a,ga4_TechDetails_281286275,totalRevenue,
dev_hotel_g4a,ga4_UserAcquisition_281286275,totalRevenue,
dev_hotel_g4a,ga4_DemographicDetails_281286275,totalRevenue,
dev_hotel_g4a,p_ga4_UserAcquisition_281286275,totalRevenue,"The sum of revenue from purchases, subscriptions, and advertising (Purchase revenue plus Subscription revenue plus Ad revenue) minus refunded transaction revenue."
dev_hotel_g4a,p_ga4_Events_281286275,totalRevenue,"The sum of revenue from purchases, subscriptions, and advertising (Purchase revenue plus Subscription revenue plus Ad revenue) minus refunded transaction revenue."
dev_hotel_g4a,p_ga4_TrafficAcquisition_281286275,totalRevenue,"The sum of revenue from purchases, subscriptions, and advertising (Purchase revenue plus Subscription revenue plus Ad revenue) minus refunded transaction revenue."
dev_hotel_g4a,p_ga4_LandingPage_281286275,totalRevenue,"The sum of revenue from purchases, subscriptions, and advertising (Purchase revenue plus Subscription revenue plus Ad revenue) minus refunded transaction revenue."
dev_hotel_g4a,p_ga4_PagesAndScreens_281286275,totalRevenue,"The sum of revenue from purchases, subscriptions, and advertising (Purchase revenue plus Subscription revenue plus Ad revenue) minus refunded transaction revenue."
dev_hotel_g4a,ga4_TrafficAcquisition_281286275,totalRevenue,
dev_hotel_g4a,ga4_Audiences_281286275,totalRevenue,
dev_hotel_g4a,ga4_PagesAndScreens_281286275,totalRevenue,
dev_hotel_g4a,p_ga4_TechDetails_281286275,totalRevenue,"The sum of revenue from purchases, subscriptions, and advertising (Purchase revenue plus Subscription revenue plus Ad revenue) minus refunded transaction revenue."
dev_hotel_g4a,p_ga4_Audiences_281286275,totalRevenue,"The sum of revenue from purchases, subscriptions, and advertising (Purchase revenue plus Subscription revenue plus Ad revenue) minus refunded transaction revenue."
dev_hotel_g4a,ga4_Events_281286275,totalUsers,
dev_hotel_g4a,ga4_UserAcquisition_281286275,totalUsers,
dev_hotel_g4a,p_ga4_UserAcquisition_281286275,totalUsers,"The number of distinct users who have logged at least one event, regardless of whether the site or app was in use when that event was logged."
dev_hotel_g4a,p_ga4_Events_281286275,totalUsers,"The number of distinct users who have logged at least one event, regardless of whether the site or app was in use when that event was logged."
dev_hotel_g4a,ga4_Audiences_281286275,totalUsers,
dev_hotel_g4a,p_ga4_Audiences_281286275,totalUsers,"The number of distinct users who have logged at least one event, regardless of whether the site or app was in use when that event was logged."
dev_hotel_analytics,snap_pace_property,total_demand_group,
dev_hotel_analytics,vw_pace_property,total_demand_group,The number of rooms demanded by groups.
dev_hotel_analytics,vw_pace_property_current,total_demand_group,The projected demand for rooms from group bookings on the stay date.
dev_hotel_analytics,snap_pace_property,total_demand_group_ly_actual,
dev_hotel_analytics,vw_pace_property,total_demand_group_ly_actual,The actual number of rooms demanded by groups in the previous year.
dev_hotel_analytics,vw_pace_property_current,total_demand_group_ly_actual,The actual demand for rooms from group bookings on the same stay date in the previous year.
dev_hotel_analytics,snap_pace_property,total_demand_total,
dev_hotel_analytics,vw_pace_property,total_demand_total,The total number of rooms demanded.
dev_hotel_analytics,vw_pace_property_current,total_demand_total,The total projected demand for rooms on the stay date.
dev_hotel_analytics,snap_pace_property,total_demand_total_ly_actual,
dev_hotel_analytics,vw_pace_property,total_demand_total_ly_actual,The actual total number of rooms demanded in the previous year.
dev_hotel_analytics,vw_pace_property_current,total_demand_total_ly_actual,The actual total demand for rooms on the same stay date in the previous year.
dev_hotel_analytics,snap_pace_property,total_demand_transient,
dev_hotel_analytics,vw_pace_property,total_demand_transient,The number of rooms demanded by transient guests.
dev_hotel_analytics,vw_pace_property_current,total_demand_transient,The projected demand for rooms from transient (individual) bookings on the stay date.
dev_hotel_analytics,snap_pace_property,total_demand_transient_ly_actual,
dev_hotel_analytics,vw_pace_property,total_demand_transient_ly_actual,The actual number of rooms demanded by transient guests in the previous year.
dev_hotel_analytics,vw_pace_property_current,total_demand_transient_ly_actual,The actual demand for rooms from transient (individual) bookings on the same stay date in the previous year.
dev_hotel_g4a,p_ga4_PagesAndScreens_281286275,unifiedPagePathScreen,The page path (web) or screen class (app) on which the event was logged.
dev_hotel_g4a,ga4_PagesAndScreens_281286275,unifiedPagePathScreen,
dev_hotel_g4a,p_ga4_PagesAndScreens_281286275,unifiedScreenClass,The page title (web) or screen class (app) on which the event was logged.
dev_hotel_g4a,ga4_PagesAndScreens_281286275,unifiedScreenClass,
dev_hotel_g4a,p_ga4_PagesAndScreens_281286275,unifiedScreenName,The page title (web) or screen name (app) on which the event was logged.
dev_hotel_g4a,ga4_PagesAndScreens_281286275,unifiedScreenName,
dev_hotel_forecast,fact_segment_daily,updated_at,
dev_hotel_forecast,dim_segment_mapping,updated_at,
dev_hotel_forecast,dim_segment_mapping,updated_by,
dev_hotel_g4a,p_ga4_DemographicDetails_281286275,userAgeBracket,User age brackets.
dev_hotel_g4a,ga4_DemographicDetails_281286275,userAgeBracket,
dev_hotel_g4a,p_ga4_DemographicDetails_281286275,userEngagementDuration,The total amount of time (in seconds) your website or app was in the foreground of users` devices.
dev_hotel_g4a,ga4_TechDetails_281286275,userEngagementDuration,
dev_hotel_g4a,ga4_UserAcquisition_281286275,userEngagementDuration,
dev_hotel_g4a,ga4_DemographicDetails_281286275,userEngagementDuration,
dev_hotel_g4a,p_ga4_UserAcquisition_281286275,userEngagementDuration,The total amount of time (in seconds) your website or app was in the foreground of users` devices.
dev_hotel_g4a,p_ga4_PagesAndScreens_281286275,userEngagementDuration,The total amount of time (in seconds) your website or app was in the foreground of users` devices.
dev_hotel_g4a,ga4_PagesAndScreens_281286275,userEngagementDuration,
dev_hotel_g4a,p_ga4_TechDetails_281286275,userEngagementDuration,The total amount of time (in seconds) your website or app was in the foreground of users` devices.
dev_hotel_g4a,ga4_LandingPage_281286275,userEngagementDurationPerSession,
dev_hotel_g4a,p_ga4_TrafficAcquisition_281286275,userEngagementDurationPerSession,Average engagement time per session
dev_hotel_g4a,p_ga4_LandingPage_281286275,userEngagementDurationPerSession,Average engagement time per session
dev_hotel_g4a,ga4_TrafficAcquisition_281286275,userEngagementDurationPerSession,
dev_hotel_g4a,p_ga4_DemographicDetails_281286275,userGender,User gender.
dev_hotel_g4a,ga4_DemographicDetails_281286275,userGender,
dev_hotel_g4a,p_ga4_DemographicDetails_281286275,userKeyEventRate,The percentage of users who triggered any key event.
dev_hotel_g4a,ga4_UserAcquisition_281286275,userKeyEventRate,
dev_hotel_g4a,ga4_DemographicDetails_281286275,userKeyEventRate,
dev_hotel_g4a,p_ga4_UserAcquisition_281286275,userKeyEventRate,The percentage of users who triggered any key event.
dev_hotel_analytics,fct_pacing_all_windows,v_chg_14_complimentary,
dev_hotel_analytics,fct_pacing_all_windows,v_chg_14_group_association,
dev_hotel_analytics,fct_pacing_all_windows,v_chg_14_group_citywide,
dev_hotel_analytics,fct_pacing_all_windows,v_chg_14_group_corporate,
dev_hotel_analytics,fct_pacing_all_windows,v_chg_14_group_entertainment,
dev_hotel_analytics,fct_pacing_all_windows,v_chg_14_group_government,
dev_hotel_analytics,fct_pacing_all_windows,v_chg_14_group_smerf,
dev_hotel_analytics,fct_pacing_all_windows,v_chg_14_group_social,
dev_hotel_analytics,fct_pacing_all_windows,v_chg_14_group_tour,
dev_hotel_analytics,fct_pacing_all_windows,v_chg_14_group_wedding,
dev_hotel_analytics,fct_pacing_all_windows,v_chg_14_transient_consortia,
dev_hotel_analytics,fct_pacing_all_windows,v_chg_14_transient_government,
dev_hotel_analytics,fct_pacing_all_windows,v_chg_14_transient_negotiated,
dev_hotel_analytics,fct_pacing_all_windows,v_chg_14_transient_opaque,
dev_hotel_analytics,fct_pacing_all_windows,v_chg_14_transient_package,
dev_hotel_analytics,fct_pacing_all_windows,v_chg_14_transient_packages,
dev_hotel_analytics,fct_pacing_all_windows,v_chg_14_transient_promotion,
dev_hotel_analytics,fct_pacing_all_windows,v_chg_14_transient_qualified,
dev_hotel_analytics,fct_pacing_all_windows,v_chg_14_transient_retail,
dev_hotel_analytics,fct_pacing_all_windows,v_chg_14_transient_unqualified,
dev_hotel_analytics,fct_pacing_all_windows,v_chg_1_complimentary,
dev_hotel_analytics,fct_pacing_all_windows,v_chg_1_group_association,
dev_hotel_analytics,fct_pacing_all_windows,v_chg_1_group_citywide,
dev_hotel_analytics,fct_pacing_all_windows,v_chg_1_group_corporate,
dev_hotel_analytics,fct_pacing_all_windows,v_chg_1_group_entertainment,
dev_hotel_analytics,fct_pacing_all_windows,v_chg_1_group_government,
dev_hotel_analytics,fct_pacing_all_windows,v_chg_1_group_smerf,
dev_hotel_analytics,fct_pacing_all_windows,v_chg_1_group_social,
dev_hotel_analytics,fct_pacing_all_windows,v_chg_1_group_tour,
dev_hotel_analytics,fct_pacing_all_windows,v_chg_1_group_wedding,
dev_hotel_analytics,fct_pacing_all_windows,v_chg_1_transient_consortia,
dev_hotel_analytics,fct_pacing_all_windows,v_chg_1_transient_government,
dev_hotel_analytics,fct_pacing_all_windows,v_chg_1_transient_negotiated,
dev_hotel_analytics,fct_pacing_all_windows,v_chg_1_transient_opaque,
dev_hotel_analytics,fct_pacing_all_windows,v_chg_1_transient_package,
dev_hotel_analytics,fct_pacing_all_windows,v_chg_1_transient_packages,
dev_hotel_analytics,fct_pacing_all_windows,v_chg_1_transient_promotion,
dev_hotel_analytics,fct_pacing_all_windows,v_chg_1_transient_qualified,
dev_hotel_analytics,fct_pacing_all_windows,v_chg_1_transient_retail,
dev_hotel_analytics,fct_pacing_all_windows,v_chg_1_transient_unqualified,
dev_hotel_analytics,fct_pacing_all_windows,v_chg_21_complimentary,
dev_hotel_analytics,fct_pacing_all_windows,v_chg_21_group_association,
dev_hotel_analytics,fct_pacing_all_windows,v_chg_21_group_citywide,
dev_hotel_analytics,fct_pacing_all_windows,v_chg_21_group_corporate,
dev_hotel_analytics,fct_pacing_all_windows,v_chg_21_group_entertainment,
dev_hotel_analytics,fct_pacing_all_windows,v_chg_21_group_government,
dev_hotel_analytics,fct_pacing_all_windows,v_chg_21_group_smerf,
dev_hotel_analytics,fct_pacing_all_windows,v_chg_21_group_social,
dev_hotel_analytics,fct_pacing_all_windows,v_chg_21_group_tour,
dev_hotel_analytics,fct_pacing_all_windows,v_chg_21_group_wedding,
dev_hotel_analytics,fct_pacing_all_windows,v_chg_21_transient_consortia,
dev_hotel_analytics,fct_pacing_all_windows,v_chg_21_transient_government,
dev_hotel_analytics,fct_pacing_all_windows,v_chg_21_transient_negotiated,
dev_hotel_analytics,fct_pacing_all_windows,v_chg_21_transient_opaque,
dev_hotel_analytics,fct_pacing_all_windows,v_chg_21_transient_package,
dev_hotel_analytics,fct_pacing_all_windows,v_chg_21_transient_packages,
dev_hotel_analytics,fct_pacing_all_windows,v_chg_21_transient_promotion,
dev_hotel_analytics,fct_pacing_all_windows,v_chg_21_transient_qualified,
dev_hotel_analytics,fct_pacing_all_windows,v_chg_21_transient_retail,
dev_hotel_analytics,fct_pacing_all_windows,v_chg_21_transient_unqualified,
dev_hotel_analytics,fct_pacing_all_windows,v_chg_30_complimentary,
dev_hotel_analytics,fct_pacing_all_windows,v_chg_30_group_association,
dev_hotel_analytics,fct_pacing_all_windows,v_chg_30_group_citywide,
dev_hotel_analytics,fct_pacing_all_windows,v_chg_30_group_corporate,
dev_hotel_analytics,fct_pacing_all_windows,v_chg_30_group_entertainment,
dev_hotel_analytics,fct_pacing_all_windows,v_chg_30_group_government,
dev_hotel_analytics,fct_pacing_all_windows,v_chg_30_group_smerf,
dev_hotel_analytics,fct_pacing_all_windows,v_chg_30_group_social,
dev_hotel_analytics,fct_pacing_all_windows,v_chg_30_group_tour,
dev_hotel_analytics,fct_pacing_all_windows,v_chg_30_group_wedding,
dev_hotel_analytics,fct_pacing_all_windows,v_chg_30_transient_consortia,
dev_hotel_analytics,fct_pacing_all_windows,v_chg_30_transient_government,
dev_hotel_analytics,fct_pacing_all_windows,v_chg_30_transient_negotiated,
dev_hotel_analytics,fct_pacing_all_windows,v_chg_30_transient_opaque,
dev_hotel_analytics,fct_pacing_all_windows,v_chg_30_transient_package,
dev_hotel_analytics,fct_pacing_all_windows,v_chg_30_transient_packages,
dev_hotel_analytics,fct_pacing_all_windows,v_chg_30_transient_promotion,
dev_hotel_analytics,fct_pacing_all_windows,v_chg_30_transient_qualified,
dev_hotel_analytics,fct_pacing_all_windows,v_chg_30_transient_retail,
dev_hotel_analytics,fct_pacing_all_windows,v_chg_30_transient_unqualified,
dev_hotel_analytics,fct_pacing_all_windows,v_chg_3_complimentary,
dev_hotel_analytics,fct_pacing_all_windows,v_chg_3_group_association,
dev_hotel_analytics,fct_pacing_all_windows,v_chg_3_group_citywide,
dev_hotel_analytics,fct_pacing_all_windows,v_chg_3_group_corporate,
dev_hotel_analytics,fct_pacing_all_windows,v_chg_3_group_entertainment,
dev_hotel_analytics,fct_pacing_all_windows,v_chg_3_group_government,
dev_hotel_analytics,fct_pacing_all_windows,v_chg_3_group_smerf,
dev_hotel_analytics,fct_pacing_all_windows,v_chg_3_group_social,
dev_hotel_analytics,fct_pacing_all_windows,v_chg_3_group_tour,
dev_hotel_analytics,fct_pacing_all_windows,v_chg_3_group_wedding,
dev_hotel_analytics,fct_pacing_all_windows,v_chg_3_transient_consortia,
dev_hotel_analytics,fct_pacing_all_windows,v_chg_3_transient_government,
dev_hotel_analytics,fct_pacing_all_windows,v_chg_3_transient_negotiated,
dev_hotel_analytics,fct_pacing_all_windows,v_chg_3_transient_opaque,
dev_hotel_analytics,fct_pacing_all_windows,v_chg_3_transient_package,
dev_hotel_analytics,fct_pacing_all_windows,v_chg_3_transient_packages,
dev_hotel_analytics,fct_pacing_all_windows,v_chg_3_transient_promotion,
dev_hotel_analytics,fct_pacing_all_windows,v_chg_3_transient_qualified,
dev_hotel_analytics,fct_pacing_all_windows,v_chg_3_transient_retail,
dev_hotel_analytics,fct_pacing_all_windows,v_chg_3_transient_unqualified,
dev_hotel_analytics,fct_pacing_all_windows,v_chg_60_complimentary,
dev_hotel_analytics,fct_pacing_all_windows,v_chg_60_group_association,
dev_hotel_analytics,fct_pacing_all_windows,v_chg_60_group_citywide,
dev_hotel_analytics,fct_pacing_all_windows,v_chg_60_group_corporate,
dev_hotel_analytics,fct_pacing_all_windows,v_chg_60_group_entertainment,
dev_hotel_analytics,fct_pacing_all_windows,v_chg_60_group_government,
dev_hotel_analytics,fct_pacing_all_windows,v_chg_60_group_smerf,
dev_hotel_analytics,fct_pacing_all_windows,v_chg_60_group_social,
dev_hotel_analytics,fct_pacing_all_windows,v_chg_60_group_tour,
dev_hotel_analytics,fct_pacing_all_windows,v_chg_60_group_wedding,
dev_hotel_analytics,fct_pacing_all_windows,v_chg_60_transient_consortia,
dev_hotel_analytics,fct_pacing_all_windows,v_chg_60_transient_government,
dev_hotel_analytics,fct_pacing_all_windows,v_chg_60_transient_negotiated,
dev_hotel_analytics,fct_pacing_all_windows,v_chg_60_transient_opaque,
dev_hotel_analytics,fct_pacing_all_windows,v_chg_60_transient_package,
dev_hotel_analytics,fct_pacing_all_windows,v_chg_60_transient_packages,
dev_hotel_analytics,fct_pacing_all_windows,v_chg_60_transient_promotion,
dev_hotel_analytics,fct_pacing_all_windows,v_chg_60_transient_qualified,
dev_hotel_analytics,fct_pacing_all_windows,v_chg_60_transient_retail,
dev_hotel_analytics,fct_pacing_all_windows,v_chg_60_transient_unqualified,
dev_hotel_analytics,fct_pacing_all_windows,v_chg_7_complimentary,
dev_hotel_analytics,fct_pacing_all_windows,v_chg_7_group_association,
dev_hotel_analytics,fct_pacing_all_windows,v_chg_7_group_citywide,
dev_hotel_analytics,fct_pacing_all_windows,v_chg_7_group_corporate,
dev_hotel_analytics,fct_pacing_all_windows,v_chg_7_group_entertainment,
dev_hotel_analytics,fct_pacing_all_windows,v_chg_7_group_government,
dev_hotel_analytics,fct_pacing_all_windows,v_chg_7_group_smerf,
dev_hotel_analytics,fct_pacing_all_windows,v_chg_7_group_social,
dev_hotel_analytics,fct_pacing_all_windows,v_chg_7_group_tour,
dev_hotel_analytics,fct_pacing_all_windows,v_chg_7_group_wedding,
dev_hotel_analytics,fct_pacing_all_windows,v_chg_7_transient_consortia,
dev_hotel_analytics,fct_pacing_all_windows,v_chg_7_transient_government,
dev_hotel_analytics,fct_pacing_all_windows,v_chg_7_transient_negotiated,
dev_hotel_analytics,fct_pacing_all_windows,v_chg_7_transient_opaque,
dev_hotel_analytics,fct_pacing_all_windows,v_chg_7_transient_package,
dev_hotel_analytics,fct_pacing_all_windows,v_chg_7_transient_packages,
dev_hotel_analytics,fct_pacing_all_windows,v_chg_7_transient_promotion,
dev_hotel_analytics,fct_pacing_all_windows,v_chg_7_transient_qualified,
dev_hotel_analytics,fct_pacing_all_windows,v_chg_7_transient_retail,
dev_hotel_analytics,fct_pacing_all_windows,v_chg_7_transient_unqualified,
dev_hotel_analytics,fct_pacing_all_windows,v_chg_90_complimentary,
dev_hotel_analytics,fct_pacing_all_windows,v_chg_90_group_association,
dev_hotel_analytics,fct_pacing_all_windows,v_chg_90_group_citywide,
dev_hotel_analytics,fct_pacing_all_windows,v_chg_90_group_corporate,
dev_hotel_analytics,fct_pacing_all_windows,v_chg_90_group_entertainment,
dev_hotel_analytics,fct_pacing_all_windows,v_chg_90_group_government,
dev_hotel_analytics,fct_pacing_all_windows,v_chg_90_group_smerf,
dev_hotel_analytics,fct_pacing_all_windows,v_chg_90_group_social,
dev_hotel_analytics,fct_pacing_all_windows,v_chg_90_group_tour,
dev_hotel_analytics,fct_pacing_all_windows,v_chg_90_group_wedding,
dev_hotel_analytics,fct_pacing_all_windows,v_chg_90_transient_consortia,
dev_hotel_analytics,fct_pacing_all_windows,v_chg_90_transient_government,
dev_hotel_analytics,fct_pacing_all_windows,v_chg_90_transient_negotiated,
dev_hotel_analytics,fct_pacing_all_windows,v_chg_90_transient_opaque,
dev_hotel_analytics,fct_pacing_all_windows,v_chg_90_transient_package,
dev_hotel_analytics,fct_pacing_all_windows,v_chg_90_transient_packages,
dev_hotel_analytics,fct_pacing_all_windows,v_chg_90_transient_promotion,
dev_hotel_analytics,fct_pacing_all_windows,v_chg_90_transient_qualified,
dev_hotel_analytics,fct_pacing_all_windows,v_chg_90_transient_retail,
dev_hotel_analytics,fct_pacing_all_windows,v_chg_90_transient_unqualified,
dev_hotel_analytics,snap_pace_property,wash_pct,
dev_hotel_analytics,vw_pace_property,wash_pct,The percentage of rooms that were washed (canceled or no-show).
dev_hotel_analytics,vw_pace_property_current,wash_pct,The percentage of bookings that are expected to cancel or no-show.
dev_hotel_analytics,snap_pace_property,wash_pct_ly_actual,
dev_hotel_analytics,vw_pace_property,wash_pct_ly_actual,The actual percentage of rooms that were washed in the previous year.
dev_hotel_analytics,vw_pace_property_current,wash_pct_ly_actual,The actual percentage of bookings that cancelled or no-showed on the same stay date in the previous year.
dev_hotel_costar,DayStar,week_no,The week number corresponding to a start date in a dataset when viewing aggregated data grouped by week.
dev_hotel_costar,DayStar,week_no_py,The week number corresponding to a start date in a dataset when viewing aggregated data grouped by week.
dev_hotel_costar,MonthlyStar,weekday,Weekday
dev_hotel_costar,DayStar,weekday,Weekday
dev_hotel_costar,DayStar,weekday_py,Weekday
dev_hotel_forecast,fact_daily_weights,weight_type,
dev_hotel_forecast,fact_daily_weights,weight_value,
